2026-09-01T16:56:37.370+05:00  INFO 7520 --- [restartedMain] c.c.n.NihaoBackendApplication            : Starting NihaoBackendApplication using Java 21.0.2 with PID 7520 (C:\Users\Baloch\Desktop\Nihao backend\target\classes started by Baloch in C:\Users\Baloch\Desktop\Nihao backend)
2026-09-01T16:56:37.376+05:00 DEBUG 7520 --- [restartedMain] c.c.n.NihaoBackendApplication            : Running with Spring Boot v3.1.5, Spring v6.0.13
2026-09-01T16:56:37.377+05:00  INFO 7520 --- [restartedMain] c.c.n.NihaoBackendApplication            : No active profile set, falling back to 1 default profile: "default"
2026-09-01T16:56:37.438+05:00  INFO 7520 --- [restartedMain] .e.DevToolsPropertyDefaultsPostProcessor : Devtools property defaults active! Set 'spring.devtools.add-properties' to 'false' to disable
2026-09-01T16:56:37.438+05:00  INFO 7520 --- [restartedMain] .e.DevToolsPropertyDefaultsPostProcessor : For additional web related logging consider setting the 'logging.level.web' property to 'DEBUG'
2026-09-01T16:56:39.877+05:00  INFO 7520 --- [restartedMain] .s.d.r.c.RepositoryConfigurationDelegate : Bootstrapping Spring Data JPA repositories in DEFAULT mode.
2026-09-01T16:56:39.968+05:00  INFO 7520 --- [restartedMain] .s.d.r.c.RepositoryConfigurationDelegate : Finished Spring Data repository scanning in 85 ms. Found 10 JPA repository interfaces.
2026-09-01T16:56:40.699+05:00  INFO 7520 --- [restartedMain] o.s.b.w.embedded.tomcat.TomcatWebServer  : Tomcat initialized with port(s): 8089 (http)
2026-09-01T16:56:40.709+05:00  INFO 7520 --- [restartedMain] o.apache.catalina.core.StandardService   : Starting service [Tomcat]
2026-09-01T16:56:40.710+05:00  INFO 7520 --- [restartedMain] o.apache.catalina.core.StandardEngine    : Starting Servlet engine: [Apache Tomcat/10.1.15]
2026-09-01T16:56:40.910+05:00  INFO 7520 --- [restartedMain] o.a.c.c.C.[Tomcat].[localhost].[/api]    : Initializing Spring embedded WebApplicationContext
2026-09-01T16:56:40.910+05:00  INFO 7520 --- [restartedMain] w.s.c.ServletWebServerApplicationContext : Root WebApplicationContext: initialization completed in 3471 ms
2026-09-01T16:56:41.078+05:00 DEBUG 7520 --- [restartedMain] com.zaxxer.hikari.HikariConfig           : Driver class com.mysql.cj.jdbc.Driver found in Thread context class loader TomcatEmbeddedWebappClassLoader
  context: api
  delegate: true
----------> Parent Classloader:
org.springframework.boot.devtools.restart.classloader.RestartClassLoader@3d587ad2

2026-09-01T16:56:41.171+05:00  INFO 7520 --- [restartedMain] o.f.c.internal.license.VersionPrinter    : Flyway Community Edition 9.16.3 by Redgate
2026-09-01T16:56:41.172+05:00  INFO 7520 --- [restartedMain] o.f.c.internal.license.VersionPrinter    : See release notes here: https://rd.gt/416ObMi
2026-09-01T16:56:41.172+05:00  INFO 7520 --- [restartedMain] o.f.c.internal.license.VersionPrinter    : 
2026-09-01T16:56:41.186+05:00 DEBUG 7520 --- [restartedMain] com.zaxxer.hikari.HikariConfig           : HikariPool-1 - configuration:
2026-09-01T16:56:41.189+05:00 DEBUG 7520 --- [restartedMain] com.zaxxer.hikari.HikariConfig           : allowPoolSuspension.............false
2026-09-01T16:56:41.190+05:00 DEBUG 7520 --- [restartedMain] com.zaxxer.hikari.HikariConfig           : autoCommit......................true
2026-09-01T16:56:41.190+05:00 DEBUG 7520 --- [restartedMain] com.zaxxer.hikari.HikariConfig           : catalog.........................none
2026-09-01T16:56:41.190+05:00 DEBUG 7520 --- [restartedMain] com.zaxxer.hikari.HikariConfig           : connectionInitSql...............none
2026-09-01T16:56:41.190+05:00 DEBUG 7520 --- [restartedMain] com.zaxxer.hikari.HikariConfig           : connectionTestQuery.............none
2026-09-01T16:56:41.191+05:00 DEBUG 7520 --- [restartedMain] com.zaxxer.hikari.HikariConfig           : connectionTimeout...............30000
2026-09-01T16:56:41.191+05:00 DEBUG 7520 --- [restartedMain] com.zaxxer.hikari.HikariConfig           : dataSource......................none
2026-09-01T16:56:41.191+05:00 DEBUG 7520 --- [restartedMain] com.zaxxer.hikari.HikariConfig           : dataSourceClassName.............none
2026-09-01T16:56:41.191+05:00 DEBUG 7520 --- [restartedMain] com.zaxxer.hikari.HikariConfig           : dataSourceJNDI..................none
2026-09-01T16:56:41.191+05:00 DEBUG 7520 --- [restartedMain] com.zaxxer.hikari.HikariConfig           : dataSourceProperties............{password=<masked>}
2026-09-01T16:56:41.192+05:00 DEBUG 7520 --- [restartedMain] com.zaxxer.hikari.HikariConfig           : driverClassName................."com.mysql.cj.jdbc.Driver"
2026-09-01T16:56:41.192+05:00 DEBUG 7520 --- [restartedMain] com.zaxxer.hikari.HikariConfig           : exceptionOverrideClassName......none
2026-09-01T16:56:41.192+05:00 DEBUG 7520 --- [restartedMain] com.zaxxer.hikari.HikariConfig           : healthCheckProperties...........{}
2026-09-01T16:56:41.192+05:00 DEBUG 7520 --- [restartedMain] com.zaxxer.hikari.HikariConfig           : healthCheckRegistry.............none
2026-09-01T16:56:41.192+05:00 DEBUG 7520 --- [restartedMain] com.zaxxer.hikari.HikariConfig           : idleTimeout.....................600000
2026-09-01T16:56:41.192+05:00 DEBUG 7520 --- [restartedMain] com.zaxxer.hikari.HikariConfig           : initializationFailTimeout.......1
2026-09-01T16:56:41.192+05:00 DEBUG 7520 --- [restartedMain] com.zaxxer.hikari.HikariConfig           : isolateInternalQueries..........false
2026-09-01T16:56:41.192+05:00 DEBUG 7520 --- [restartedMain] com.zaxxer.hikari.HikariConfig           : jdbcUrl.........................jdbc:mysql://localhost:3306/nihao_urdu?useSSL=false&allowPublicKeyRetrieval=true&serverTimezone=UTC
2026-09-01T16:56:41.192+05:00 DEBUG 7520 --- [restartedMain] com.zaxxer.hikari.HikariConfig           : keepaliveTime...................0
2026-09-01T16:56:41.193+05:00 DEBUG 7520 --- [restartedMain] com.zaxxer.hikari.HikariConfig           : leakDetectionThreshold..........0
2026-09-01T16:56:41.193+05:00 DEBUG 7520 --- [restartedMain] com.zaxxer.hikari.HikariConfig           : maxLifetime.....................1800000
2026-09-01T16:56:41.194+05:00 DEBUG 7520 --- [restartedMain] com.zaxxer.hikari.HikariConfig           : maximumPoolSize.................10
2026-09-01T16:56:41.194+05:00 DEBUG 7520 --- [restartedMain] com.zaxxer.hikari.HikariConfig           : metricRegistry..................none
2026-09-01T16:56:41.194+05:00 DEBUG 7520 --- [restartedMain] com.zaxxer.hikari.HikariConfig           : metricsTrackerFactory...........none
2026-09-01T16:56:41.194+05:00 DEBUG 7520 --- [restartedMain] com.zaxxer.hikari.HikariConfig           : minimumIdle.....................10
2026-09-01T16:56:41.195+05:00 DEBUG 7520 --- [restartedMain] com.zaxxer.hikari.HikariConfig           : password........................<masked>
2026-09-01T16:56:41.195+05:00 DEBUG 7520 --- [restartedMain] com.zaxxer.hikari.HikariConfig           : poolName........................"HikariPool-1"
2026-09-01T16:56:41.195+05:00 DEBUG 7520 --- [restartedMain] com.zaxxer.hikari.HikariConfig           : readOnly........................false
2026-09-01T16:56:41.195+05:00 DEBUG 7520 --- [restartedMain] com.zaxxer.hikari.HikariConfig           : registerMbeans..................false
2026-09-01T16:56:41.195+05:00 DEBUG 7520 --- [restartedMain] com.zaxxer.hikari.HikariConfig           : scheduledExecutor...............none
2026-09-01T16:56:41.195+05:00 DEBUG 7520 --- [restartedMain] com.zaxxer.hikari.HikariConfig           : schema..........................none
2026-09-01T16:56:41.195+05:00 DEBUG 7520 --- [restartedMain] com.zaxxer.hikari.HikariConfig           : threadFactory...................internal
2026-09-01T16:56:41.195+05:00 DEBUG 7520 --- [restartedMain] com.zaxxer.hikari.HikariConfig           : transactionIsolation............default
2026-09-01T16:56:41.196+05:00 DEBUG 7520 --- [restartedMain] com.zaxxer.hikari.HikariConfig           : username........................"root"
2026-09-01T16:56:41.196+05:00 DEBUG 7520 --- [restartedMain] com.zaxxer.hikari.HikariConfig           : validationTimeout...............5000
2026-09-01T16:56:41.196+05:00  INFO 7520 --- [restartedMain] com.zaxxer.hikari.HikariDataSource       : HikariPool-1 - Starting...
2026-09-01T16:56:41.542+05:00  INFO 7520 --- [restartedMain] com.zaxxer.hikari.pool.HikariPool        : HikariPool-1 - Added connection com.mysql.cj.jdbc.ConnectionImpl@2a3785a
2026-09-01T16:56:41.544+05:00  INFO 7520 --- [restartedMain] com.zaxxer.hikari.HikariDataSource       : HikariPool-1 - Start completed.
2026-09-01T16:56:41.579+05:00  INFO 7520 --- [restartedMain] o.f.c.i.database.base.BaseDatabaseType   : Database: jdbc:mysql://localhost:3306/nihao_urdu (MySQL 8.0)
2026-09-01T16:56:41.646+05:00 DEBUG 7520 --- [HikariPool-1 housekeeper] com.zaxxer.hikari.pool.HikariPool        : HikariPool-1 - Pool stats (total=1, active=1, idle=0, waiting=0)
2026-09-01T16:56:41.652+05:00 DEBUG 7520 --- [HikariPool-1 connection adder] com.zaxxer.hikari.pool.HikariPool        : HikariPool-1 - Added connection com.mysql.cj.jdbc.ConnectionImpl@4816f372
2026-09-01T16:56:41.681+05:00 DEBUG 7520 --- [HikariPool-1 connection adder] com.zaxxer.hikari.pool.HikariPool        : HikariPool-1 - Added connection com.mysql.cj.jdbc.ConnectionImpl@471a5261
2026-09-01T16:56:41.698+05:00 DEBUG 7520 --- [HikariPool-1 connection adder] com.zaxxer.hikari.pool.HikariPool        : HikariPool-1 - Added connection com.mysql.cj.jdbc.ConnectionImpl@3fb34108
2026-09-01T16:56:41.729+05:00 DEBUG 7520 --- [HikariPool-1 connection adder] com.zaxxer.hikari.pool.HikariPool        : HikariPool-1 - Added connection com.mysql.cj.jdbc.ConnectionImpl@7c18c81d
2026-09-01T16:56:41.732+05:00  INFO 7520 --- [restartedMain] o.f.core.internal.command.DbValidate     : Successfully validated 5 migrations (execution time 00:00.087s)
2026-09-01T16:56:41.745+05:00 DEBUG 7520 --- [HikariPool-1 connection adder] com.zaxxer.hikari.pool.HikariPool        : HikariPool-1 - Added connection com.mysql.cj.jdbc.ConnectionImpl@24b78d0d
2026-09-01T16:56:41.748+05:00  INFO 7520 --- [restartedMain] o.f.core.internal.command.DbMigrate      : Current version of schema `nihao_urdu`: 4
2026-09-01T16:56:41.749+05:00  INFO 7520 --- [restartedMain] o.f.core.internal.command.DbMigrate      : Schema `nihao_urdu` is up to date. No migration necessary.
2026-09-01T16:56:41.760+05:00 DEBUG 7520 --- [HikariPool-1 connection adder] com.zaxxer.hikari.pool.HikariPool        : HikariPool-1 - Added connection com.mysql.cj.jdbc.ConnectionImpl@57a8ee3f
2026-09-01T16:56:41.777+05:00 DEBUG 7520 --- [HikariPool-1 connection adder] com.zaxxer.hikari.pool.HikariPool        : HikariPool-1 - Added connection com.mysql.cj.jdbc.ConnectionImpl@7b7f2c2
2026-09-01T16:56:41.807+05:00 DEBUG 7520 --- [HikariPool-1 connection adder] com.zaxxer.hikari.pool.HikariPool        : HikariPool-1 - Added connection com.mysql.cj.jdbc.ConnectionImpl@2e506eb6
2026-09-01T16:56:41.824+05:00 DEBUG 7520 --- [HikariPool-1 connection adder] com.zaxxer.hikari.pool.HikariPool        : HikariPool-1 - Added connection com.mysql.cj.jdbc.ConnectionImpl@f7e7b8f
2026-09-01T16:56:41.849+05:00 DEBUG 7520 --- [HikariPool-1 connection adder] com.zaxxer.hikari.pool.HikariPool        : HikariPool-1 - After adding stats (total=10, active=0, idle=10, waiting=0)
2026-09-01T16:56:41.872+05:00  INFO 7520 --- [restartedMain] o.hibernate.jpa.internal.util.LogHelper  : HHH000204: Processing PersistenceUnitInfo [name: default]
2026-09-01T16:56:41.962+05:00  INFO 7520 --- [restartedMain] org.hibernate.Version                    : HHH000412: Hibernate ORM core version 6.2.13.Final
2026-09-01T16:56:41.964+05:00  INFO 7520 --- [restartedMain] org.hibernate.cfg.Environment            : HHH000406: Using bytecode reflection optimizer
2026-09-01T16:56:42.323+05:00  INFO 7520 --- [restartedMain] o.s.o.j.p.SpringPersistenceUnitInfo      : No LoadTimeWeaver setup: ignoring JPA class transformer
2026-09-01T16:56:42.385+05:00  WARN 7520 --- [restartedMain] org.hibernate.orm.deprecation            : HHH90000025: MySQL8Dialect does not need to be specified explicitly using 'hibernate.dialect' (remove the property setting and it will be selected by default)
2026-09-01T16:56:42.387+05:00  WARN 7520 --- [restartedMain] org.hibernate.orm.deprecation            : HHH90000026: MySQL8Dialect has been deprecated; use org.hibernate.dialect.MySQLDialect instead
2026-09-01T16:56:44.097+05:00  INFO 7520 --- [restartedMain] o.h.e.t.j.p.i.JtaPlatformInitiator       : HHH000489: No JTA platform available (set 'hibernate.transaction.jta.platform' to enable JTA platform integration)
2026-09-01T16:56:44.101+05:00  INFO 7520 --- [restartedMain] j.LocalContainerEntityManagerFactoryBean : Initialized JPA EntityManagerFactory for persistence unit 'default'
2026-09-01T16:56:44.425+05:00  INFO 7520 --- [restartedMain] o.s.d.j.r.query.QueryEnhancerFactory     : Hibernate is in classpath; If applicable, HQL parser will be used.
2026-09-01T16:56:44.979+05:00 DEBUG 7520 --- [restartedMain] c.c.n.config.JwtAuthenticationFilter     : Filter 'jwtAuthenticationFilter' configured for use
2026-09-01T16:56:44.979+05:00 DEBUG 7520 --- [restartedMain] c.c.nihaobackend.config.CorsConfig       : Filter 'corsConfig' configured for use
2026-09-01T16:56:45.809+05:00 DEBUG 7520 --- [restartedMain] s.w.s.m.m.a.RequestMappingHandlerMapping : 60 mappings in 'requestMappingHandlerMapping'
2026-09-01T16:56:45.852+05:00 DEBUG 7520 --- [restartedMain] o.s.w.s.handler.SimpleUrlHandlerMapping  : Patterns [/webjars/**, /static, /swagger-ui*/*swagger-initializer.js, /swagger-ui*/**] in 'resourceHandlerMapping'
2026-09-01T16:56:45.896+05:00  INFO 7520 --- [restartedMain] o.s.s.web.DefaultSecurityFilterChain     : Will secure any request with [org.springframework.security.web.session.DisableEncodeUrlFilter@9b1edd3, org.springframework.security.web.context.request.async.WebAsyncManagerIntegrationFilter@86dbf11, org.springframework.security.web.context.SecurityContextHolderFilter@7d17bd83, org.springframework.security.web.header.HeaderWriterFilter@53d68aa9, org.springframework.security.web.authentication.logout.LogoutFilter@2f052ad0, com.codeneticx.nihaobackend.config.JwtAuthenticationFilter@1ec502c6, org.springframework.security.web.savedrequest.RequestCacheAwareFilter@5a2b6615, org.springframework.security.web.servletapi.SecurityContextHolderAwareRequestFilter@37760221, org.springframework.security.web.authentication.AnonymousAuthenticationFilter@413feb3a, org.springframework.security.web.session.SessionManagementFilter@67af0c01, org.springframework.security.web.access.ExceptionTranslationFilter@33426cdc, org.springframework.security.web.access.intercept.AuthorizationFilter@77aece6a]
2026-09-01T16:56:46.097+05:00 DEBUG 7520 --- [restartedMain] s.w.s.m.m.a.RequestMappingHandlerAdapter : ControllerAdvice beans: 0 @ModelAttribute, 0 @InitBinder, 1 RequestBodyAdvice, 1 ResponseBodyAdvice
2026-09-01T16:56:46.193+05:00 DEBUG 7520 --- [restartedMain] .m.m.a.ExceptionHandlerExceptionResolver : ControllerAdvice beans: 2 @ExceptionHandler, 1 ResponseBodyAdvice
2026-09-01T16:56:46.594+05:00  INFO 7520 --- [restartedMain] o.s.b.d.a.OptionalLiveReloadServer       : LiveReload server is running on port 35729
2026-09-01T16:56:46.644+05:00  INFO 7520 --- [restartedMain] o.s.b.w.embedded.tomcat.TomcatWebServer  : Tomcat started on port(s): 8089 (http) with context path '/api'
2026-09-01T16:56:46.663+05:00  INFO 7520 --- [restartedMain] c.c.n.NihaoBackendApplication            : Started NihaoBackendApplication in 9.888 seconds (process running for 11.859)
2026-09-01T16:56:46.758+05:00  INFO 7520 --- [http-nio-8089-exec-1] o.a.c.c.C.[Tomcat].[localhost].[/api]    : Initializing Spring DispatcherServlet 'dispatcherServlet'
2026-09-01T16:56:46.758+05:00  INFO 7520 --- [http-nio-8089-exec-1] o.s.web.servlet.DispatcherServlet        : Initializing Servlet 'dispatcherServlet'
2026-09-01T16:56:46.760+05:00 DEBUG 7520 --- [http-nio-8089-exec-1] o.s.web.servlet.DispatcherServlet        : Detected StandardServletMultipartResolver
2026-09-01T16:56:46.760+05:00 DEBUG 7520 --- [http-nio-8089-exec-1] o.s.web.servlet.DispatcherServlet        : Detected AcceptHeaderLocaleResolver
2026-09-01T16:56:46.760+05:00 DEBUG 7520 --- [http-nio-8089-exec-1] o.s.web.servlet.DispatcherServlet        : Detected FixedThemeResolver
2026-09-01T16:56:46.762+05:00 DEBUG 7520 --- [http-nio-8089-exec-1] o.s.web.servlet.DispatcherServlet        : Detected org.springframework.web.servlet.view.DefaultRequestToViewNameTranslator@6c012a68
2026-09-01T16:56:46.763+05:00 DEBUG 7520 --- [http-nio-8089-exec-1] o.s.web.servlet.DispatcherServlet        : Detected org.springframework.web.servlet.support.SessionFlashMapManager@941c07f
2026-09-01T16:56:46.764+05:00 DEBUG 7520 --- [http-nio-8089-exec-1] o.s.web.servlet.DispatcherServlet        : enableLoggingRequestDetails='false': request parameters and headers will be masked to prevent unsafe logging of potentially sensitive data
2026-09-01T16:56:46.764+05:00  INFO 7520 --- [http-nio-8089-exec-1] o.s.web.servlet.DispatcherServlet        : Completed initialization in 6 ms
2026-09-01T16:56:46.782+05:00 DEBUG 7520 --- [http-nio-8089-exec-1] o.s.security.web.FilterChainProxy        : Securing GET /v1/courses
2026-09-01T16:56:46.795+05:00 DEBUG 7520 --- [http-nio-8089-exec-1] o.s.s.w.a.AnonymousAuthenticationFilter  : Set SecurityContextHolder to anonymous SecurityContext
2026-09-01T16:56:46.821+05:00 DEBUG 7520 --- [http-nio-8089-exec-1] s.w.s.m.m.a.RequestMappingHandlerMapping : Mapped to com.codeneticx.nihaobackend.controller.V1Controller#getCourses()
2026-09-01T16:56:46.828+05:00 DEBUG 7520 --- [http-nio-8089-exec-1] s.w.s.m.m.a.RequestMappingHandlerMapping : Mapped to com.codeneticx.nihaobackend.controller.V1Controller#getCourses()
2026-09-01T16:56:46.829+05:00 DEBUG 7520 --- [http-nio-8089-exec-1] s.w.s.m.m.a.RequestMappingHandlerMapping : Mapped to com.codeneticx.nihaobackend.controller.V1Controller#getCourses()
2026-09-01T16:56:46.830+05:00 DEBUG 7520 --- [http-nio-8089-exec-1] s.w.s.m.m.a.RequestMappingHandlerMapping : Mapped to com.codeneticx.nihaobackend.controller.V1Controller#getCourses()
2026-09-01T16:56:46.831+05:00 DEBUG 7520 --- [http-nio-8089-exec-1] s.w.s.m.m.a.RequestMappingHandlerMapping : Mapped to com.codeneticx.nihaobackend.controller.V1Controller#getCourses()
2026-09-01T16:56:46.832+05:00 DEBUG 7520 --- [http-nio-8089-exec-1] s.w.s.m.m.a.RequestMappingHandlerMapping : Mapped to com.codeneticx.nihaobackend.controller.V1Controller#getCourses()
2026-09-01T16:56:46.835+05:00 DEBUG 7520 --- [http-nio-8089-exec-1] s.w.s.m.m.a.RequestMappingHandlerMapping : Mapped to com.codeneticx.nihaobackend.controller.V1Controller#getCourses()
2026-09-01T16:56:46.836+05:00 DEBUG 7520 --- [http-nio-8089-exec-1] s.w.s.m.m.a.RequestMappingHandlerMapping : Mapped to com.codeneticx.nihaobackend.controller.V1Controller#getCourses()
2026-09-01T16:56:46.838+05:00 DEBUG 7520 --- [http-nio-8089-exec-1] s.w.s.m.m.a.RequestMappingHandlerMapping : Mapped to com.codeneticx.nihaobackend.controller.V1Controller#getCourses()
2026-09-01T16:56:46.839+05:00 DEBUG 7520 --- [http-nio-8089-exec-1] s.w.s.m.m.a.RequestMappingHandlerMapping : Mapped to com.codeneticx.nihaobackend.controller.V1Controller#getCourses()
2026-09-01T16:56:46.840+05:00 DEBUG 7520 --- [http-nio-8089-exec-1] s.w.s.m.m.a.RequestMappingHandlerMapping : Mapped to com.codeneticx.nihaobackend.controller.V1Controller#getCourses()
2026-09-01T16:56:46.841+05:00 DEBUG 7520 --- [http-nio-8089-exec-1] o.s.s.w.a.Http403ForbiddenEntryPoint     : Pre-authenticated entry point called. Rejecting access
2026-09-01T16:56:46.854+05:00 DEBUG 7520 --- [http-nio-8089-exec-1] o.s.security.web.FilterChainProxy        : Securing GET /error
2026-09-01T16:56:46.875+05:00 DEBUG 7520 --- [http-nio-8089-exec-1] s.w.s.m.m.a.RequestMappingHandlerMapping : Mapped to org.springframework.boot.autoconfigure.web.servlet.error.BasicErrorController#error(HttpServletRequest)
2026-09-01T16:56:46.877+05:00 DEBUG 7520 --- [http-nio-8089-exec-1] s.w.s.m.m.a.RequestMappingHandlerMapping : Mapped to org.springframework.boot.autoconfigure.web.servlet.error.BasicErrorController#error(HttpServletRequest)
2026-09-01T16:56:46.878+05:00 DEBUG 7520 --- [http-nio-8089-exec-1] s.w.s.m.m.a.RequestMappingHandlerMapping : Mapped to org.springframework.boot.autoconfigure.web.servlet.error.BasicErrorController#error(HttpServletRequest)
2026-09-01T16:56:46.881+05:00 DEBUG 7520 --- [http-nio-8089-exec-1] s.w.s.m.m.a.RequestMappingHandlerMapping : Mapped to org.springframework.boot.autoconfigure.web.servlet.error.BasicErrorController#error(HttpServletRequest)
2026-09-01T16:56:46.887+05:00 DEBUG 7520 --- [http-nio-8089-exec-1] s.w.s.m.m.a.RequestMappingHandlerMapping : Mapped to org.springframework.boot.autoconfigure.web.servlet.error.BasicErrorController#error(HttpServletRequest)
2026-09-01T16:56:46.890+05:00 DEBUG 7520 --- [http-nio-8089-exec-1] s.w.s.m.m.a.RequestMappingHandlerMapping : Mapped to org.springframework.boot.autoconfigure.web.servlet.error.BasicErrorController#error(HttpServletRequest)
2026-09-01T16:56:46.893+05:00 DEBUG 7520 --- [http-nio-8089-exec-1] s.w.s.m.m.a.RequestMappingHandlerMapping : Mapped to org.springframework.boot.autoconfigure.web.servlet.error.BasicErrorController#error(HttpServletRequest)
2026-09-01T16:56:46.896+05:00 DEBUG 7520 --- [http-nio-8089-exec-1] s.w.s.m.m.a.RequestMappingHandlerMapping : Mapped to org.springframework.boot.autoconfigure.web.servlet.error.BasicErrorController#error(HttpServletRequest)
2026-09-01T16:56:46.898+05:00 DEBUG 7520 --- [http-nio-8089-exec-1] s.w.s.m.m.a.RequestMappingHandlerMapping : Mapped to org.springframework.boot.autoconfigure.web.servlet.error.BasicErrorController#error(HttpServletRequest)
2026-09-01T16:56:46.899+05:00 DEBUG 7520 --- [http-nio-8089-exec-1] s.w.s.m.m.a.RequestMappingHandlerMapping : Mapped to org.springframework.boot.autoconfigure.web.servlet.error.BasicErrorController#error(HttpServletRequest)
2026-09-01T16:56:46.902+05:00 DEBUG 7520 --- [http-nio-8089-exec-1] s.w.s.m.m.a.RequestMappingHandlerMapping : Mapped to org.springframework.boot.autoconfigure.web.servlet.error.BasicErrorController#error(HttpServletRequest)
2026-09-01T16:56:46.903+05:00 DEBUG 7520 --- [http-nio-8089-exec-1] o.s.s.w.a.AnonymousAuthenticationFilter  : Set SecurityContextHolder to anonymous SecurityContext
2026-09-01T16:56:46.904+05:00 DEBUG 7520 --- [http-nio-8089-exec-1] o.s.s.w.a.Http403ForbiddenEntryPoint     : Pre-authenticated entry point called. Rejecting access
2026-09-01T16:56:47.941+05:00 DEBUG 7520 --- [http-nio-8089-exec-2] o.s.security.web.FilterChainProxy        : Securing GET /v1/courses
2026-09-01T16:56:47.942+05:00 DEBUG 7520 --- [http-nio-8089-exec-2] o.s.s.w.a.AnonymousAuthenticationFilter  : Set SecurityContextHolder to anonymous SecurityContext
2026-09-01T16:56:47.943+05:00 DEBUG 7520 --- [http-nio-8089-exec-2] s.w.s.m.m.a.RequestMappingHandlerMapping : Mapped to com.codeneticx.nihaobackend.controller.V1Controller#getCourses()
2026-09-01T16:56:47.944+05:00 DEBUG 7520 --- [http-nio-8089-exec-2] s.w.s.m.m.a.RequestMappingHandlerMapping : Mapped to com.codeneticx.nihaobackend.controller.V1Controller#getCourses()
2026-09-01T16:56:47.944+05:00 DEBUG 7520 --- [http-nio-8089-exec-2] s.w.s.m.m.a.RequestMappingHandlerMapping : Mapped to com.codeneticx.nihaobackend.controller.V1Controller#getCourses()
2026-09-01T16:56:47.944+05:00 DEBUG 7520 --- [http-nio-8089-exec-2] s.w.s.m.m.a.RequestMappingHandlerMapping : Mapped to com.codeneticx.nihaobackend.controller.V1Controller#getCourses()
2026-09-01T16:56:47.945+05:00 DEBUG 7520 --- [http-nio-8089-exec-2] s.w.s.m.m.a.RequestMappingHandlerMapping : Mapped to com.codeneticx.nihaobackend.controller.V1Controller#getCourses()
2026-09-01T16:56:47.945+05:00 DEBUG 7520 --- [http-nio-8089-exec-2] s.w.s.m.m.a.RequestMappingHandlerMapping : Mapped to com.codeneticx.nihaobackend.controller.V1Controller#getCourses()
2026-09-01T16:56:47.947+05:00 DEBUG 7520 --- [http-nio-8089-exec-2] s.w.s.m.m.a.RequestMappingHandlerMapping : Mapped to com.codeneticx.nihaobackend.controller.V1Controller#getCourses()
2026-09-01T16:56:47.949+05:00 DEBUG 7520 --- [http-nio-8089-exec-2] s.w.s.m.m.a.RequestMappingHandlerMapping : Mapped to com.codeneticx.nihaobackend.controller.V1Controller#getCourses()
2026-09-01T16:56:47.951+05:00 DEBUG 7520 --- [http-nio-8089-exec-2] s.w.s.m.m.a.RequestMappingHandlerMapping : Mapped to com.codeneticx.nihaobackend.controller.V1Controller#getCourses()
2026-09-01T16:56:47.952+05:00 DEBUG 7520 --- [http-nio-8089-exec-2] s.w.s.m.m.a.RequestMappingHandlerMapping : Mapped to com.codeneticx.nihaobackend.controller.V1Controller#getCourses()
2026-09-01T16:56:47.953+05:00 DEBUG 7520 --- [http-nio-8089-exec-2] s.w.s.m.m.a.RequestMappingHandlerMapping : Mapped to com.codeneticx.nihaobackend.controller.V1Controller#getCourses()
2026-09-01T16:56:47.953+05:00 DEBUG 7520 --- [http-nio-8089-exec-2] o.s.s.w.a.Http403ForbiddenEntryPoint     : Pre-authenticated entry point called. Rejecting access
2026-09-01T16:56:47.954+05:00 DEBUG 7520 --- [http-nio-8089-exec-2] o.s.security.web.FilterChainProxy        : Securing GET /error
2026-09-01T16:56:47.955+05:00 DEBUG 7520 --- [http-nio-8089-exec-2] s.w.s.m.m.a.RequestMappingHandlerMapping : Mapped to org.springframework.boot.autoconfigure.web.servlet.error.BasicErrorController#error(HttpServletRequest)
2026-09-01T16:56:47.956+05:00 DEBUG 7520 --- [http-nio-8089-exec-2] s.w.s.m.m.a.RequestMappingHandlerMapping : Mapped to org.springframework.boot.autoconfigure.web.servlet.error.BasicErrorController#error(HttpServletRequest)
2026-09-01T16:56:47.956+05:00 DEBUG 7520 --- [http-nio-8089-exec-2] s.w.s.m.m.a.RequestMappingHandlerMapping : Mapped to org.springframework.boot.autoconfigure.web.servlet.error.BasicErrorController#error(HttpServletRequest)
2026-09-01T16:56:47.957+05:00 DEBUG 7520 --- [http-nio-8089-exec-2] s.w.s.m.m.a.RequestMappingHandlerMapping : Mapped to org.springframework.boot.autoconfigure.web.servlet.error.BasicErrorController#error(HttpServletRequest)
2026-09-01T16:56:47.957+05:00 DEBUG 7520 --- [http-nio-8089-exec-2] s.w.s.m.m.a.RequestMappingHandlerMapping : Mapped to org.springframework.boot.autoconfigure.web.servlet.error.BasicErrorController#error(HttpServletRequest)
2026-09-01T16:56:47.958+05:00 DEBUG 7520 --- [http-nio-8089-exec-2] s.w.s.m.m.a.RequestMappingHandlerMapping : Mapped to org.springframework.boot.autoconfigure.web.servlet.error.BasicErrorController#error(HttpServletRequest)
2026-09-01T16:56:47.958+05:00 DEBUG 7520 --- [http-nio-8089-exec-2] s.w.s.m.m.a.RequestMappingHandlerMapping : Mapped to org.springframework.boot.autoconfigure.web.servlet.error.BasicErrorController#error(HttpServletRequest)
2026-09-01T16:56:47.958+05:00 DEBUG 7520 --- [http-nio-8089-exec-2] s.w.s.m.m.a.RequestMappingHandlerMapping : Mapped to org.springframework.boot.autoconfigure.web.servlet.error.BasicErrorController#error(HttpServletRequest)
2026-09-01T16:56:47.958+05:00 DEBUG 7520 --- [http-nio-8089-exec-2] s.w.s.m.m.a.RequestMappingHandlerMapping : Mapped to org.springframework.boot.autoconfigure.web.servlet.error.BasicErrorController#error(HttpServletRequest)
2026-09-01T16:56:47.960+05:00 DEBUG 7520 --- [http-nio-8089-exec-2] s.w.s.m.m.a.RequestMappingHandlerMapping : Mapped to org.springframework.boot.autoconfigure.web.servlet.error.BasicErrorController#error(HttpServletRequest)
2026-09-01T16:56:47.960+05:00 DEBUG 7520 --- [http-nio-8089-exec-2] s.w.s.m.m.a.RequestMappingHandlerMapping : Mapped to org.springframework.boot.autoconfigure.web.servlet.error.BasicErrorController#error(HttpServletRequest)
2026-09-01T16:56:47.960+05:00 DEBUG 7520 --- [http-nio-8089-exec-2] o.s.s.w.a.AnonymousAuthenticationFilter  : Set SecurityContextHolder to anonymous SecurityContext
2026-09-01T16:56:47.961+05:00 DEBUG 7520 --- [http-nio-8089-exec-2] o.s.s.w.a.Http403ForbiddenEntryPoint     : Pre-authenticated entry point called. Rejecting access
2026-09-01T16:56:50.423+05:00 DEBUG 7520 --- [http-nio-8089-exec-3] o.s.security.web.FilterChainProxy        : Securing GET /v1/courses
2026-09-01T16:56:50.423+05:00 DEBUG 7520 --- [http-nio-8089-exec-3] o.s.s.w.a.AnonymousAuthenticationFilter  : Set SecurityContextHolder to anonymous SecurityContext
2026-09-01T16:56:50.424+05:00 DEBUG 7520 --- [http-nio-8089-exec-3] s.w.s.m.m.a.RequestMappingHandlerMapping : Mapped to com.codeneticx.nihaobackend.controller.V1Controller#getCourses()
2026-09-01T16:56:50.425+05:00 DEBUG 7520 --- [http-nio-8089-exec-3] s.w.s.m.m.a.RequestMappingHandlerMapping : Mapped to com.codeneticx.nihaobackend.controller.V1Controller#getCourses()
2026-09-01T16:56:50.426+05:00 DEBUG 7520 --- [http-nio-8089-exec-3] s.w.s.m.m.a.RequestMappingHandlerMapping : Mapped to com.codeneticx.nihaobackend.controller.V1Controller#getCourses()
2026-09-01T16:56:50.426+05:00 DEBUG 7520 --- [http-nio-8089-exec-3] s.w.s.m.m.a.RequestMappingHandlerMapping : Mapped to com.codeneticx.nihaobackend.controller.V1Controller#getCourses()
2026-09-01T16:56:50.426+05:00 DEBUG 7520 --- [http-nio-8089-exec-3] s.w.s.m.m.a.RequestMappingHandlerMapping : Mapped to com.codeneticx.nihaobackend.controller.V1Controller#getCourses()
2026-09-01T16:56:50.426+05:00 DEBUG 7520 --- [http-nio-8089-exec-3] s.w.s.m.m.a.RequestMappingHandlerMapping : Mapped to com.codeneticx.nihaobackend.controller.V1Controller#getCourses()
2026-09-01T16:56:50.427+05:00 DEBUG 7520 --- [http-nio-8089-exec-3] s.w.s.m.m.a.RequestMappingHandlerMapping : Mapped to com.codeneticx.nihaobackend.controller.V1Controller#getCourses()
2026-09-01T16:56:50.427+05:00 DEBUG 7520 --- [http-nio-8089-exec-3] s.w.s.m.m.a.RequestMappingHandlerMapping : Mapped to com.codeneticx.nihaobackend.controller.V1Controller#getCourses()
2026-09-01T16:56:50.427+05:00 DEBUG 7520 --- [http-nio-8089-exec-3] s.w.s.m.m.a.RequestMappingHandlerMapping : Mapped to com.codeneticx.nihaobackend.controller.V1Controller#getCourses()
2026-09-01T16:56:50.428+05:00 DEBUG 7520 --- [http-nio-8089-exec-3] s.w.s.m.m.a.RequestMappingHandlerMapping : Mapped to com.codeneticx.nihaobackend.controller.V1Controller#getCourses()
2026-09-01T16:56:50.428+05:00 DEBUG 7520 --- [http-nio-8089-exec-3] s.w.s.m.m.a.RequestMappingHandlerMapping : Mapped to com.codeneticx.nihaobackend.controller.V1Controller#getCourses()
2026-09-01T16:56:50.428+05:00 DEBUG 7520 --- [http-nio-8089-exec-3] o.s.s.w.a.Http403ForbiddenEntryPoint     : Pre-authenticated entry point called. Rejecting access
2026-09-01T16:56:50.429+05:00 DEBUG 7520 --- [http-nio-8089-exec-3] o.s.security.web.FilterChainProxy        : Securing GET /error
2026-09-01T16:56:50.429+05:00 DEBUG 7520 --- [http-nio-8089-exec-3] s.w.s.m.m.a.RequestMappingHandlerMapping : Mapped to org.springframework.boot.autoconfigure.web.servlet.error.BasicErrorController#error(HttpServletRequest)
2026-09-01T16:56:50.430+05:00 DEBUG 7520 --- [http-nio-8089-exec-3] s.w.s.m.m.a.RequestMappingHandlerMapping : Mapped to org.springframework.boot.autoconfigure.web.servlet.error.BasicErrorController#error(HttpServletRequest)
2026-09-01T16:56:50.430+05:00 DEBUG 7520 --- [http-nio-8089-exec-3] s.w.s.m.m.a.RequestMappingHandlerMapping : Mapped to org.springframework.boot.autoconfigure.web.servlet.error.BasicErrorController#error(HttpServletRequest)
2026-09-01T16:56:50.431+05:00 DEBUG 7520 --- [http-nio-8089-exec-3] s.w.s.m.m.a.RequestMappingHandlerMapping : Mapped to org.springframework.boot.autoconfigure.web.servlet.error.BasicErrorController#error(HttpServletRequest)
2026-09-01T16:56:50.432+05:00 DEBUG 7520 --- [http-nio-8089-exec-3] s.w.s.m.m.a.RequestMappingHandlerMapping : Mapped to org.springframework.boot.autoconfigure.web.servlet.error.BasicErrorController#error(HttpServletRequest)
2026-09-01T16:56:50.434+05:00 DEBUG 7520 --- [http-nio-8089-exec-3] s.w.s.m.m.a.RequestMappingHandlerMapping : Mapped to org.springframework.boot.autoconfigure.web.servlet.error.BasicErrorController#error(HttpServletRequest)
2026-09-01T16:56:50.435+05:00 DEBUG 7520 --- [http-nio-8089-exec-3] s.w.s.m.m.a.RequestMappingHandlerMapping : Mapped to org.springframework.boot.autoconfigure.web.servlet.error.BasicErrorController#error(HttpServletRequest)
2026-09-01T16:56:50.436+05:00 DEBUG 7520 --- [http-nio-8089-exec-3] s.w.s.m.m.a.RequestMappingHandlerMapping : Mapped to org.springframework.boot.autoconfigure.web.servlet.error.BasicErrorController#error(HttpServletRequest)
2026-09-01T16:56:50.437+05:00 DEBUG 7520 --- [http-nio-8089-exec-3] s.w.s.m.m.a.RequestMappingHandlerMapping : Mapped to org.springframework.boot.autoconfigure.web.servlet.error.BasicErrorController#error(HttpServletRequest)
2026-09-01T16:56:50.438+05:00 DEBUG 7520 --- [http-nio-8089-exec-3] s.w.s.m.m.a.RequestMappingHandlerMapping : Mapped to org.springframework.boot.autoconfigure.web.servlet.error.BasicErrorController#error(HttpServletRequest)
2026-09-01T16:56:50.438+05:00 DEBUG 7520 --- [http-nio-8089-exec-3] s.w.s.m.m.a.RequestMappingHandlerMapping : Mapped to org.springframework.boot.autoconfigure.web.servlet.error.BasicErrorController#error(HttpServletRequest)
2026-09-01T16:56:50.439+05:00 DEBUG 7520 --- [http-nio-8089-exec-3] o.s.s.w.a.AnonymousAuthenticationFilter  : Set SecurityContextHolder to anonymous SecurityContext
2026-09-01T16:56:50.440+05:00 DEBUG 7520 --- [http-nio-8089-exec-3] o.s.s.w.a.Http403ForbiddenEntryPoint     : Pre-authenticated entry point called. Rejecting access
2026-09-01T16:57:09.525+05:00 DEBUG 7520 --- [http-nio-8089-exec-4] o.s.security.web.FilterChainProxy        : Securing GET /v1/courses
2026-09-01T16:57:09.526+05:00 DEBUG 7520 --- [http-nio-8089-exec-4] o.s.s.w.a.AnonymousAuthenticationFilter  : Set SecurityContextHolder to anonymous SecurityContext
2026-09-01T16:57:09.526+05:00 DEBUG 7520 --- [http-nio-8089-exec-4] s.w.s.m.m.a.RequestMappingHandlerMapping : Mapped to com.codeneticx.nihaobackend.controller.V1Controller#getCourses()
2026-09-01T16:57:09.526+05:00 DEBUG 7520 --- [http-nio-8089-exec-4] s.w.s.m.m.a.RequestMappingHandlerMapping : Mapped to com.codeneticx.nihaobackend.controller.V1Controller#getCourses()
2026-09-01T16:57:09.527+05:00 DEBUG 7520 --- [http-nio-8089-exec-4] s.w.s.m.m.a.RequestMappingHandlerMapping : Mapped to com.codeneticx.nihaobackend.controller.V1Controller#getCourses()
2026-09-01T16:57:09.527+05:00 DEBUG 7520 --- [http-nio-8089-exec-4] s.w.s.m.m.a.RequestMappingHandlerMapping : Mapped to com.codeneticx.nihaobackend.controller.V1Controller#getCourses()
2026-09-01T16:57:09.527+05:00 DEBUG 7520 --- [http-nio-8089-exec-4] s.w.s.m.m.a.RequestMappingHandlerMapping : Mapped to com.codeneticx.nihaobackend.controller.V1Controller#getCourses()
2026-09-01T16:57:09.528+05:00 DEBUG 7520 --- [http-nio-8089-exec-4] s.w.s.m.m.a.RequestMappingHandlerMapping : Mapped to com.codeneticx.nihaobackend.controller.V1Controller#getCourses()
2026-09-01T16:57:09.528+05:00 DEBUG 7520 --- [http-nio-8089-exec-4] s.w.s.m.m.a.RequestMappingHandlerMapping : Mapped to com.codeneticx.nihaobackend.controller.V1Controller#getCourses()
2026-09-01T16:57:09.531+05:00 DEBUG 7520 --- [http-nio-8089-exec-4] s.w.s.m.m.a.RequestMappingHandlerMapping : Mapped to com.codeneticx.nihaobackend.controller.V1Controller#getCourses()
2026-09-01T16:57:09.532+05:00 DEBUG 7520 --- [http-nio-8089-exec-4] s.w.s.m.m.a.RequestMappingHandlerMapping : Mapped to com.codeneticx.nihaobackend.controller.V1Controller#getCourses()
2026-09-01T16:57:09.534+05:00 DEBUG 7520 --- [http-nio-8089-exec-4] s.w.s.m.m.a.RequestMappingHandlerMapping : Mapped to com.codeneticx.nihaobackend.controller.V1Controller#getCourses()
2026-09-01T16:57:09.535+05:00 DEBUG 7520 --- [http-nio-8089-exec-4] s.w.s.m.m.a.RequestMappingHandlerMapping : Mapped to com.codeneticx.nihaobackend.controller.V1Controller#getCourses()
2026-09-01T16:57:09.536+05:00 DEBUG 7520 --- [http-nio-8089-exec-4] o.s.s.w.a.Http403ForbiddenEntryPoint     : Pre-authenticated entry point called. Rejecting access
2026-09-01T16:57:09.537+05:00 DEBUG 7520 --- [http-nio-8089-exec-4] o.s.security.web.FilterChainProxy        : Securing GET /error
2026-09-01T16:57:09.538+05:00 DEBUG 7520 --- [http-nio-8089-exec-4] s.w.s.m.m.a.RequestMappingHandlerMapping : Mapped to org.springframework.boot.autoconfigure.web.servlet.error.BasicErrorController#error(HttpServletRequest)
2026-09-01T16:57:09.539+05:00 DEBUG 7520 --- [http-nio-8089-exec-4] s.w.s.m.m.a.RequestMappingHandlerMapping : Mapped to org.springframework.boot.autoconfigure.web.servlet.error.BasicErrorController#error(HttpServletRequest)
2026-09-01T16:57:09.541+05:00 DEBUG 7520 --- [http-nio-8089-exec-4] s.w.s.m.m.a.RequestMappingHandlerMapping : Mapped to org.springframework.boot.autoconfigure.web.servlet.error.BasicErrorController#error(HttpServletRequest)
2026-09-01T16:57:09.541+05:00 DEBUG 7520 --- [http-nio-8089-exec-4] s.w.s.m.m.a.RequestMappingHandlerMapping : Mapped to org.springframework.boot.autoconfigure.web.servlet.error.BasicErrorController#error(HttpServletRequest)
2026-09-01T16:57:09.542+05:00 DEBUG 7520 --- [http-nio-8089-exec-4] s.w.s.m.m.a.RequestMappingHandlerMapping : Mapped to org.springframework.boot.autoconfigure.web.servlet.error.BasicErrorController#error(HttpServletRequest)
2026-09-01T16:57:09.543+05:00 DEBUG 7520 --- [http-nio-8089-exec-4] s.w.s.m.m.a.RequestMappingHandlerMapping : Mapped to org.springframework.boot.autoconfigure.web.servlet.error.BasicErrorController#error(HttpServletRequest)
2026-09-01T16:57:09.544+05:00 DEBUG 7520 --- [http-nio-8089-exec-4] s.w.s.m.m.a.RequestMappingHandlerMapping : Mapped to org.springframework.boot.autoconfigure.web.servlet.error.BasicErrorController#error(HttpServletRequest)
2026-09-01T16:57:09.544+05:00 DEBUG 7520 --- [http-nio-8089-exec-4] s.w.s.m.m.a.RequestMappingHandlerMapping : Mapped to org.springframework.boot.autoconfigure.web.servlet.error.BasicErrorController#error(HttpServletRequest)
2026-09-01T16:57:09.545+05:00 DEBUG 7520 --- [http-nio-8089-exec-4] s.w.s.m.m.a.RequestMappingHandlerMapping : Mapped to org.springframework.boot.autoconfigure.web.servlet.error.BasicErrorController#error(HttpServletRequest)
2026-09-01T16:57:09.547+05:00 DEBUG 7520 --- [http-nio-8089-exec-4] s.w.s.m.m.a.RequestMappingHandlerMapping : Mapped to org.springframework.boot.autoconfigure.web.servlet.error.BasicErrorController#error(HttpServletRequest)
2026-09-01T16:57:09.549+05:00 DEBUG 7520 --- [http-nio-8089-exec-4] s.w.s.m.m.a.RequestMappingHandlerMapping : Mapped to org.springframework.boot.autoconfigure.web.servlet.error.BasicErrorController#error(HttpServletRequest)
2026-09-01T16:57:09.550+05:00 DEBUG 7520 --- [http-nio-8089-exec-4] o.s.s.w.a.AnonymousAuthenticationFilter  : Set SecurityContextHolder to anonymous SecurityContext
2026-09-01T16:57:09.550+05:00 DEBUG 7520 --- [http-nio-8089-exec-4] o.s.s.w.a.Http403ForbiddenEntryPoint     : Pre-authenticated entry point called. Rejecting access
2026-09-01T16:57:09.588+05:00 DEBUG 7520 --- [http-nio-8089-exec-5] o.s.security.web.FilterChainProxy        : Securing GET /v1/api/vocabulary
2026-09-01T16:57:09.588+05:00 DEBUG 7520 --- [http-nio-8089-exec-5] o.s.s.w.a.AnonymousAuthenticationFilter  : Set SecurityContextHolder to anonymous SecurityContext
2026-09-01T16:57:09.589+05:00 DEBUG 7520 --- [http-nio-8089-exec-5] s.w.s.m.m.a.RequestMappingHandlerMapping : Mapped to com.codeneticx.nihaobackend.controller.V1ApiController#getVocabulary(Integer, String)
2026-09-01T16:57:09.589+05:00 DEBUG 7520 --- [http-nio-8089-exec-5] s.w.s.m.m.a.RequestMappingHandlerMapping : Mapped to com.codeneticx.nihaobackend.controller.V1ApiController#getVocabulary(Integer, String)
2026-09-01T16:57:09.589+05:00 DEBUG 7520 --- [http-nio-8089-exec-5] s.w.s.m.m.a.RequestMappingHandlerMapping : Mapped to com.codeneticx.nihaobackend.controller.V1ApiController#getVocabulary(Integer, String)
2026-09-01T16:57:09.590+05:00 DEBUG 7520 --- [http-nio-8089-exec-5] s.w.s.m.m.a.RequestMappingHandlerMapping : Mapped to com.codeneticx.nihaobackend.controller.V1ApiController#getVocabulary(Integer, String)
2026-09-01T16:57:09.592+05:00 DEBUG 7520 --- [http-nio-8089-exec-5] s.w.s.m.m.a.RequestMappingHandlerMapping : Mapped to com.codeneticx.nihaobackend.controller.V1ApiController#getVocabulary(Integer, String)
2026-09-01T16:57:09.592+05:00 DEBUG 7520 --- [http-nio-8089-exec-5] s.w.s.m.m.a.RequestMappingHandlerMapping : Mapped to com.codeneticx.nihaobackend.controller.V1ApiController#getVocabulary(Integer, String)
2026-09-01T16:57:09.592+05:00 DEBUG 7520 --- [http-nio-8089-exec-5] s.w.s.m.m.a.RequestMappingHandlerMapping : Mapped to com.codeneticx.nihaobackend.controller.V1ApiController#getVocabulary(Integer, String)
2026-09-01T16:57:09.592+05:00 DEBUG 7520 --- [http-nio-8089-exec-5] s.w.s.m.m.a.RequestMappingHandlerMapping : Mapped to com.codeneticx.nihaobackend.controller.V1ApiController#getVocabulary(Integer, String)
2026-09-01T16:57:09.592+05:00 DEBUG 7520 --- [http-nio-8089-exec-5] s.w.s.m.m.a.RequestMappingHandlerMapping : Mapped to com.codeneticx.nihaobackend.controller.V1ApiController#getVocabulary(Integer, String)
2026-09-01T16:57:09.592+05:00 DEBUG 7520 --- [http-nio-8089-exec-5] s.w.s.m.m.a.RequestMappingHandlerMapping : Mapped to com.codeneticx.nihaobackend.controller.V1ApiController#getVocabulary(Integer, String)
2026-09-01T16:57:09.593+05:00 DEBUG 7520 --- [http-nio-8089-exec-5] s.w.s.m.m.a.RequestMappingHandlerMapping : Mapped to com.codeneticx.nihaobackend.controller.V1ApiController#getVocabulary(Integer, String)
2026-09-01T16:57:09.593+05:00 DEBUG 7520 --- [http-nio-8089-exec-5] o.s.s.w.a.Http403ForbiddenEntryPoint     : Pre-authenticated entry point called. Rejecting access
2026-09-01T16:57:09.593+05:00 DEBUG 7520 --- [http-nio-8089-exec-5] o.s.security.web.FilterChainProxy        : Securing GET /error
2026-09-01T16:57:09.594+05:00 DEBUG 7520 --- [http-nio-8089-exec-5] s.w.s.m.m.a.RequestMappingHandlerMapping : Mapped to org.springframework.boot.autoconfigure.web.servlet.error.BasicErrorController#error(HttpServletRequest)
2026-09-01T16:57:09.595+05:00 DEBUG 7520 --- [http-nio-8089-exec-5] s.w.s.m.m.a.RequestMappingHandlerMapping : Mapped to org.springframework.boot.autoconfigure.web.servlet.error.BasicErrorController#error(HttpServletRequest)
2026-09-01T16:57:09.595+05:00 DEBUG 7520 --- [http-nio-8089-exec-5] s.w.s.m.m.a.RequestMappingHandlerMapping : Mapped to org.springframework.boot.autoconfigure.web.servlet.error.BasicErrorController#error(HttpServletRequest)
2026-09-01T16:57:09.598+05:00 DEBUG 7520 --- [http-nio-8089-exec-5] s.w.s.m.m.a.RequestMappingHandlerMapping : Mapped to org.springframework.boot.autoconfigure.web.servlet.error.BasicErrorController#error(HttpServletRequest)
2026-09-01T16:57:09.598+05:00 DEBUG 7520 --- [http-nio-8089-exec-5] s.w.s.m.m.a.RequestMappingHandlerMapping : Mapped to org.springframework.boot.autoconfigure.web.servlet.error.BasicErrorController#error(HttpServletRequest)
2026-09-01T16:57:09.599+05:00 DEBUG 7520 --- [http-nio-8089-exec-5] s.w.s.m.m.a.RequestMappingHandlerMapping : Mapped to org.springframework.boot.autoconfigure.web.servlet.error.BasicErrorController#error(HttpServletRequest)
2026-09-01T16:57:09.599+05:00 DEBUG 7520 --- [http-nio-8089-exec-5] s.w.s.m.m.a.RequestMappingHandlerMapping : Mapped to org.springframework.boot.autoconfigure.web.servlet.error.BasicErrorController#error(HttpServletRequest)
2026-09-01T16:57:09.600+05:00 DEBUG 7520 --- [http-nio-8089-exec-5] s.w.s.m.m.a.RequestMappingHandlerMapping : Mapped to org.springframework.boot.autoconfigure.web.servlet.error.BasicErrorController#error(HttpServletRequest)
2026-09-01T16:57:09.601+05:00 DEBUG 7520 --- [http-nio-8089-exec-5] s.w.s.m.m.a.RequestMappingHandlerMapping : Mapped to org.springframework.boot.autoconfigure.web.servlet.error.BasicErrorController#error(HttpServletRequest)
2026-09-01T16:57:09.601+05:00 DEBUG 7520 --- [http-nio-8089-exec-5] s.w.s.m.m.a.RequestMappingHandlerMapping : Mapped to org.springframework.boot.autoconfigure.web.servlet.error.BasicErrorController#error(HttpServletRequest)
2026-09-01T16:57:09.601+05:00 DEBUG 7520 --- [http-nio-8089-exec-5] s.w.s.m.m.a.RequestMappingHandlerMapping : Mapped to org.springframework.boot.autoconfigure.web.servlet.error.BasicErrorController#error(HttpServletRequest)
2026-09-01T16:57:09.602+05:00 DEBUG 7520 --- [http-nio-8089-exec-5] o.s.s.w.a.AnonymousAuthenticationFilter  : Set SecurityContextHolder to anonymous SecurityContext
2026-09-01T16:57:09.602+05:00 DEBUG 7520 --- [http-nio-8089-exec-5] o.s.s.w.a.Http403ForbiddenEntryPoint     : Pre-authenticated entry point called. Rejecting access
2026-09-01T16:57:10.089+05:00 DEBUG 7520 --- [http-nio-8089-exec-6] o.s.security.web.FilterChainProxy        : Securing GET /v1/courses
2026-09-01T16:57:10.089+05:00 DEBUG 7520 --- [http-nio-8089-exec-6] o.s.s.w.a.AnonymousAuthenticationFilter  : Set SecurityContextHolder to anonymous SecurityContext
2026-09-01T16:57:10.090+05:00 DEBUG 7520 --- [http-nio-8089-exec-6] s.w.s.m.m.a.RequestMappingHandlerMapping : Mapped to com.codeneticx.nihaobackend.controller.V1Controller#getCourses()
2026-09-01T16:57:10.090+05:00 DEBUG 7520 --- [http-nio-8089-exec-6] s.w.s.m.m.a.RequestMappingHandlerMapping : Mapped to com.codeneticx.nihaobackend.controller.V1Controller#getCourses()
2026-09-01T16:57:10.090+05:00 DEBUG 7520 --- [http-nio-8089-exec-6] s.w.s.m.m.a.RequestMappingHandlerMapping : Mapped to com.codeneticx.nihaobackend.controller.V1Controller#getCourses()
2026-09-01T16:57:10.090+05:00 DEBUG 7520 --- [http-nio-8089-exec-6] s.w.s.m.m.a.RequestMappingHandlerMapping : Mapped to com.codeneticx.nihaobackend.controller.V1Controller#getCourses()
2026-09-01T16:57:10.090+05:00 DEBUG 7520 --- [http-nio-8089-exec-6] s.w.s.m.m.a.RequestMappingHandlerMapping : Mapped to com.codeneticx.nihaobackend.controller.V1Controller#getCourses()
2026-09-01T16:57:10.091+05:00 DEBUG 7520 --- [http-nio-8089-exec-6] s.w.s.m.m.a.RequestMappingHandlerMapping : Mapped to com.codeneticx.nihaobackend.controller.V1Controller#getCourses()
2026-09-01T16:57:10.091+05:00 DEBUG 7520 --- [http-nio-8089-exec-6] s.w.s.m.m.a.RequestMappingHandlerMapping : Mapped to com.codeneticx.nihaobackend.controller.V1Controller#getCourses()
2026-09-01T16:57:10.091+05:00 DEBUG 7520 --- [http-nio-8089-exec-6] s.w.s.m.m.a.RequestMappingHandlerMapping : Mapped to com.codeneticx.nihaobackend.controller.V1Controller#getCourses()
2026-09-01T16:57:10.091+05:00 DEBUG 7520 --- [http-nio-8089-exec-6] s.w.s.m.m.a.RequestMappingHandlerMapping : Mapped to com.codeneticx.nihaobackend.controller.V1Controller#getCourses()
2026-09-01T16:57:10.091+05:00 DEBUG 7520 --- [http-nio-8089-exec-6] s.w.s.m.m.a.RequestMappingHandlerMapping : Mapped to com.codeneticx.nihaobackend.controller.V1Controller#getCourses()
2026-09-01T16:57:10.091+05:00 DEBUG 7520 --- [http-nio-8089-exec-6] s.w.s.m.m.a.RequestMappingHandlerMapping : Mapped to com.codeneticx.nihaobackend.controller.V1Controller#getCourses()
2026-09-01T16:57:10.091+05:00 DEBUG 7520 --- [http-nio-8089-exec-6] o.s.s.w.a.Http403ForbiddenEntryPoint     : Pre-authenticated entry point called. Rejecting access
2026-09-01T16:57:10.092+05:00 DEBUG 7520 --- [http-nio-8089-exec-6] o.s.security.web.FilterChainProxy        : Securing GET /error
2026-09-01T16:57:10.092+05:00 DEBUG 7520 --- [http-nio-8089-exec-6] s.w.s.m.m.a.RequestMappingHandlerMapping : Mapped to org.springframework.boot.autoconfigure.web.servlet.error.BasicErrorController#error(HttpServletRequest)
2026-09-01T16:57:10.092+05:00 DEBUG 7520 --- [http-nio-8089-exec-6] s.w.s.m.m.a.RequestMappingHandlerMapping : Mapped to org.springframework.boot.autoconfigure.web.servlet.error.BasicErrorController#error(HttpServletRequest)
2026-09-01T16:57:10.092+05:00 DEBUG 7520 --- [http-nio-8089-exec-6] s.w.s.m.m.a.RequestMappingHandlerMapping : Mapped to org.springframework.boot.autoconfigure.web.servlet.error.BasicErrorController#error(HttpServletRequest)
2026-09-01T16:57:10.092+05:00 DEBUG 7520 --- [http-nio-8089-exec-6] s.w.s.m.m.a.RequestMappingHandlerMapping : Mapped to org.springframework.boot.autoconfigure.web.servlet.error.BasicErrorController#error(HttpServletRequest)
2026-09-01T16:57:10.093+05:00 DEBUG 7520 --- [http-nio-8089-exec-6] s.w.s.m.m.a.RequestMappingHandlerMapping : Mapped to org.springframework.boot.autoconfigure.web.servlet.error.BasicErrorController#error(HttpServletRequest)
2026-09-01T16:57:10.093+05:00 DEBUG 7520 --- [http-nio-8089-exec-6] s.w.s.m.m.a.RequestMappingHandlerMapping : Mapped to org.springframework.boot.autoconfigure.web.servlet.error.BasicErrorController#error(HttpServletRequest)
2026-09-01T16:57:10.093+05:00 DEBUG 7520 --- [http-nio-8089-exec-6] s.w.s.m.m.a.RequestMappingHandlerMapping : Mapped to org.springframework.boot.autoconfigure.web.servlet.error.BasicErrorController#error(HttpServletRequest)
2026-09-01T16:57:10.094+05:00 DEBUG 7520 --- [http-nio-8089-exec-6] s.w.s.m.m.a.RequestMappingHandlerMapping : Mapped to org.springframework.boot.autoconfigure.web.servlet.error.BasicErrorController#error(HttpServletRequest)
2026-09-01T16:57:10.094+05:00 DEBUG 7520 --- [http-nio-8089-exec-6] s.w.s.m.m.a.RequestMappingHandlerMapping : Mapped to org.springframework.boot.autoconfigure.web.servlet.error.BasicErrorController#error(HttpServletRequest)
2026-09-01T16:57:10.094+05:00 DEBUG 7520 --- [http-nio-8089-exec-6] s.w.s.m.m.a.RequestMappingHandlerMapping : Mapped to org.springframework.boot.autoconfigure.web.servlet.error.BasicErrorController#error(HttpServletRequest)
2026-09-01T16:57:10.095+05:00 DEBUG 7520 --- [http-nio-8089-exec-6] s.w.s.m.m.a.RequestMappingHandlerMapping : Mapped to org.springframework.boot.autoconfigure.web.servlet.error.BasicErrorController#error(HttpServletRequest)
2026-09-01T16:57:10.095+05:00 DEBUG 7520 --- [http-nio-8089-exec-6] o.s.s.w.a.AnonymousAuthenticationFilter  : Set SecurityContextHolder to anonymous SecurityContext
2026-09-01T16:57:10.095+05:00 DEBUG 7520 --- [http-nio-8089-exec-6] o.s.s.w.a.Http403ForbiddenEntryPoint     : Pre-authenticated entry point called. Rejecting access
2026-09-01T16:57:11.454+05:00 DEBUG 7520 --- [http-nio-8089-exec-7] o.s.security.web.FilterChainProxy        : Securing GET /v1/courses
2026-09-01T16:57:11.454+05:00 DEBUG 7520 --- [http-nio-8089-exec-7] o.s.s.w.a.AnonymousAuthenticationFilter  : Set SecurityContextHolder to anonymous SecurityContext
2026-09-01T16:57:11.455+05:00 DEBUG 7520 --- [http-nio-8089-exec-7] s.w.s.m.m.a.RequestMappingHandlerMapping : Mapped to com.codeneticx.nihaobackend.controller.V1Controller#getCourses()
2026-09-01T16:57:11.455+05:00 DEBUG 7520 --- [http-nio-8089-exec-7] s.w.s.m.m.a.RequestMappingHandlerMapping : Mapped to com.codeneticx.nihaobackend.controller.V1Controller#getCourses()
2026-09-01T16:57:11.455+05:00 DEBUG 7520 --- [http-nio-8089-exec-7] s.w.s.m.m.a.RequestMappingHandlerMapping : Mapped to com.codeneticx.nihaobackend.controller.V1Controller#getCourses()
2026-09-01T16:57:11.455+05:00 DEBUG 7520 --- [http-nio-8089-exec-7] s.w.s.m.m.a.RequestMappingHandlerMapping : Mapped to com.codeneticx.nihaobackend.controller.V1Controller#getCourses()
2026-09-01T16:57:11.455+05:00 DEBUG 7520 --- [http-nio-8089-exec-7] s.w.s.m.m.a.RequestMappingHandlerMapping : Mapped to com.codeneticx.nihaobackend.controller.V1Controller#getCourses()
2026-09-01T16:57:11.455+05:00 DEBUG 7520 --- [http-nio-8089-exec-7] s.w.s.m.m.a.RequestMappingHandlerMapping : Mapped to com.codeneticx.nihaobackend.controller.V1Controller#getCourses()
2026-09-01T16:57:11.455+05:00 DEBUG 7520 --- [http-nio-8089-exec-7] s.w.s.m.m.a.RequestMappingHandlerMapping : Mapped to com.codeneticx.nihaobackend.controller.V1Controller#getCourses()
2026-09-01T16:57:11.456+05:00 DEBUG 7520 --- [http-nio-8089-exec-7] s.w.s.m.m.a.RequestMappingHandlerMapping : Mapped to com.codeneticx.nihaobackend.controller.V1Controller#getCourses()
2026-09-01T16:57:11.456+05:00 DEBUG 7520 --- [http-nio-8089-exec-7] s.w.s.m.m.a.RequestMappingHandlerMapping : Mapped to com.codeneticx.nihaobackend.controller.V1Controller#getCourses()
2026-09-01T16:57:11.456+05:00 DEBUG 7520 --- [http-nio-8089-exec-7] s.w.s.m.m.a.RequestMappingHandlerMapping : Mapped to com.codeneticx.nihaobackend.controller.V1Controller#getCourses()
2026-09-01T16:57:11.456+05:00 DEBUG 7520 --- [http-nio-8089-exec-7] s.w.s.m.m.a.RequestMappingHandlerMapping : Mapped to com.codeneticx.nihaobackend.controller.V1Controller#getCourses()
2026-09-01T16:57:11.456+05:00 DEBUG 7520 --- [http-nio-8089-exec-7] o.s.s.w.a.Http403ForbiddenEntryPoint     : Pre-authenticated entry point called. Rejecting access
2026-09-01T16:57:11.457+05:00 DEBUG 7520 --- [http-nio-8089-exec-7] o.s.security.web.FilterChainProxy        : Securing GET /error
2026-09-01T16:57:11.457+05:00 DEBUG 7520 --- [http-nio-8089-exec-7] s.w.s.m.m.a.RequestMappingHandlerMapping : Mapped to org.springframework.boot.autoconfigure.web.servlet.error.BasicErrorController#error(HttpServletRequest)
2026-09-01T16:57:11.457+05:00 DEBUG 7520 --- [http-nio-8089-exec-7] s.w.s.m.m.a.RequestMappingHandlerMapping : Mapped to org.springframework.boot.autoconfigure.web.servlet.error.BasicErrorController#error(HttpServletRequest)
2026-09-01T16:57:11.457+05:00 DEBUG 7520 --- [http-nio-8089-exec-7] s.w.s.m.m.a.RequestMappingHandlerMapping : Mapped to org.springframework.boot.autoconfigure.web.servlet.error.BasicErrorController#error(HttpServletRequest)
2026-09-01T16:57:11.457+05:00 DEBUG 7520 --- [http-nio-8089-exec-7] s.w.s.m.m.a.RequestMappingHandlerMapping : Mapped to org.springframework.boot.autoconfigure.web.servlet.error.BasicErrorController#error(HttpServletRequest)
2026-09-01T16:57:11.459+05:00 DEBUG 7520 --- [http-nio-8089-exec-7] s.w.s.m.m.a.RequestMappingHandlerMapping : Mapped to org.springframework.boot.autoconfigure.web.servlet.error.BasicErrorController#error(HttpServletRequest)
2026-09-01T16:57:11.459+05:00 DEBUG 7520 --- [http-nio-8089-exec-7] s.w.s.m.m.a.RequestMappingHandlerMapping : Mapped to org.springframework.boot.autoconfigure.web.servlet.error.BasicErrorController#error(HttpServletRequest)
2026-09-01T16:57:11.459+05:00 DEBUG 7520 --- [http-nio-8089-exec-7] s.w.s.m.m.a.RequestMappingHandlerMapping : Mapped to org.springframework.boot.autoconfigure.web.servlet.error.BasicErrorController#error(HttpServletRequest)
2026-09-01T16:57:11.459+05:00 DEBUG 7520 --- [http-nio-8089-exec-7] s.w.s.m.m.a.RequestMappingHandlerMapping : Mapped to org.springframework.boot.autoconfigure.web.servlet.error.BasicErrorController#error(HttpServletRequest)
2026-09-01T16:57:11.460+05:00 DEBUG 7520 --- [http-nio-8089-exec-7] s.w.s.m.m.a.RequestMappingHandlerMapping : Mapped to org.springframework.boot.autoconfigure.web.servlet.error.BasicErrorController#error(HttpServletRequest)
2026-09-01T16:57:11.460+05:00 DEBUG 7520 --- [http-nio-8089-exec-7] s.w.s.m.m.a.RequestMappingHandlerMapping : Mapped to org.springframework.boot.autoconfigure.web.servlet.error.BasicErrorController#error(HttpServletRequest)
2026-09-01T16:57:11.460+05:00 DEBUG 7520 --- [http-nio-8089-exec-7] s.w.s.m.m.a.RequestMappingHandlerMapping : Mapped to org.springframework.boot.autoconfigure.web.servlet.error.BasicErrorController#error(HttpServletRequest)
2026-09-01T16:57:11.460+05:00 DEBUG 7520 --- [http-nio-8089-exec-7] o.s.s.w.a.AnonymousAuthenticationFilter  : Set SecurityContextHolder to anonymous SecurityContext
2026-09-01T16:57:11.460+05:00 DEBUG 7520 --- [http-nio-8089-exec-7] o.s.s.w.a.Http403ForbiddenEntryPoint     : Pre-authenticated entry point called. Rejecting access
2026-09-01T16:57:11.658+05:00 DEBUG 7520 --- [HikariPool-1 housekeeper] com.zaxxer.hikari.pool.HikariPool        : HikariPool-1 - Pool stats (total=10, active=0, idle=10, waiting=0)
2026-09-01T16:57:11.658+05:00 DEBUG 7520 --- [HikariPool-1 housekeeper] com.zaxxer.hikari.pool.HikariPool        : HikariPool-1 - Fill pool skipped, pool has sufficient level or currently being filled (queueDepth=0).
2026-09-01T16:57:12.223+05:00 DEBUG 7520 --- [http-nio-8089-exec-8] o.s.security.web.FilterChainProxy        : Securing GET /v1/courses
2026-09-01T16:57:12.223+05:00 DEBUG 7520 --- [http-nio-8089-exec-8] o.s.s.w.a.AnonymousAuthenticationFilter  : Set SecurityContextHolder to anonymous SecurityContext
2026-09-01T16:57:12.223+05:00 DEBUG 7520 --- [http-nio-8089-exec-8] s.w.s.m.m.a.RequestMappingHandlerMapping : Mapped to com.codeneticx.nihaobackend.controller.V1Controller#getCourses()
2026-09-01T16:57:12.223+05:00 DEBUG 7520 --- [http-nio-8089-exec-8] s.w.s.m.m.a.RequestMappingHandlerMapping : Mapped to com.codeneticx.nihaobackend.controller.V1Controller#getCourses()
2026-09-01T16:57:12.223+05:00 DEBUG 7520 --- [http-nio-8089-exec-8] s.w.s.m.m.a.RequestMappingHandlerMapping : Mapped to com.codeneticx.nihaobackend.controller.V1Controller#getCourses()
2026-09-01T16:57:12.224+05:00 DEBUG 7520 --- [http-nio-8089-exec-8] s.w.s.m.m.a.RequestMappingHandlerMapping : Mapped to com.codeneticx.nihaobackend.controller.V1Controller#getCourses()
2026-09-01T16:57:12.224+05:00 DEBUG 7520 --- [http-nio-8089-exec-8] s.w.s.m.m.a.RequestMappingHandlerMapping : Mapped to com.codeneticx.nihaobackend.controller.V1Controller#getCourses()
2026-09-01T16:57:12.224+05:00 DEBUG 7520 --- [http-nio-8089-exec-8] s.w.s.m.m.a.RequestMappingHandlerMapping : Mapped to com.codeneticx.nihaobackend.controller.V1Controller#getCourses()
2026-09-01T16:57:12.224+05:00 DEBUG 7520 --- [http-nio-8089-exec-8] s.w.s.m.m.a.RequestMappingHandlerMapping : Mapped to com.codeneticx.nihaobackend.controller.V1Controller#getCourses()
2026-09-01T16:57:12.224+05:00 DEBUG 7520 --- [http-nio-8089-exec-8] s.w.s.m.m.a.RequestMappingHandlerMapping : Mapped to com.codeneticx.nihaobackend.controller.V1Controller#getCourses()
2026-09-01T16:57:12.224+05:00 DEBUG 7520 --- [http-nio-8089-exec-8] s.w.s.m.m.a.RequestMappingHandlerMapping : Mapped to com.codeneticx.nihaobackend.controller.V1Controller#getCourses()
2026-09-01T16:57:12.224+05:00 DEBUG 7520 --- [http-nio-8089-exec-8] s.w.s.m.m.a.RequestMappingHandlerMapping : Mapped to com.codeneticx.nihaobackend.controller.V1Controller#getCourses()
2026-09-01T16:57:12.224+05:00 DEBUG 7520 --- [http-nio-8089-exec-8] s.w.s.m.m.a.RequestMappingHandlerMapping : Mapped to com.codeneticx.nihaobackend.controller.V1Controller#getCourses()
2026-09-01T16:57:12.224+05:00 DEBUG 7520 --- [http-nio-8089-exec-8] o.s.s.w.a.Http403ForbiddenEntryPoint     : Pre-authenticated entry point called. Rejecting access
2026-09-01T16:57:12.224+05:00 DEBUG 7520 --- [http-nio-8089-exec-8] o.s.security.web.FilterChainProxy        : Securing GET /error
2026-09-01T16:57:12.225+05:00 DEBUG 7520 --- [http-nio-8089-exec-8] s.w.s.m.m.a.RequestMappingHandlerMapping : Mapped to org.springframework.boot.autoconfigure.web.servlet.error.BasicErrorController#error(HttpServletRequest)
2026-09-01T16:57:12.225+05:00 DEBUG 7520 --- [http-nio-8089-exec-8] s.w.s.m.m.a.RequestMappingHandlerMapping : Mapped to org.springframework.boot.autoconfigure.web.servlet.error.BasicErrorController#error(HttpServletRequest)
2026-09-01T16:57:12.225+05:00 DEBUG 7520 --- [http-nio-8089-exec-8] s.w.s.m.m.a.RequestMappingHandlerMapping : Mapped to org.springframework.boot.autoconfigure.web.servlet.error.BasicErrorController#error(HttpServletRequest)
2026-09-01T16:57:12.225+05:00 DEBUG 7520 --- [http-nio-8089-exec-8] s.w.s.m.m.a.RequestMappingHandlerMapping : Mapped to org.springframework.boot.autoconfigure.web.servlet.error.BasicErrorController#error(HttpServletRequest)
2026-09-01T16:57:12.225+05:00 DEBUG 7520 --- [http-nio-8089-exec-8] s.w.s.m.m.a.RequestMappingHandlerMapping : Mapped to org.springframework.boot.autoconfigure.web.servlet.error.BasicErrorController#error(HttpServletRequest)
2026-09-01T16:57:12.225+05:00 DEBUG 7520 --- [http-nio-8089-exec-8] s.w.s.m.m.a.RequestMappingHandlerMapping : Mapped to org.springframework.boot.autoconfigure.web.servlet.error.BasicErrorController#error(HttpServletRequest)
2026-09-01T16:57:12.225+05:00 DEBUG 7520 --- [http-nio-8089-exec-8] s.w.s.m.m.a.RequestMappingHandlerMapping : Mapped to org.springframework.boot.autoconfigure.web.servlet.error.BasicErrorController#error(HttpServletRequest)
2026-09-01T16:57:12.225+05:00 DEBUG 7520 --- [http-nio-8089-exec-8] s.w.s.m.m.a.RequestMappingHandlerMapping : Mapped to org.springframework.boot.autoconfigure.web.servlet.error.BasicErrorController#error(HttpServletRequest)
2026-09-01T16:57:12.225+05:00 DEBUG 7520 --- [http-nio-8089-exec-8] s.w.s.m.m.a.RequestMappingHandlerMapping : Mapped to org.springframework.boot.autoconfigure.web.servlet.error.BasicErrorController#error(HttpServletRequest)
2026-09-01T16:57:12.225+05:00 DEBUG 7520 --- [http-nio-8089-exec-8] s.w.s.m.m.a.RequestMappingHandlerMapping : Mapped to org.springframework.boot.autoconfigure.web.servlet.error.BasicErrorController#error(HttpServletRequest)
2026-09-01T16:57:12.225+05:00 DEBUG 7520 --- [http-nio-8089-exec-8] s.w.s.m.m.a.RequestMappingHandlerMapping : Mapped to org.springframework.boot.autoconfigure.web.servlet.error.BasicErrorController#error(HttpServletRequest)
2026-09-01T16:57:12.226+05:00 DEBUG 7520 --- [http-nio-8089-exec-8] o.s.s.w.a.AnonymousAuthenticationFilter  : Set SecurityContextHolder to anonymous SecurityContext
2026-09-01T16:57:12.226+05:00 DEBUG 7520 --- [http-nio-8089-exec-8] o.s.s.w.a.Http403ForbiddenEntryPoint     : Pre-authenticated entry point called. Rejecting access
2026-09-01T16:57:25.050+05:00 DEBUG 7520 --- [http-nio-8089-exec-10] o.s.security.web.FilterChainProxy        : Securing POST /v1/api/login
2026-09-01T16:57:25.050+05:00 DEBUG 7520 --- [http-nio-8089-exec-10] o.s.s.w.a.AnonymousAuthenticationFilter  : Set SecurityContextHolder to anonymous SecurityContext
2026-09-01T16:57:25.051+05:00 DEBUG 7520 --- [http-nio-8089-exec-10] s.w.s.m.m.a.RequestMappingHandlerMapping : Mapped to com.codeneticx.nihaobackend.controller.V1ApiController#login(MobileLoginRequest)
2026-09-01T16:57:25.051+05:00 DEBUG 7520 --- [http-nio-8089-exec-10] s.w.s.m.m.a.RequestMappingHandlerMapping : Mapped to com.codeneticx.nihaobackend.controller.V1ApiController#login(MobileLoginRequest)
2026-09-01T16:57:25.051+05:00 DEBUG 7520 --- [http-nio-8089-exec-10] s.w.s.m.m.a.RequestMappingHandlerMapping : Mapped to com.codeneticx.nihaobackend.controller.V1ApiController#login(MobileLoginRequest)
2026-09-01T16:57:25.051+05:00 DEBUG 7520 --- [http-nio-8089-exec-10] s.w.s.m.m.a.RequestMappingHandlerMapping : Mapped to com.codeneticx.nihaobackend.controller.V1ApiController#login(MobileLoginRequest)
2026-09-01T16:57:25.051+05:00 DEBUG 7520 --- [http-nio-8089-exec-10] s.w.s.m.m.a.RequestMappingHandlerMapping : Mapped to com.codeneticx.nihaobackend.controller.V1ApiController#login(MobileLoginRequest)
2026-09-01T16:57:25.052+05:00 DEBUG 7520 --- [http-nio-8089-exec-10] o.s.security.web.FilterChainProxy        : Secured POST /v1/api/login
2026-09-01T16:57:25.054+05:00 DEBUG 7520 --- [http-nio-8089-exec-10] o.s.web.servlet.DispatcherServlet        : POST "/api/v1/api/login", parameters={}
2026-09-01T16:57:25.055+05:00 DEBUG 7520 --- [http-nio-8089-exec-10] s.w.s.m.m.a.RequestMappingHandlerMapping : Mapped to com.codeneticx.nihaobackend.controller.V1ApiController#login(MobileLoginRequest)
2026-09-01T16:57:25.125+05:00 DEBUG 7520 --- [http-nio-8089-exec-10] m.m.a.RequestResponseBodyMethodProcessor : Read "application/json;charset=UTF-8" to [MobileLoginRequest(email=student@nihao-urdu.com, password=student123, deviceId=null, deviceName=null (truncated)...]
2026-09-01T16:57:25.462+05:00 DEBUG 7520 --- [http-nio-8089-exec-10] m.m.a.RequestResponseBodyMethodProcessor : Using 'application/json', given [application/json] and supported [application/json, application/*+json]
2026-09-01T16:57:25.468+05:00 DEBUG 7520 --- [http-nio-8089-exec-10] m.m.a.RequestResponseBodyMethodProcessor : Writing [ApiResponse(success=true, message=Login successful, data=MobileAuthResponse(token=eyJhbGciOiJIUzI1Ni (truncated)...]
2026-09-01T16:57:25.480+05:00 DEBUG 7520 --- [http-nio-8089-exec-10] o.s.web.servlet.DispatcherServlet        : Completed 200 OK
2026-09-01T16:57:25.699+05:00 DEBUG 7520 --- [http-nio-8089-exec-1] o.s.security.web.FilterChainProxy        : Securing GET /v1/courses
2026-09-01T16:57:25.806+05:00 DEBUG 7520 --- [http-nio-8089-exec-1] s.w.s.m.m.a.RequestMappingHandlerMapping : Mapped to com.codeneticx.nihaobackend.controller.V1Controller#getCourses()
2026-09-01T16:57:25.806+05:00 DEBUG 7520 --- [http-nio-8089-exec-1] s.w.s.m.m.a.RequestMappingHandlerMapping : Mapped to com.codeneticx.nihaobackend.controller.V1Controller#getCourses()
2026-09-01T16:57:25.806+05:00 DEBUG 7520 --- [http-nio-8089-exec-1] s.w.s.m.m.a.RequestMappingHandlerMapping : Mapped to com.codeneticx.nihaobackend.controller.V1Controller#getCourses()
2026-09-01T16:57:25.806+05:00 DEBUG 7520 --- [http-nio-8089-exec-1] s.w.s.m.m.a.RequestMappingHandlerMapping : Mapped to com.codeneticx.nihaobackend.controller.V1Controller#getCourses()
2026-09-01T16:57:25.806+05:00 DEBUG 7520 --- [http-nio-8089-exec-1] s.w.s.m.m.a.RequestMappingHandlerMapping : Mapped to com.codeneticx.nihaobackend.controller.V1Controller#getCourses()
2026-09-01T16:57:25.806+05:00 DEBUG 7520 --- [http-nio-8089-exec-1] s.w.s.m.m.a.RequestMappingHandlerMapping : Mapped to com.codeneticx.nihaobackend.controller.V1Controller#getCourses()
2026-09-01T16:57:25.806+05:00 DEBUG 7520 --- [http-nio-8089-exec-1] s.w.s.m.m.a.RequestMappingHandlerMapping : Mapped to com.codeneticx.nihaobackend.controller.V1Controller#getCourses()
2026-09-01T16:57:25.806+05:00 DEBUG 7520 --- [http-nio-8089-exec-1] s.w.s.m.m.a.RequestMappingHandlerMapping : Mapped to com.codeneticx.nihaobackend.controller.V1Controller#getCourses()
2026-09-01T16:57:25.806+05:00 DEBUG 7520 --- [http-nio-8089-exec-1] s.w.s.m.m.a.RequestMappingHandlerMapping : Mapped to com.codeneticx.nihaobackend.controller.V1Controller#getCourses()
2026-09-01T16:57:25.806+05:00 DEBUG 7520 --- [http-nio-8089-exec-1] s.w.s.m.m.a.RequestMappingHandlerMapping : Mapped to com.codeneticx.nihaobackend.controller.V1Controller#getCourses()
2026-09-01T16:57:25.806+05:00 DEBUG 7520 --- [http-nio-8089-exec-1] s.w.s.m.m.a.RequestMappingHandlerMapping : Mapped to com.codeneticx.nihaobackend.controller.V1Controller#getCourses()
2026-09-01T16:57:25.808+05:00 DEBUG 7520 --- [http-nio-8089-exec-1] o.s.security.web.FilterChainProxy        : Secured GET /v1/courses
2026-09-01T16:57:25.808+05:00 DEBUG 7520 --- [http-nio-8089-exec-1] o.s.web.servlet.DispatcherServlet        : GET "/api/v1/courses", parameters={}
2026-09-01T16:57:25.808+05:00 DEBUG 7520 --- [http-nio-8089-exec-1] s.w.s.m.m.a.RequestMappingHandlerMapping : Mapped to com.codeneticx.nihaobackend.controller.V1Controller#getCourses()
2026-09-01T16:57:25.933+05:00 DEBUG 7520 --- [http-nio-8089-exec-1] m.m.a.RequestResponseBodyMethodProcessor : Using 'application/json', given [application/json] and supported [application/json, application/*+json]
2026-09-01T16:57:25.940+05:00 DEBUG 7520 --- [http-nio-8089-exec-1] m.m.a.RequestResponseBodyMethodProcessor : Writing [ApiResponse(success=true, message=Courses fetched successfully, data=[CourseListItemDto(id=0a2552cb- (truncated)...]
2026-09-01T16:57:25.950+05:00 DEBUG 7520 --- [http-nio-8089-exec-1] o.s.web.servlet.DispatcherServlet        : Completed 200 OK
2026-09-01T16:57:26.021+05:00 DEBUG 7520 --- [http-nio-8089-exec-2] o.s.security.web.FilterChainProxy        : Securing GET /v1/courses/0a2552cb-962e-40ef-9cfe-85a6e5830387/units?limit=20&offset=0
2026-09-01T16:57:26.043+05:00 DEBUG 7520 --- [http-nio-8089-exec-2] s.w.s.m.m.a.RequestMappingHandlerMapping : Mapped to com.codeneticx.nihaobackend.controller.V1Controller#getCourseUnits(String, int, int)
2026-09-01T16:57:26.045+05:00 DEBUG 7520 --- [http-nio-8089-exec-2] s.w.s.m.m.a.RequestMappingHandlerMapping : Mapped to com.codeneticx.nihaobackend.controller.V1Controller#getCourseUnits(String, int, int)
2026-09-01T16:57:26.046+05:00 DEBUG 7520 --- [http-nio-8089-exec-2] s.w.s.m.m.a.RequestMappingHandlerMapping : Mapped to com.codeneticx.nihaobackend.controller.V1Controller#getCourseUnits(String, int, int)
2026-09-01T16:57:26.046+05:00 DEBUG 7520 --- [http-nio-8089-exec-2] s.w.s.m.m.a.RequestMappingHandlerMapping : Mapped to com.codeneticx.nihaobackend.controller.V1Controller#getCourseUnits(String, int, int)
2026-09-01T16:57:26.049+05:00 DEBUG 7520 --- [http-nio-8089-exec-2] s.w.s.m.m.a.RequestMappingHandlerMapping : Mapped to com.codeneticx.nihaobackend.controller.V1Controller#getCourseUnits(String, int, int)
2026-09-01T16:57:26.049+05:00 DEBUG 7520 --- [http-nio-8089-exec-2] s.w.s.m.m.a.RequestMappingHandlerMapping : Mapped to com.codeneticx.nihaobackend.controller.V1Controller#getCourseUnits(String, int, int)
2026-09-01T16:57:26.050+05:00 DEBUG 7520 --- [http-nio-8089-exec-2] s.w.s.m.m.a.RequestMappingHandlerMapping : Mapped to com.codeneticx.nihaobackend.controller.V1Controller#getCourseUnits(String, int, int)
2026-09-01T16:57:26.050+05:00 DEBUG 7520 --- [http-nio-8089-exec-2] s.w.s.m.m.a.RequestMappingHandlerMapping : Mapped to com.codeneticx.nihaobackend.controller.V1Controller#getCourseUnits(String, int, int)
2026-09-01T16:57:26.051+05:00 DEBUG 7520 --- [http-nio-8089-exec-2] s.w.s.m.m.a.RequestMappingHandlerMapping : Mapped to com.codeneticx.nihaobackend.controller.V1Controller#getCourseUnits(String, int, int)
2026-09-01T16:57:26.052+05:00 DEBUG 7520 --- [http-nio-8089-exec-2] s.w.s.m.m.a.RequestMappingHandlerMapping : Mapped to com.codeneticx.nihaobackend.controller.V1Controller#getCourseUnits(String, int, int)
2026-09-01T16:57:26.054+05:00 DEBUG 7520 --- [http-nio-8089-exec-2] s.w.s.m.m.a.RequestMappingHandlerMapping : Mapped to com.codeneticx.nihaobackend.controller.V1Controller#getCourseUnits(String, int, int)
2026-09-01T16:57:26.054+05:00 DEBUG 7520 --- [http-nio-8089-exec-2] o.s.security.web.FilterChainProxy        : Secured GET /v1/courses/0a2552cb-962e-40ef-9cfe-85a6e5830387/units?limit=20&offset=0
2026-09-01T16:57:26.055+05:00 DEBUG 7520 --- [http-nio-8089-exec-2] o.s.web.servlet.DispatcherServlet        : GET "/api/v1/courses/0a2552cb-962e-40ef-9cfe-85a6e5830387/units?limit=20&offset=0", parameters={masked}
2026-09-01T16:57:26.055+05:00 DEBUG 7520 --- [http-nio-8089-exec-2] s.w.s.m.m.a.RequestMappingHandlerMapping : Mapped to com.codeneticx.nihaobackend.controller.V1Controller#getCourseUnits(String, int, int)
2026-09-01T16:57:26.143+05:00 DEBUG 7520 --- [http-nio-8089-exec-2] m.m.a.RequestResponseBodyMethodProcessor : Using 'application/json', given [application/json] and supported [application/json, application/*+json]
2026-09-01T16:57:26.152+05:00 DEBUG 7520 --- [http-nio-8089-exec-2] m.m.a.RequestResponseBodyMethodProcessor : Writing [ApiResponse(success=true, message=Units fetched successfully, data=[UnitJourneyNodeDto(id=f32cee8d-2 (truncated)...]
2026-09-01T16:57:26.157+05:00 DEBUG 7520 --- [http-nio-8089-exec-2] o.s.web.servlet.DispatcherServlet        : Completed 200 OK
2026-09-01T16:57:26.288+05:00 DEBUG 7520 --- [http-nio-8089-exec-3] o.s.security.web.FilterChainProxy        : Securing GET /v1/units/f32cee8d-264d-47e2-a3e0-6c4ede6e0e09/lessons
2026-09-01T16:57:26.300+05:00 DEBUG 7520 --- [http-nio-8089-exec-3] s.w.s.m.m.a.RequestMappingHandlerMapping : Mapped to com.codeneticx.nihaobackend.controller.V1Controller#getUnitLessons(String)
2026-09-01T16:57:26.301+05:00 DEBUG 7520 --- [http-nio-8089-exec-3] s.w.s.m.m.a.RequestMappingHandlerMapping : Mapped to com.codeneticx.nihaobackend.controller.V1Controller#getUnitLessons(String)
2026-09-01T16:57:26.301+05:00 DEBUG 7520 --- [http-nio-8089-exec-3] s.w.s.m.m.a.RequestMappingHandlerMapping : Mapped to com.codeneticx.nihaobackend.controller.V1Controller#getUnitLessons(String)
2026-09-01T16:57:26.302+05:00 DEBUG 7520 --- [http-nio-8089-exec-3] s.w.s.m.m.a.RequestMappingHandlerMapping : Mapped to com.codeneticx.nihaobackend.controller.V1Controller#getUnitLessons(String)
2026-09-01T16:57:26.302+05:00 DEBUG 7520 --- [http-nio-8089-exec-3] s.w.s.m.m.a.RequestMappingHandlerMapping : Mapped to com.codeneticx.nihaobackend.controller.V1Controller#getUnitLessons(String)
2026-09-01T16:57:26.302+05:00 DEBUG 7520 --- [http-nio-8089-exec-3] s.w.s.m.m.a.RequestMappingHandlerMapping : Mapped to com.codeneticx.nihaobackend.controller.V1Controller#getUnitLessons(String)
2026-09-01T16:57:26.303+05:00 DEBUG 7520 --- [http-nio-8089-exec-3] s.w.s.m.m.a.RequestMappingHandlerMapping : Mapped to com.codeneticx.nihaobackend.controller.V1Controller#getUnitLessons(String)
2026-09-01T16:57:26.304+05:00 DEBUG 7520 --- [http-nio-8089-exec-3] s.w.s.m.m.a.RequestMappingHandlerMapping : Mapped to com.codeneticx.nihaobackend.controller.V1Controller#getUnitLessons(String)
2026-09-01T16:57:26.304+05:00 DEBUG 7520 --- [http-nio-8089-exec-3] s.w.s.m.m.a.RequestMappingHandlerMapping : Mapped to com.codeneticx.nihaobackend.controller.V1Controller#getUnitLessons(String)
2026-09-01T16:57:26.306+05:00 DEBUG 7520 --- [http-nio-8089-exec-3] s.w.s.m.m.a.RequestMappingHandlerMapping : Mapped to com.codeneticx.nihaobackend.controller.V1Controller#getUnitLessons(String)
2026-09-01T16:57:26.306+05:00 DEBUG 7520 --- [http-nio-8089-exec-3] s.w.s.m.m.a.RequestMappingHandlerMapping : Mapped to com.codeneticx.nihaobackend.controller.V1Controller#getUnitLessons(String)
2026-09-01T16:57:26.307+05:00 DEBUG 7520 --- [http-nio-8089-exec-3] o.s.security.web.FilterChainProxy        : Secured GET /v1/units/f32cee8d-264d-47e2-a3e0-6c4ede6e0e09/lessons
2026-09-01T16:57:26.307+05:00 DEBUG 7520 --- [http-nio-8089-exec-3] o.s.web.servlet.DispatcherServlet        : GET "/api/v1/units/f32cee8d-264d-47e2-a3e0-6c4ede6e0e09/lessons", parameters={}
2026-09-01T16:57:26.308+05:00 DEBUG 7520 --- [http-nio-8089-exec-3] s.w.s.m.m.a.RequestMappingHandlerMapping : Mapped to com.codeneticx.nihaobackend.controller.V1Controller#getUnitLessons(String)
2026-09-01T16:57:26.366+05:00 DEBUG 7520 --- [http-nio-8089-exec-3] m.m.a.RequestResponseBodyMethodProcessor : Using 'application/json', given [application/json] and supported [application/json, application/*+json]
2026-09-01T16:57:26.370+05:00 DEBUG 7520 --- [http-nio-8089-exec-3] m.m.a.RequestResponseBodyMethodProcessor : Writing [ApiResponse(success=true, message=Lessons fetched successfully, data=[LessonJourneyNodeDto(id=780b13 (truncated)...]
2026-09-01T16:57:26.381+05:00 DEBUG 7520 --- [http-nio-8089-exec-3] o.s.web.servlet.DispatcherServlet        : Completed 200 OK
2026-09-01T16:57:26.443+05:00 DEBUG 7520 --- [http-nio-8089-exec-4] o.s.security.web.FilterChainProxy        : Securing GET /v1/courses/0a2552cb-962e-40ef-9cfe-85a6e5830387/progress
2026-09-01T16:57:26.452+05:00 DEBUG 7520 --- [http-nio-8089-exec-4] s.w.s.m.m.a.RequestMappingHandlerMapping : Mapped to com.codeneticx.nihaobackend.controller.V1Controller#getCourseProgress(String)
2026-09-01T16:57:26.452+05:00 DEBUG 7520 --- [http-nio-8089-exec-4] s.w.s.m.m.a.RequestMappingHandlerMapping : Mapped to com.codeneticx.nihaobackend.controller.V1Controller#getCourseProgress(String)
2026-09-01T16:57:26.454+05:00 DEBUG 7520 --- [http-nio-8089-exec-4] s.w.s.m.m.a.RequestMappingHandlerMapping : Mapped to com.codeneticx.nihaobackend.controller.V1Controller#getCourseProgress(String)
2026-09-01T16:57:26.455+05:00 DEBUG 7520 --- [http-nio-8089-exec-4] s.w.s.m.m.a.RequestMappingHandlerMapping : Mapped to com.codeneticx.nihaobackend.controller.V1Controller#getCourseProgress(String)
2026-09-01T16:57:26.455+05:00 DEBUG 7520 --- [http-nio-8089-exec-4] s.w.s.m.m.a.RequestMappingHandlerMapping : Mapped to com.codeneticx.nihaobackend.controller.V1Controller#getCourseProgress(String)
2026-09-01T16:57:26.456+05:00 DEBUG 7520 --- [http-nio-8089-exec-4] s.w.s.m.m.a.RequestMappingHandlerMapping : Mapped to com.codeneticx.nihaobackend.controller.V1Controller#getCourseProgress(String)
2026-09-01T16:57:26.456+05:00 DEBUG 7520 --- [http-nio-8089-exec-4] s.w.s.m.m.a.RequestMappingHandlerMapping : Mapped to com.codeneticx.nihaobackend.controller.V1Controller#getCourseProgress(String)
2026-09-01T16:57:26.456+05:00 DEBUG 7520 --- [http-nio-8089-exec-4] s.w.s.m.m.a.RequestMappingHandlerMapping : Mapped to com.codeneticx.nihaobackend.controller.V1Controller#getCourseProgress(String)
2026-09-01T16:57:26.457+05:00 DEBUG 7520 --- [http-nio-8089-exec-4] s.w.s.m.m.a.RequestMappingHandlerMapping : Mapped to com.codeneticx.nihaobackend.controller.V1Controller#getCourseProgress(String)
2026-09-01T16:57:26.457+05:00 DEBUG 7520 --- [http-nio-8089-exec-4] s.w.s.m.m.a.RequestMappingHandlerMapping : Mapped to com.codeneticx.nihaobackend.controller.V1Controller#getCourseProgress(String)
2026-09-01T16:57:26.457+05:00 DEBUG 7520 --- [http-nio-8089-exec-4] s.w.s.m.m.a.RequestMappingHandlerMapping : Mapped to com.codeneticx.nihaobackend.controller.V1Controller#getCourseProgress(String)
2026-09-01T16:57:26.457+05:00 DEBUG 7520 --- [http-nio-8089-exec-4] o.s.security.web.FilterChainProxy        : Secured GET /v1/courses/0a2552cb-962e-40ef-9cfe-85a6e5830387/progress
2026-09-01T16:57:26.457+05:00 DEBUG 7520 --- [http-nio-8089-exec-4] o.s.web.servlet.DispatcherServlet        : GET "/api/v1/courses/0a2552cb-962e-40ef-9cfe-85a6e5830387/progress", parameters={}
2026-09-01T16:57:26.458+05:00 DEBUG 7520 --- [http-nio-8089-exec-4] s.w.s.m.m.a.RequestMappingHandlerMapping : Mapped to com.codeneticx.nihaobackend.controller.V1Controller#getCourseProgress(String)
2026-09-01T16:57:26.489+05:00 DEBUG 7520 --- [http-nio-8089-exec-4] m.m.a.RequestResponseBodyMethodProcessor : Using 'application/json', given [application/json] and supported [application/json, application/*+json]
2026-09-01T16:57:26.489+05:00 DEBUG 7520 --- [http-nio-8089-exec-4] m.m.a.RequestResponseBodyMethodProcessor : Writing [ApiResponse(success=true, message=Course progress fetched successfully, data=CourseProgressDto(xp=40 (truncated)...]
2026-09-01T16:57:26.491+05:00 DEBUG 7520 --- [http-nio-8089-exec-4] o.s.web.servlet.DispatcherServlet        : Completed 200 OK
2026-09-01T16:57:31.037+05:00 DEBUG 7520 --- [http-nio-8089-exec-5] o.s.security.web.FilterChainProxy        : Securing GET /v1/courses
2026-09-01T16:57:31.043+05:00 DEBUG 7520 --- [http-nio-8089-exec-5] s.w.s.m.m.a.RequestMappingHandlerMapping : Mapped to com.codeneticx.nihaobackend.controller.V1Controller#getCourses()
2026-09-01T16:57:31.044+05:00 DEBUG 7520 --- [http-nio-8089-exec-5] s.w.s.m.m.a.RequestMappingHandlerMapping : Mapped to com.codeneticx.nihaobackend.controller.V1Controller#getCourses()
2026-09-01T16:57:31.044+05:00 DEBUG 7520 --- [http-nio-8089-exec-5] s.w.s.m.m.a.RequestMappingHandlerMapping : Mapped to com.codeneticx.nihaobackend.controller.V1Controller#getCourses()
2026-09-01T16:57:31.044+05:00 DEBUG 7520 --- [http-nio-8089-exec-5] s.w.s.m.m.a.RequestMappingHandlerMapping : Mapped to com.codeneticx.nihaobackend.controller.V1Controller#getCourses()
2026-09-01T16:57:31.044+05:00 DEBUG 7520 --- [http-nio-8089-exec-5] s.w.s.m.m.a.RequestMappingHandlerMapping : Mapped to com.codeneticx.nihaobackend.controller.V1Controller#getCourses()
2026-09-01T16:57:31.044+05:00 DEBUG 7520 --- [http-nio-8089-exec-5] s.w.s.m.m.a.RequestMappingHandlerMapping : Mapped to com.codeneticx.nihaobackend.controller.V1Controller#getCourses()
2026-09-01T16:57:31.044+05:00 DEBUG 7520 --- [http-nio-8089-exec-5] s.w.s.m.m.a.RequestMappingHandlerMapping : Mapped to com.codeneticx.nihaobackend.controller.V1Controller#getCourses()
2026-09-01T16:57:31.044+05:00 DEBUG 7520 --- [http-nio-8089-exec-5] s.w.s.m.m.a.RequestMappingHandlerMapping : Mapped to com.codeneticx.nihaobackend.controller.V1Controller#getCourses()
2026-09-01T16:57:31.044+05:00 DEBUG 7520 --- [http-nio-8089-exec-5] s.w.s.m.m.a.RequestMappingHandlerMapping : Mapped to com.codeneticx.nihaobackend.controller.V1Controller#getCourses()
2026-09-01T16:57:31.044+05:00 DEBUG 7520 --- [http-nio-8089-exec-5] s.w.s.m.m.a.RequestMappingHandlerMapping : Mapped to com.codeneticx.nihaobackend.controller.V1Controller#getCourses()
2026-09-01T16:57:31.045+05:00 DEBUG 7520 --- [http-nio-8089-exec-5] s.w.s.m.m.a.RequestMappingHandlerMapping : Mapped to com.codeneticx.nihaobackend.controller.V1Controller#getCourses()
2026-09-01T16:57:31.045+05:00 DEBUG 7520 --- [http-nio-8089-exec-5] o.s.security.web.FilterChainProxy        : Secured GET /v1/courses
2026-09-01T16:57:31.045+05:00 DEBUG 7520 --- [http-nio-8089-exec-5] o.s.web.servlet.DispatcherServlet        : GET "/api/v1/courses", parameters={}
2026-09-01T16:57:31.045+05:00 DEBUG 7520 --- [http-nio-8089-exec-5] s.w.s.m.m.a.RequestMappingHandlerMapping : Mapped to com.codeneticx.nihaobackend.controller.V1Controller#getCourses()
2026-09-01T16:57:31.072+05:00 DEBUG 7520 --- [http-nio-8089-exec-5] m.m.a.RequestResponseBodyMethodProcessor : Using 'application/json', given [application/json] and supported [application/json, application/*+json]
2026-09-01T16:57:31.072+05:00 DEBUG 7520 --- [http-nio-8089-exec-5] m.m.a.RequestResponseBodyMethodProcessor : Writing [ApiResponse(success=true, message=Courses fetched successfully, data=[CourseListItemDto(id=0a2552cb- (truncated)...]
2026-09-01T16:57:31.074+05:00 DEBUG 7520 --- [http-nio-8089-exec-5] o.s.web.servlet.DispatcherServlet        : Completed 200 OK
2026-09-01T16:57:31.122+05:00 DEBUG 7520 --- [http-nio-8089-exec-6] o.s.security.web.FilterChainProxy        : Securing GET /v1/courses/0a2552cb-962e-40ef-9cfe-85a6e5830387/units?limit=20&offset=0
2026-09-01T16:57:31.130+05:00 DEBUG 7520 --- [http-nio-8089-exec-6] s.w.s.m.m.a.RequestMappingHandlerMapping : Mapped to com.codeneticx.nihaobackend.controller.V1Controller#getCourseUnits(String, int, int)
2026-09-01T16:57:31.131+05:00 DEBUG 7520 --- [http-nio-8089-exec-6] s.w.s.m.m.a.RequestMappingHandlerMapping : Mapped to com.codeneticx.nihaobackend.controller.V1Controller#getCourseUnits(String, int, int)
2026-09-01T16:57:31.131+05:00 DEBUG 7520 --- [http-nio-8089-exec-6] s.w.s.m.m.a.RequestMappingHandlerMapping : Mapped to com.codeneticx.nihaobackend.controller.V1Controller#getCourseUnits(String, int, int)
2026-09-01T16:57:31.131+05:00 DEBUG 7520 --- [http-nio-8089-exec-6] s.w.s.m.m.a.RequestMappingHandlerMapping : Mapped to com.codeneticx.nihaobackend.controller.V1Controller#getCourseUnits(String, int, int)
2026-09-01T16:57:31.132+05:00 DEBUG 7520 --- [http-nio-8089-exec-6] s.w.s.m.m.a.RequestMappingHandlerMapping : Mapped to com.codeneticx.nihaobackend.controller.V1Controller#getCourseUnits(String, int, int)
2026-09-01T16:57:31.132+05:00 DEBUG 7520 --- [http-nio-8089-exec-6] s.w.s.m.m.a.RequestMappingHandlerMapping : Mapped to com.codeneticx.nihaobackend.controller.V1Controller#getCourseUnits(String, int, int)
2026-09-01T16:57:31.132+05:00 DEBUG 7520 --- [http-nio-8089-exec-6] s.w.s.m.m.a.RequestMappingHandlerMapping : Mapped to com.codeneticx.nihaobackend.controller.V1Controller#getCourseUnits(String, int, int)
2026-09-01T16:57:31.132+05:00 DEBUG 7520 --- [http-nio-8089-exec-6] s.w.s.m.m.a.RequestMappingHandlerMapping : Mapped to com.codeneticx.nihaobackend.controller.V1Controller#getCourseUnits(String, int, int)
2026-09-01T16:57:31.133+05:00 DEBUG 7520 --- [http-nio-8089-exec-6] s.w.s.m.m.a.RequestMappingHandlerMapping : Mapped to com.codeneticx.nihaobackend.controller.V1Controller#getCourseUnits(String, int, int)
2026-09-01T16:57:31.133+05:00 DEBUG 7520 --- [http-nio-8089-exec-6] s.w.s.m.m.a.RequestMappingHandlerMapping : Mapped to com.codeneticx.nihaobackend.controller.V1Controller#getCourseUnits(String, int, int)
2026-09-01T16:57:31.133+05:00 DEBUG 7520 --- [http-nio-8089-exec-6] s.w.s.m.m.a.RequestMappingHandlerMapping : Mapped to com.codeneticx.nihaobackend.controller.V1Controller#getCourseUnits(String, int, int)
2026-09-01T16:57:31.133+05:00 DEBUG 7520 --- [http-nio-8089-exec-6] o.s.security.web.FilterChainProxy        : Secured GET /v1/courses/0a2552cb-962e-40ef-9cfe-85a6e5830387/units?limit=20&offset=0
2026-09-01T16:57:31.134+05:00 DEBUG 7520 --- [http-nio-8089-exec-6] o.s.web.servlet.DispatcherServlet        : GET "/api/v1/courses/0a2552cb-962e-40ef-9cfe-85a6e5830387/units?limit=20&offset=0", parameters={masked}
2026-09-01T16:57:31.135+05:00 DEBUG 7520 --- [http-nio-8089-exec-6] s.w.s.m.m.a.RequestMappingHandlerMapping : Mapped to com.codeneticx.nihaobackend.controller.V1Controller#getCourseUnits(String, int, int)
2026-09-01T16:57:31.158+05:00 DEBUG 7520 --- [http-nio-8089-exec-6] m.m.a.RequestResponseBodyMethodProcessor : Using 'application/json', given [application/json] and supported [application/json, application/*+json]
2026-09-01T16:57:31.159+05:00 DEBUG 7520 --- [http-nio-8089-exec-6] m.m.a.RequestResponseBodyMethodProcessor : Writing [ApiResponse(success=true, message=Units fetched successfully, data=[UnitJourneyNodeDto(id=f32cee8d-2 (truncated)...]
2026-09-01T16:57:31.159+05:00 DEBUG 7520 --- [http-nio-8089-exec-6] o.s.web.servlet.DispatcherServlet        : Completed 200 OK
2026-09-01T16:57:31.192+05:00 DEBUG 7520 --- [http-nio-8089-exec-7] o.s.security.web.FilterChainProxy        : Securing GET /v1/units/f32cee8d-264d-47e2-a3e0-6c4ede6e0e09/lessons
2026-09-01T16:57:31.199+05:00 DEBUG 7520 --- [http-nio-8089-exec-7] s.w.s.m.m.a.RequestMappingHandlerMapping : Mapped to com.codeneticx.nihaobackend.controller.V1Controller#getUnitLessons(String)
2026-09-01T16:57:31.200+05:00 DEBUG 7520 --- [http-nio-8089-exec-7] s.w.s.m.m.a.RequestMappingHandlerMapping : Mapped to com.codeneticx.nihaobackend.controller.V1Controller#getUnitLessons(String)
2026-09-01T16:57:31.200+05:00 DEBUG 7520 --- [http-nio-8089-exec-7] s.w.s.m.m.a.RequestMappingHandlerMapping : Mapped to com.codeneticx.nihaobackend.controller.V1Controller#getUnitLessons(String)
2026-09-01T16:57:31.201+05:00 DEBUG 7520 --- [http-nio-8089-exec-7] s.w.s.m.m.a.RequestMappingHandlerMapping : Mapped to com.codeneticx.nihaobackend.controller.V1Controller#getUnitLessons(String)
2026-09-01T16:57:31.201+05:00 DEBUG 7520 --- [http-nio-8089-exec-7] s.w.s.m.m.a.RequestMappingHandlerMapping : Mapped to com.codeneticx.nihaobackend.controller.V1Controller#getUnitLessons(String)
2026-09-01T16:57:31.202+05:00 DEBUG 7520 --- [http-nio-8089-exec-7] s.w.s.m.m.a.RequestMappingHandlerMapping : Mapped to com.codeneticx.nihaobackend.controller.V1Controller#getUnitLessons(String)
2026-09-01T16:57:31.202+05:00 DEBUG 7520 --- [http-nio-8089-exec-7] s.w.s.m.m.a.RequestMappingHandlerMapping : Mapped to com.codeneticx.nihaobackend.controller.V1Controller#getUnitLessons(String)
2026-09-01T16:57:31.203+05:00 DEBUG 7520 --- [http-nio-8089-exec-7] s.w.s.m.m.a.RequestMappingHandlerMapping : Mapped to com.codeneticx.nihaobackend.controller.V1Controller#getUnitLessons(String)
2026-09-01T16:57:31.203+05:00 DEBUG 7520 --- [http-nio-8089-exec-7] s.w.s.m.m.a.RequestMappingHandlerMapping : Mapped to com.codeneticx.nihaobackend.controller.V1Controller#getUnitLessons(String)
2026-09-01T16:57:31.204+05:00 DEBUG 7520 --- [http-nio-8089-exec-7] s.w.s.m.m.a.RequestMappingHandlerMapping : Mapped to com.codeneticx.nihaobackend.controller.V1Controller#getUnitLessons(String)
2026-09-01T16:57:31.205+05:00 DEBUG 7520 --- [http-nio-8089-exec-7] s.w.s.m.m.a.RequestMappingHandlerMapping : Mapped to com.codeneticx.nihaobackend.controller.V1Controller#getUnitLessons(String)
2026-09-01T16:57:31.205+05:00 DEBUG 7520 --- [http-nio-8089-exec-7] o.s.security.web.FilterChainProxy        : Secured GET /v1/units/f32cee8d-264d-47e2-a3e0-6c4ede6e0e09/lessons
2026-09-01T16:57:31.205+05:00 DEBUG 7520 --- [http-nio-8089-exec-7] o.s.web.servlet.DispatcherServlet        : GET "/api/v1/units/f32cee8d-264d-47e2-a3e0-6c4ede6e0e09/lessons", parameters={}
2026-09-01T16:57:31.205+05:00 DEBUG 7520 --- [http-nio-8089-exec-7] s.w.s.m.m.a.RequestMappingHandlerMapping : Mapped to com.codeneticx.nihaobackend.controller.V1Controller#getUnitLessons(String)
2026-09-01T16:57:31.221+05:00 DEBUG 7520 --- [http-nio-8089-exec-7] m.m.a.RequestResponseBodyMethodProcessor : Using 'application/json', given [application/json] and supported [application/json, application/*+json]
2026-09-01T16:57:31.221+05:00 DEBUG 7520 --- [http-nio-8089-exec-7] m.m.a.RequestResponseBodyMethodProcessor : Writing [ApiResponse(success=true, message=Lessons fetched successfully, data=[LessonJourneyNodeDto(id=780b13 (truncated)...]
2026-09-01T16:57:31.222+05:00 DEBUG 7520 --- [http-nio-8089-exec-7] o.s.web.servlet.DispatcherServlet        : Completed 200 OK
2026-09-01T16:57:31.258+05:00 DEBUG 7520 --- [http-nio-8089-exec-8] o.s.security.web.FilterChainProxy        : Securing GET /v1/courses/0a2552cb-962e-40ef-9cfe-85a6e5830387/progress
2026-09-01T16:57:31.264+05:00 DEBUG 7520 --- [http-nio-8089-exec-8] s.w.s.m.m.a.RequestMappingHandlerMapping : Mapped to com.codeneticx.nihaobackend.controller.V1Controller#getCourseProgress(String)
2026-09-01T16:57:31.265+05:00 DEBUG 7520 --- [http-nio-8089-exec-8] s.w.s.m.m.a.RequestMappingHandlerMapping : Mapped to com.codeneticx.nihaobackend.controller.V1Controller#getCourseProgress(String)
2026-09-01T16:57:31.265+05:00 DEBUG 7520 --- [http-nio-8089-exec-8] s.w.s.m.m.a.RequestMappingHandlerMapping : Mapped to com.codeneticx.nihaobackend.controller.V1Controller#getCourseProgress(String)
2026-09-01T16:57:31.266+05:00 DEBUG 7520 --- [http-nio-8089-exec-8] s.w.s.m.m.a.RequestMappingHandlerMapping : Mapped to com.codeneticx.nihaobackend.controller.V1Controller#getCourseProgress(String)
2026-09-01T16:57:31.266+05:00 DEBUG 7520 --- [http-nio-8089-exec-8] s.w.s.m.m.a.RequestMappingHandlerMapping : Mapped to com.codeneticx.nihaobackend.controller.V1Controller#getCourseProgress(String)
2026-09-01T16:57:31.266+05:00 DEBUG 7520 --- [http-nio-8089-exec-8] s.w.s.m.m.a.RequestMappingHandlerMapping : Mapped to com.codeneticx.nihaobackend.controller.V1Controller#getCourseProgress(String)
2026-09-01T16:57:31.266+05:00 DEBUG 7520 --- [http-nio-8089-exec-8] s.w.s.m.m.a.RequestMappingHandlerMapping : Mapped to com.codeneticx.nihaobackend.controller.V1Controller#getCourseProgress(String)
2026-09-01T16:57:31.267+05:00 DEBUG 7520 --- [http-nio-8089-exec-8] s.w.s.m.m.a.RequestMappingHandlerMapping : Mapped to com.codeneticx.nihaobackend.controller.V1Controller#getCourseProgress(String)
2026-09-01T16:57:31.267+05:00 DEBUG 7520 --- [http-nio-8089-exec-8] s.w.s.m.m.a.RequestMappingHandlerMapping : Mapped to com.codeneticx.nihaobackend.controller.V1Controller#getCourseProgress(String)
2026-09-01T16:57:31.267+05:00 DEBUG 7520 --- [http-nio-8089-exec-8] s.w.s.m.m.a.RequestMappingHandlerMapping : Mapped to com.codeneticx.nihaobackend.controller.V1Controller#getCourseProgress(String)
2026-09-01T16:57:31.268+05:00 DEBUG 7520 --- [http-nio-8089-exec-8] s.w.s.m.m.a.RequestMappingHandlerMapping : Mapped to com.codeneticx.nihaobackend.controller.V1Controller#getCourseProgress(String)
2026-09-01T16:57:31.268+05:00 DEBUG 7520 --- [http-nio-8089-exec-8] o.s.security.web.FilterChainProxy        : Secured GET /v1/courses/0a2552cb-962e-40ef-9cfe-85a6e5830387/progress
2026-09-01T16:57:31.268+05:00 DEBUG 7520 --- [http-nio-8089-exec-8] o.s.web.servlet.DispatcherServlet        : GET "/api/v1/courses/0a2552cb-962e-40ef-9cfe-85a6e5830387/progress", parameters={}
2026-09-01T16:57:31.268+05:00 DEBUG 7520 --- [http-nio-8089-exec-8] s.w.s.m.m.a.RequestMappingHandlerMapping : Mapped to com.codeneticx.nihaobackend.controller.V1Controller#getCourseProgress(String)
2026-09-01T16:57:31.300+05:00 DEBUG 7520 --- [http-nio-8089-exec-8] m.m.a.RequestResponseBodyMethodProcessor : Using 'application/json', given [application/json] and supported [application/json, application/*+json]
2026-09-01T16:57:31.300+05:00 DEBUG 7520 --- [http-nio-8089-exec-8] m.m.a.RequestResponseBodyMethodProcessor : Writing [ApiResponse(success=true, message=Course progress fetched successfully, data=CourseProgressDto(xp=40 (truncated)...]
2026-09-01T16:57:31.300+05:00 DEBUG 7520 --- [http-nio-8089-exec-8] o.s.web.servlet.DispatcherServlet        : Completed 200 OK
2026-09-01T16:57:33.068+05:00 DEBUG 7520 --- [http-nio-8089-exec-9] o.s.security.web.FilterChainProxy        : Securing GET /v1/lessons/ba3f33d6-3ad2-44fe-9e22-1c9e8d78a09a/exercises
2026-09-01T16:57:33.072+05:00 DEBUG 7520 --- [http-nio-8089-exec-9] s.w.s.m.m.a.RequestMappingHandlerMapping : Mapped to com.codeneticx.nihaobackend.controller.V1Controller#getLessonExercises(String)
2026-09-01T16:57:33.072+05:00 DEBUG 7520 --- [http-nio-8089-exec-9] s.w.s.m.m.a.RequestMappingHandlerMapping : Mapped to com.codeneticx.nihaobackend.controller.V1Controller#getLessonExercises(String)
2026-09-01T16:57:33.072+05:00 DEBUG 7520 --- [http-nio-8089-exec-9] s.w.s.m.m.a.RequestMappingHandlerMapping : Mapped to com.codeneticx.nihaobackend.controller.V1Controller#getLessonExercises(String)
2026-09-01T16:57:33.073+05:00 DEBUG 7520 --- [http-nio-8089-exec-9] s.w.s.m.m.a.RequestMappingHandlerMapping : Mapped to com.codeneticx.nihaobackend.controller.V1Controller#getLessonExercises(String)
2026-09-01T16:57:33.073+05:00 DEBUG 7520 --- [http-nio-8089-exec-9] s.w.s.m.m.a.RequestMappingHandlerMapping : Mapped to com.codeneticx.nihaobackend.controller.V1Controller#getLessonExercises(String)
2026-09-01T16:57:33.073+05:00 DEBUG 7520 --- [http-nio-8089-exec-9] s.w.s.m.m.a.RequestMappingHandlerMapping : Mapped to com.codeneticx.nihaobackend.controller.V1Controller#getLessonExercises(String)
2026-09-01T16:57:33.073+05:00 DEBUG 7520 --- [http-nio-8089-exec-9] s.w.s.m.m.a.RequestMappingHandlerMapping : Mapped to com.codeneticx.nihaobackend.controller.V1Controller#getLessonExercises(String)
2026-09-01T16:57:33.074+05:00 DEBUG 7520 --- [http-nio-8089-exec-9] s.w.s.m.m.a.RequestMappingHandlerMapping : Mapped to com.codeneticx.nihaobackend.controller.V1Controller#getLessonExercises(String)
2026-09-01T16:57:33.074+05:00 DEBUG 7520 --- [http-nio-8089-exec-9] s.w.s.m.m.a.RequestMappingHandlerMapping : Mapped to com.codeneticx.nihaobackend.controller.V1Controller#getLessonExercises(String)
2026-09-01T16:57:33.074+05:00 DEBUG 7520 --- [http-nio-8089-exec-9] s.w.s.m.m.a.RequestMappingHandlerMapping : Mapped to com.codeneticx.nihaobackend.controller.V1Controller#getLessonExercises(String)
2026-09-01T16:57:33.074+05:00 DEBUG 7520 --- [http-nio-8089-exec-9] s.w.s.m.m.a.RequestMappingHandlerMapping : Mapped to com.codeneticx.nihaobackend.controller.V1Controller#getLessonExercises(String)
2026-09-01T16:57:33.074+05:00 DEBUG 7520 --- [http-nio-8089-exec-9] o.s.security.web.FilterChainProxy        : Secured GET /v1/lessons/ba3f33d6-3ad2-44fe-9e22-1c9e8d78a09a/exercises
2026-09-01T16:57:33.074+05:00 DEBUG 7520 --- [http-nio-8089-exec-9] o.s.web.servlet.DispatcherServlet        : GET "/api/v1/lessons/ba3f33d6-3ad2-44fe-9e22-1c9e8d78a09a/exercises", parameters={}
2026-09-01T16:57:33.074+05:00 DEBUG 7520 --- [http-nio-8089-exec-9] s.w.s.m.m.a.RequestMappingHandlerMapping : Mapped to com.codeneticx.nihaobackend.controller.V1Controller#getLessonExercises(String)
2026-09-01T16:57:33.097+05:00 DEBUG 7520 --- [http-nio-8089-exec-9] m.m.a.RequestResponseBodyMethodProcessor : Using 'application/json', given [application/json] and supported [application/json, application/*+json]
2026-09-01T16:57:33.098+05:00 DEBUG 7520 --- [http-nio-8089-exec-9] m.m.a.RequestResponseBodyMethodProcessor : Writing [ApiResponse(success=true, message=Exercises fetched successfully, data=[ExerciseNodeDto(id=3ff4944b- (truncated)...]
2026-09-01T16:57:33.100+05:00 DEBUG 7520 --- [http-nio-8089-exec-9] o.s.web.servlet.DispatcherServlet        : Completed 200 OK
2026-09-01T16:57:35.056+05:00 DEBUG 7520 --- [http-nio-8089-exec-10] o.s.security.web.FilterChainProxy        : Securing GET /v1/courses
2026-09-01T16:57:35.062+05:00 DEBUG 7520 --- [http-nio-8089-exec-10] s.w.s.m.m.a.RequestMappingHandlerMapping : Mapped to com.codeneticx.nihaobackend.controller.V1Controller#getCourses()
2026-09-01T16:57:35.062+05:00 DEBUG 7520 --- [http-nio-8089-exec-10] s.w.s.m.m.a.RequestMappingHandlerMapping : Mapped to com.codeneticx.nihaobackend.controller.V1Controller#getCourses()
2026-09-01T16:57:35.062+05:00 DEBUG 7520 --- [http-nio-8089-exec-10] s.w.s.m.m.a.RequestMappingHandlerMapping : Mapped to com.codeneticx.nihaobackend.controller.V1Controller#getCourses()
2026-09-01T16:57:35.062+05:00 DEBUG 7520 --- [http-nio-8089-exec-10] s.w.s.m.m.a.RequestMappingHandlerMapping : Mapped to com.codeneticx.nihaobackend.controller.V1Controller#getCourses()
2026-09-01T16:57:35.062+05:00 DEBUG 7520 --- [http-nio-8089-exec-10] s.w.s.m.m.a.RequestMappingHandlerMapping : Mapped to com.codeneticx.nihaobackend.controller.V1Controller#getCourses()
2026-09-01T16:57:35.062+05:00 DEBUG 7520 --- [http-nio-8089-exec-10] s.w.s.m.m.a.RequestMappingHandlerMapping : Mapped to com.codeneticx.nihaobackend.controller.V1Controller#getCourses()
2026-09-01T16:57:35.062+05:00 DEBUG 7520 --- [http-nio-8089-exec-10] s.w.s.m.m.a.RequestMappingHandlerMapping : Mapped to com.codeneticx.nihaobackend.controller.V1Controller#getCourses()
2026-09-01T16:57:35.062+05:00 DEBUG 7520 --- [http-nio-8089-exec-10] s.w.s.m.m.a.RequestMappingHandlerMapping : Mapped to com.codeneticx.nihaobackend.controller.V1Controller#getCourses()
2026-09-01T16:57:35.063+05:00 DEBUG 7520 --- [http-nio-8089-exec-10] s.w.s.m.m.a.RequestMappingHandlerMapping : Mapped to com.codeneticx.nihaobackend.controller.V1Controller#getCourses()
2026-09-01T16:57:35.063+05:00 DEBUG 7520 --- [http-nio-8089-exec-10] s.w.s.m.m.a.RequestMappingHandlerMapping : Mapped to com.codeneticx.nihaobackend.controller.V1Controller#getCourses()
2026-09-01T16:57:35.063+05:00 DEBUG 7520 --- [http-nio-8089-exec-10] s.w.s.m.m.a.RequestMappingHandlerMapping : Mapped to com.codeneticx.nihaobackend.controller.V1Controller#getCourses()
2026-09-01T16:57:35.063+05:00 DEBUG 7520 --- [http-nio-8089-exec-10] o.s.security.web.FilterChainProxy        : Secured GET /v1/courses
2026-09-01T16:57:35.063+05:00 DEBUG 7520 --- [http-nio-8089-exec-10] o.s.web.servlet.DispatcherServlet        : GET "/api/v1/courses", parameters={}
2026-09-01T16:57:35.063+05:00 DEBUG 7520 --- [http-nio-8089-exec-10] s.w.s.m.m.a.RequestMappingHandlerMapping : Mapped to com.codeneticx.nihaobackend.controller.V1Controller#getCourses()
2026-09-01T16:57:35.096+05:00 DEBUG 7520 --- [http-nio-8089-exec-10] m.m.a.RequestResponseBodyMethodProcessor : Using 'application/json', given [application/json] and supported [application/json, application/*+json]
2026-09-01T16:57:35.096+05:00 DEBUG 7520 --- [http-nio-8089-exec-10] m.m.a.RequestResponseBodyMethodProcessor : Writing [ApiResponse(success=true, message=Courses fetched successfully, data=[CourseListItemDto(id=0a2552cb- (truncated)...]
2026-09-01T16:57:35.097+05:00 DEBUG 7520 --- [http-nio-8089-exec-10] o.s.web.servlet.DispatcherServlet        : Completed 200 OK
2026-09-01T16:57:35.121+05:00 DEBUG 7520 --- [http-nio-8089-exec-1] o.s.security.web.FilterChainProxy        : Securing GET /v1/courses/0a2552cb-962e-40ef-9cfe-85a6e5830387/units?limit=20&offset=0
2026-09-01T16:57:35.128+05:00 DEBUG 7520 --- [http-nio-8089-exec-1] s.w.s.m.m.a.RequestMappingHandlerMapping : Mapped to com.codeneticx.nihaobackend.controller.V1Controller#getCourseUnits(String, int, int)
2026-09-01T16:57:35.129+05:00 DEBUG 7520 --- [http-nio-8089-exec-1] s.w.s.m.m.a.RequestMappingHandlerMapping : Mapped to com.codeneticx.nihaobackend.controller.V1Controller#getCourseUnits(String, int, int)
2026-09-01T16:57:35.129+05:00 DEBUG 7520 --- [http-nio-8089-exec-1] s.w.s.m.m.a.RequestMappingHandlerMapping : Mapped to com.codeneticx.nihaobackend.controller.V1Controller#getCourseUnits(String, int, int)
2026-09-01T16:57:35.129+05:00 DEBUG 7520 --- [http-nio-8089-exec-1] s.w.s.m.m.a.RequestMappingHandlerMapping : Mapped to com.codeneticx.nihaobackend.controller.V1Controller#getCourseUnits(String, int, int)
2026-09-01T16:57:35.131+05:00 DEBUG 7520 --- [http-nio-8089-exec-1] s.w.s.m.m.a.RequestMappingHandlerMapping : Mapped to com.codeneticx.nihaobackend.controller.V1Controller#getCourseUnits(String, int, int)
2026-09-01T16:57:35.131+05:00 DEBUG 7520 --- [http-nio-8089-exec-1] s.w.s.m.m.a.RequestMappingHandlerMapping : Mapped to com.codeneticx.nihaobackend.controller.V1Controller#getCourseUnits(String, int, int)
2026-09-01T16:57:35.132+05:00 DEBUG 7520 --- [http-nio-8089-exec-1] s.w.s.m.m.a.RequestMappingHandlerMapping : Mapped to com.codeneticx.nihaobackend.controller.V1Controller#getCourseUnits(String, int, int)
2026-09-01T16:57:35.132+05:00 DEBUG 7520 --- [http-nio-8089-exec-1] s.w.s.m.m.a.RequestMappingHandlerMapping : Mapped to com.codeneticx.nihaobackend.controller.V1Controller#getCourseUnits(String, int, int)
2026-09-01T16:57:35.132+05:00 DEBUG 7520 --- [http-nio-8089-exec-1] s.w.s.m.m.a.RequestMappingHandlerMapping : Mapped to com.codeneticx.nihaobackend.controller.V1Controller#getCourseUnits(String, int, int)
2026-09-01T16:57:35.133+05:00 DEBUG 7520 --- [http-nio-8089-exec-1] s.w.s.m.m.a.RequestMappingHandlerMapping : Mapped to com.codeneticx.nihaobackend.controller.V1Controller#getCourseUnits(String, int, int)
2026-09-01T16:57:35.133+05:00 DEBUG 7520 --- [http-nio-8089-exec-1] s.w.s.m.m.a.RequestMappingHandlerMapping : Mapped to com.codeneticx.nihaobackend.controller.V1Controller#getCourseUnits(String, int, int)
2026-09-01T16:57:35.133+05:00 DEBUG 7520 --- [http-nio-8089-exec-1] o.s.security.web.FilterChainProxy        : Secured GET /v1/courses/0a2552cb-962e-40ef-9cfe-85a6e5830387/units?limit=20&offset=0
2026-09-01T16:57:35.133+05:00 DEBUG 7520 --- [http-nio-8089-exec-1] o.s.web.servlet.DispatcherServlet        : GET "/api/v1/courses/0a2552cb-962e-40ef-9cfe-85a6e5830387/units?limit=20&offset=0", parameters={masked}
2026-09-01T16:57:35.133+05:00 DEBUG 7520 --- [http-nio-8089-exec-1] s.w.s.m.m.a.RequestMappingHandlerMapping : Mapped to com.codeneticx.nihaobackend.controller.V1Controller#getCourseUnits(String, int, int)
2026-09-01T16:57:35.157+05:00 DEBUG 7520 --- [http-nio-8089-exec-1] m.m.a.RequestResponseBodyMethodProcessor : Using 'application/json', given [application/json] and supported [application/json, application/*+json]
2026-09-01T16:57:35.157+05:00 DEBUG 7520 --- [http-nio-8089-exec-1] m.m.a.RequestResponseBodyMethodProcessor : Writing [ApiResponse(success=true, message=Units fetched successfully, data=[UnitJourneyNodeDto(id=f32cee8d-2 (truncated)...]
2026-09-01T16:57:35.158+05:00 DEBUG 7520 --- [http-nio-8089-exec-1] o.s.web.servlet.DispatcherServlet        : Completed 200 OK
2026-09-01T16:57:35.192+05:00 DEBUG 7520 --- [http-nio-8089-exec-2] o.s.security.web.FilterChainProxy        : Securing GET /v1/units/f32cee8d-264d-47e2-a3e0-6c4ede6e0e09/lessons
2026-09-01T16:57:35.200+05:00 DEBUG 7520 --- [http-nio-8089-exec-2] s.w.s.m.m.a.RequestMappingHandlerMapping : Mapped to com.codeneticx.nihaobackend.controller.V1Controller#getUnitLessons(String)
2026-09-01T16:57:35.201+05:00 DEBUG 7520 --- [http-nio-8089-exec-2] s.w.s.m.m.a.RequestMappingHandlerMapping : Mapped to com.codeneticx.nihaobackend.controller.V1Controller#getUnitLessons(String)
2026-09-01T16:57:35.201+05:00 DEBUG 7520 --- [http-nio-8089-exec-2] s.w.s.m.m.a.RequestMappingHandlerMapping : Mapped to com.codeneticx.nihaobackend.controller.V1Controller#getUnitLessons(String)
2026-09-01T16:57:35.202+05:00 DEBUG 7520 --- [http-nio-8089-exec-2] s.w.s.m.m.a.RequestMappingHandlerMapping : Mapped to com.codeneticx.nihaobackend.controller.V1Controller#getUnitLessons(String)
2026-09-01T16:57:35.202+05:00 DEBUG 7520 --- [http-nio-8089-exec-2] s.w.s.m.m.a.RequestMappingHandlerMapping : Mapped to com.codeneticx.nihaobackend.controller.V1Controller#getUnitLessons(String)
2026-09-01T16:57:35.203+05:00 DEBUG 7520 --- [http-nio-8089-exec-2] s.w.s.m.m.a.RequestMappingHandlerMapping : Mapped to com.codeneticx.nihaobackend.controller.V1Controller#getUnitLessons(String)
2026-09-01T16:57:35.203+05:00 DEBUG 7520 --- [http-nio-8089-exec-2] s.w.s.m.m.a.RequestMappingHandlerMapping : Mapped to com.codeneticx.nihaobackend.controller.V1Controller#getUnitLessons(String)
2026-09-01T16:57:35.204+05:00 DEBUG 7520 --- [http-nio-8089-exec-2] s.w.s.m.m.a.RequestMappingHandlerMapping : Mapped to com.codeneticx.nihaobackend.controller.V1Controller#getUnitLessons(String)
2026-09-01T16:57:35.204+05:00 DEBUG 7520 --- [http-nio-8089-exec-2] s.w.s.m.m.a.RequestMappingHandlerMapping : Mapped to com.codeneticx.nihaobackend.controller.V1Controller#getUnitLessons(String)
2026-09-01T16:57:35.204+05:00 DEBUG 7520 --- [http-nio-8089-exec-2] s.w.s.m.m.a.RequestMappingHandlerMapping : Mapped to com.codeneticx.nihaobackend.controller.V1Controller#getUnitLessons(String)
2026-09-01T16:57:35.205+05:00 DEBUG 7520 --- [http-nio-8089-exec-2] s.w.s.m.m.a.RequestMappingHandlerMapping : Mapped to com.codeneticx.nihaobackend.controller.V1Controller#getUnitLessons(String)
2026-09-01T16:57:35.205+05:00 DEBUG 7520 --- [http-nio-8089-exec-2] o.s.security.web.FilterChainProxy        : Secured GET /v1/units/f32cee8d-264d-47e2-a3e0-6c4ede6e0e09/lessons
2026-09-01T16:57:35.205+05:00 DEBUG 7520 --- [http-nio-8089-exec-2] o.s.web.servlet.DispatcherServlet        : GET "/api/v1/units/f32cee8d-264d-47e2-a3e0-6c4ede6e0e09/lessons", parameters={}
2026-09-01T16:57:35.205+05:00 DEBUG 7520 --- [http-nio-8089-exec-2] s.w.s.m.m.a.RequestMappingHandlerMapping : Mapped to com.codeneticx.nihaobackend.controller.V1Controller#getUnitLessons(String)
2026-09-01T16:57:35.222+05:00 DEBUG 7520 --- [http-nio-8089-exec-2] m.m.a.RequestResponseBodyMethodProcessor : Using 'application/json', given [application/json] and supported [application/json, application/*+json]
2026-09-01T16:57:35.222+05:00 DEBUG 7520 --- [http-nio-8089-exec-2] m.m.a.RequestResponseBodyMethodProcessor : Writing [ApiResponse(success=true, message=Lessons fetched successfully, data=[LessonJourneyNodeDto(id=780b13 (truncated)...]
2026-09-01T16:57:35.223+05:00 DEBUG 7520 --- [http-nio-8089-exec-2] o.s.web.servlet.DispatcherServlet        : Completed 200 OK
2026-09-01T16:57:35.259+05:00 DEBUG 7520 --- [http-nio-8089-exec-3] o.s.security.web.FilterChainProxy        : Securing GET /v1/courses/0a2552cb-962e-40ef-9cfe-85a6e5830387/progress
2026-09-01T16:57:35.265+05:00 DEBUG 7520 --- [http-nio-8089-exec-3] s.w.s.m.m.a.RequestMappingHandlerMapping : Mapped to com.codeneticx.nihaobackend.controller.V1Controller#getCourseProgress(String)
2026-09-01T16:57:35.265+05:00 DEBUG 7520 --- [http-nio-8089-exec-3] s.w.s.m.m.a.RequestMappingHandlerMapping : Mapped to com.codeneticx.nihaobackend.controller.V1Controller#getCourseProgress(String)
2026-09-01T16:57:35.266+05:00 DEBUG 7520 --- [http-nio-8089-exec-3] s.w.s.m.m.a.RequestMappingHandlerMapping : Mapped to com.codeneticx.nihaobackend.controller.V1Controller#getCourseProgress(String)
2026-09-01T16:57:35.266+05:00 DEBUG 7520 --- [http-nio-8089-exec-3] s.w.s.m.m.a.RequestMappingHandlerMapping : Mapped to com.codeneticx.nihaobackend.controller.V1Controller#getCourseProgress(String)
2026-09-01T16:57:35.266+05:00 DEBUG 7520 --- [http-nio-8089-exec-3] s.w.s.m.m.a.RequestMappingHandlerMapping : Mapped to com.codeneticx.nihaobackend.controller.V1Controller#getCourseProgress(String)
2026-09-01T16:57:35.267+05:00 DEBUG 7520 --- [http-nio-8089-exec-3] s.w.s.m.m.a.RequestMappingHandlerMapping : Mapped to com.codeneticx.nihaobackend.controller.V1Controller#getCourseProgress(String)
2026-09-01T16:57:35.267+05:00 DEBUG 7520 --- [http-nio-8089-exec-3] s.w.s.m.m.a.RequestMappingHandlerMapping : Mapped to com.codeneticx.nihaobackend.controller.V1Controller#getCourseProgress(String)
2026-09-01T16:57:35.267+05:00 DEBUG 7520 --- [http-nio-8089-exec-3] s.w.s.m.m.a.RequestMappingHandlerMapping : Mapped to com.codeneticx.nihaobackend.controller.V1Controller#getCourseProgress(String)
2026-09-01T16:57:35.268+05:00 DEBUG 7520 --- [http-nio-8089-exec-3] s.w.s.m.m.a.RequestMappingHandlerMapping : Mapped to com.codeneticx.nihaobackend.controller.V1Controller#getCourseProgress(String)
2026-09-01T16:57:35.268+05:00 DEBUG 7520 --- [http-nio-8089-exec-3] s.w.s.m.m.a.RequestMappingHandlerMapping : Mapped to com.codeneticx.nihaobackend.controller.V1Controller#getCourseProgress(String)
2026-09-01T16:57:35.268+05:00 DEBUG 7520 --- [http-nio-8089-exec-3] s.w.s.m.m.a.RequestMappingHandlerMapping : Mapped to com.codeneticx.nihaobackend.controller.V1Controller#getCourseProgress(String)
2026-09-01T16:57:35.269+05:00 DEBUG 7520 --- [http-nio-8089-exec-3] o.s.security.web.FilterChainProxy        : Secured GET /v1/courses/0a2552cb-962e-40ef-9cfe-85a6e5830387/progress
2026-09-01T16:57:35.269+05:00 DEBUG 7520 --- [http-nio-8089-exec-3] o.s.web.servlet.DispatcherServlet        : GET "/api/v1/courses/0a2552cb-962e-40ef-9cfe-85a6e5830387/progress", parameters={}
2026-09-01T16:57:35.269+05:00 DEBUG 7520 --- [http-nio-8089-exec-3] s.w.s.m.m.a.RequestMappingHandlerMapping : Mapped to com.codeneticx.nihaobackend.controller.V1Controller#getCourseProgress(String)
2026-09-01T16:57:35.304+05:00 DEBUG 7520 --- [http-nio-8089-exec-3] m.m.a.RequestResponseBodyMethodProcessor : Using 'application/json', given [application/json] and supported [application/json, application/*+json]
2026-09-01T16:57:35.304+05:00 DEBUG 7520 --- [http-nio-8089-exec-3] m.m.a.RequestResponseBodyMethodProcessor : Writing [ApiResponse(success=true, message=Course progress fetched successfully, data=CourseProgressDto(xp=40 (truncated)...]
2026-09-01T16:57:35.305+05:00 DEBUG 7520 --- [http-nio-8089-exec-3] o.s.web.servlet.DispatcherServlet        : Completed 200 OK
2026-09-01T16:57:41.670+05:00 DEBUG 7520 --- [HikariPool-1 housekeeper] com.zaxxer.hikari.pool.HikariPool        : HikariPool-1 - Pool stats (total=10, active=0, idle=10, waiting=0)
2026-09-01T16:57:41.670+05:00 DEBUG 7520 --- [HikariPool-1 housekeeper] com.zaxxer.hikari.pool.HikariPool        : HikariPool-1 - Fill pool skipped, pool has sufficient level or currently being filled (queueDepth=0).
2026-09-01T16:58:11.683+05:00 DEBUG 7520 --- [HikariPool-1 housekeeper] com.zaxxer.hikari.pool.HikariPool        : HikariPool-1 - Pool stats (total=10, active=0, idle=10, waiting=0)
2026-09-01T16:58:11.683+05:00 DEBUG 7520 --- [HikariPool-1 housekeeper] com.zaxxer.hikari.pool.HikariPool        : HikariPool-1 - Fill pool skipped, pool has sufficient level or currently being filled (queueDepth=0).
2026-09-01T16:58:41.691+05:00 DEBUG 7520 --- [HikariPool-1 housekeeper] com.zaxxer.hikari.pool.HikariPool        : HikariPool-1 - Pool stats (total=10, active=0, idle=10, waiting=0)
2026-09-01T16:58:41.691+05:00 DEBUG 7520 --- [HikariPool-1 housekeeper] com.zaxxer.hikari.pool.HikariPool        : HikariPool-1 - Fill pool skipped, pool has sufficient level or currently being filled (queueDepth=0).
2026-09-01T16:59:11.726+05:00 DEBUG 7520 --- [HikariPool-1 housekeeper] com.zaxxer.hikari.pool.HikariPool        : HikariPool-1 - Pool stats (total=10, active=0, idle=10, waiting=0)
2026-09-01T16:59:11.726+05:00 DEBUG 7520 --- [HikariPool-1 housekeeper] com.zaxxer.hikari.pool.HikariPool        : HikariPool-1 - Fill pool skipped, pool has sufficient level or currently being filled (queueDepth=0).
2026-09-01T16:59:41.731+05:00 DEBUG 7520 --- [HikariPool-1 housekeeper] com.zaxxer.hikari.pool.HikariPool        : HikariPool-1 - Pool stats (total=10, active=0, idle=10, waiting=0)
2026-09-01T16:59:41.731+05:00 DEBUG 7520 --- [HikariPool-1 housekeeper] com.zaxxer.hikari.pool.HikariPool        : HikariPool-1 - Fill pool skipped, pool has sufficient level or currently being filled (queueDepth=0).
2026-09-01T17:00:11.741+05:00 DEBUG 7520 --- [HikariPool-1 housekeeper] com.zaxxer.hikari.pool.HikariPool        : HikariPool-1 - Pool stats (total=10, active=0, idle=10, waiting=0)
2026-09-01T17:00:11.741+05:00 DEBUG 7520 --- [HikariPool-1 housekeeper] com.zaxxer.hikari.pool.HikariPool        : HikariPool-1 - Fill pool skipped, pool has sufficient level or currently being filled (queueDepth=0).
2026-09-01T17:00:41.745+05:00 DEBUG 7520 --- [HikariPool-1 housekeeper] com.zaxxer.hikari.pool.HikariPool        : HikariPool-1 - Pool stats (total=10, active=0, idle=10, waiting=0)
2026-09-01T17:00:41.746+05:00 DEBUG 7520 --- [HikariPool-1 housekeeper] com.zaxxer.hikari.pool.HikariPool        : HikariPool-1 - Fill pool skipped, pool has sufficient level or currently being filled (queueDepth=0).
2026-09-01T17:01:11.751+05:00 DEBUG 7520 --- [HikariPool-1 housekeeper] com.zaxxer.hikari.pool.HikariPool        : HikariPool-1 - Pool stats (total=10, active=0, idle=10, waiting=0)
2026-09-01T17:01:11.751+05:00 DEBUG 7520 --- [HikariPool-1 housekeeper] com.zaxxer.hikari.pool.HikariPool        : HikariPool-1 - Fill pool skipped, pool has sufficient level or currently being filled (queueDepth=0).
2026-09-01T17:01:41.754+05:00 DEBUG 7520 --- [HikariPool-1 housekeeper] com.zaxxer.hikari.pool.HikariPool        : HikariPool-1 - Pool stats (total=10, active=0, idle=10, waiting=0)
2026-09-01T17:01:41.758+05:00 DEBUG 7520 --- [HikariPool-1 housekeeper] com.zaxxer.hikari.pool.HikariPool        : HikariPool-1 - Fill pool skipped, pool has sufficient level or currently being filled (queueDepth=0).
2026-09-01T17:01:55.873+05:00 DEBUG 7520 --- [http-nio-8089-exec-5] o.s.security.web.FilterChainProxy        : Securing POST /v1/api/login
2026-09-01T17:01:55.875+05:00 DEBUG 7520 --- [http-nio-8089-exec-5] o.s.s.w.a.AnonymousAuthenticationFilter  : Set SecurityContextHolder to anonymous SecurityContext
2026-09-01T17:01:55.876+05:00 DEBUG 7520 --- [http-nio-8089-exec-5] s.w.s.m.m.a.RequestMappingHandlerMapping : Mapped to com.codeneticx.nihaobackend.controller.V1ApiController#login(MobileLoginRequest)
2026-09-01T17:01:55.877+05:00 DEBUG 7520 --- [http-nio-8089-exec-5] s.w.s.m.m.a.RequestMappingHandlerMapping : Mapped to com.codeneticx.nihaobackend.controller.V1ApiController#login(MobileLoginRequest)
2026-09-01T17:01:55.878+05:00 DEBUG 7520 --- [http-nio-8089-exec-5] s.w.s.m.m.a.RequestMappingHandlerMapping : Mapped to com.codeneticx.nihaobackend.controller.V1ApiController#login(MobileLoginRequest)
2026-09-01T17:01:55.879+05:00 DEBUG 7520 --- [http-nio-8089-exec-5] s.w.s.m.m.a.RequestMappingHandlerMapping : Mapped to com.codeneticx.nihaobackend.controller.V1ApiController#login(MobileLoginRequest)
2026-09-01T17:01:55.881+05:00 DEBUG 7520 --- [http-nio-8089-exec-5] s.w.s.m.m.a.RequestMappingHandlerMapping : Mapped to com.codeneticx.nihaobackend.controller.V1ApiController#login(MobileLoginRequest)
2026-09-01T17:01:55.881+05:00 DEBUG 7520 --- [http-nio-8089-exec-5] o.s.security.web.FilterChainProxy        : Secured POST /v1/api/login
2026-09-01T17:01:55.883+05:00 DEBUG 7520 --- [http-nio-8089-exec-5] o.s.web.servlet.DispatcherServlet        : POST "/api/v1/api/login", parameters={}
2026-09-01T17:01:55.884+05:00 DEBUG 7520 --- [http-nio-8089-exec-5] s.w.s.m.m.a.RequestMappingHandlerMapping : Mapped to com.codeneticx.nihaobackend.controller.V1ApiController#login(MobileLoginRequest)
2026-09-01T17:01:55.886+05:00 DEBUG 7520 --- [http-nio-8089-exec-5] m.m.a.RequestResponseBodyMethodProcessor : Read "application/json;charset=UTF-8" to [MobileLoginRequest(email=student@nihao-urdu.com, password=student123, deviceId=null, deviceName=null (truncated)...]
2026-09-01T17:01:56.055+05:00 DEBUG 7520 --- [http-nio-8089-exec-5] m.m.a.RequestResponseBodyMethodProcessor : Using 'application/json', given [application/json] and supported [application/json, application/*+json]
2026-09-01T17:01:56.056+05:00 DEBUG 7520 --- [http-nio-8089-exec-5] m.m.a.RequestResponseBodyMethodProcessor : Writing [ApiResponse(success=true, message=Login successful, data=MobileAuthResponse(token=eyJhbGciOiJIUzI1Ni (truncated)...]
2026-09-01T17:01:56.057+05:00 DEBUG 7520 --- [http-nio-8089-exec-5] o.s.web.servlet.DispatcherServlet        : Completed 200 OK
2026-09-01T17:01:56.431+05:00 DEBUG 7520 --- [http-nio-8089-exec-6] o.s.security.web.FilterChainProxy        : Securing GET /v1/courses
2026-09-01T17:01:56.439+05:00 DEBUG 7520 --- [http-nio-8089-exec-6] s.w.s.m.m.a.RequestMappingHandlerMapping : Mapped to com.codeneticx.nihaobackend.controller.V1Controller#getCourses()
2026-09-01T17:01:56.439+05:00 DEBUG 7520 --- [http-nio-8089-exec-6] s.w.s.m.m.a.RequestMappingHandlerMapping : Mapped to com.codeneticx.nihaobackend.controller.V1Controller#getCourses()
2026-09-01T17:01:56.439+05:00 DEBUG 7520 --- [http-nio-8089-exec-6] s.w.s.m.m.a.RequestMappingHandlerMapping : Mapped to com.codeneticx.nihaobackend.controller.V1Controller#getCourses()
2026-09-01T17:01:56.439+05:00 DEBUG 7520 --- [http-nio-8089-exec-6] s.w.s.m.m.a.RequestMappingHandlerMapping : Mapped to com.codeneticx.nihaobackend.controller.V1Controller#getCourses()
2026-09-01T17:01:56.439+05:00 DEBUG 7520 --- [http-nio-8089-exec-6] s.w.s.m.m.a.RequestMappingHandlerMapping : Mapped to com.codeneticx.nihaobackend.controller.V1Controller#getCourses()
2026-09-01T17:01:56.439+05:00 DEBUG 7520 --- [http-nio-8089-exec-6] s.w.s.m.m.a.RequestMappingHandlerMapping : Mapped to com.codeneticx.nihaobackend.controller.V1Controller#getCourses()
2026-09-01T17:01:56.439+05:00 DEBUG 7520 --- [http-nio-8089-exec-6] s.w.s.m.m.a.RequestMappingHandlerMapping : Mapped to com.codeneticx.nihaobackend.controller.V1Controller#getCourses()
2026-09-01T17:01:56.440+05:00 DEBUG 7520 --- [http-nio-8089-exec-6] s.w.s.m.m.a.RequestMappingHandlerMapping : Mapped to com.codeneticx.nihaobackend.controller.V1Controller#getCourses()
2026-09-01T17:01:56.440+05:00 DEBUG 7520 --- [http-nio-8089-exec-6] s.w.s.m.m.a.RequestMappingHandlerMapping : Mapped to com.codeneticx.nihaobackend.controller.V1Controller#getCourses()
2026-09-01T17:01:56.440+05:00 DEBUG 7520 --- [http-nio-8089-exec-6] s.w.s.m.m.a.RequestMappingHandlerMapping : Mapped to com.codeneticx.nihaobackend.controller.V1Controller#getCourses()
2026-09-01T17:01:56.440+05:00 DEBUG 7520 --- [http-nio-8089-exec-6] s.w.s.m.m.a.RequestMappingHandlerMapping : Mapped to com.codeneticx.nihaobackend.controller.V1Controller#getCourses()
2026-09-01T17:01:56.440+05:00 DEBUG 7520 --- [http-nio-8089-exec-6] o.s.security.web.FilterChainProxy        : Secured GET /v1/courses
2026-09-01T17:01:56.441+05:00 DEBUG 7520 --- [http-nio-8089-exec-6] o.s.web.servlet.DispatcherServlet        : GET "/api/v1/courses", parameters={}
2026-09-01T17:01:56.441+05:00 DEBUG 7520 --- [http-nio-8089-exec-6] s.w.s.m.m.a.RequestMappingHandlerMapping : Mapped to com.codeneticx.nihaobackend.controller.V1Controller#getCourses()
2026-09-01T17:01:56.487+05:00 DEBUG 7520 --- [http-nio-8089-exec-6] m.m.a.RequestResponseBodyMethodProcessor : Using 'application/json', given [application/json] and supported [application/json, application/*+json]
2026-09-01T17:01:56.487+05:00 DEBUG 7520 --- [http-nio-8089-exec-6] m.m.a.RequestResponseBodyMethodProcessor : Writing [ApiResponse(success=true, message=Courses fetched successfully, data=[CourseListItemDto(id=0a2552cb- (truncated)...]
2026-09-01T17:01:56.488+05:00 DEBUG 7520 --- [http-nio-8089-exec-6] o.s.web.servlet.DispatcherServlet        : Completed 200 OK
2026-09-01T17:01:56.817+05:00 DEBUG 7520 --- [http-nio-8089-exec-7] o.s.security.web.FilterChainProxy        : Securing GET /v1/courses/0a2552cb-962e-40ef-9cfe-85a6e5830387/units?limit=20&offset=0
2026-09-01T17:01:56.833+05:00 DEBUG 7520 --- [http-nio-8089-exec-7] s.w.s.m.m.a.RequestMappingHandlerMapping : Mapped to com.codeneticx.nihaobackend.controller.V1Controller#getCourseUnits(String, int, int)
2026-09-01T17:01:56.834+05:00 DEBUG 7520 --- [http-nio-8089-exec-7] s.w.s.m.m.a.RequestMappingHandlerMapping : Mapped to com.codeneticx.nihaobackend.controller.V1Controller#getCourseUnits(String, int, int)
2026-09-01T17:01:56.835+05:00 DEBUG 7520 --- [http-nio-8089-exec-7] s.w.s.m.m.a.RequestMappingHandlerMapping : Mapped to com.codeneticx.nihaobackend.controller.V1Controller#getCourseUnits(String, int, int)
2026-09-01T17:01:56.835+05:00 DEBUG 7520 --- [http-nio-8089-exec-7] s.w.s.m.m.a.RequestMappingHandlerMapping : Mapped to com.codeneticx.nihaobackend.controller.V1Controller#getCourseUnits(String, int, int)
2026-09-01T17:01:56.836+05:00 DEBUG 7520 --- [http-nio-8089-exec-7] s.w.s.m.m.a.RequestMappingHandlerMapping : Mapped to com.codeneticx.nihaobackend.controller.V1Controller#getCourseUnits(String, int, int)
2026-09-01T17:01:56.836+05:00 DEBUG 7520 --- [http-nio-8089-exec-7] s.w.s.m.m.a.RequestMappingHandlerMapping : Mapped to com.codeneticx.nihaobackend.controller.V1Controller#getCourseUnits(String, int, int)
2026-09-01T17:01:56.837+05:00 DEBUG 7520 --- [http-nio-8089-exec-7] s.w.s.m.m.a.RequestMappingHandlerMapping : Mapped to com.codeneticx.nihaobackend.controller.V1Controller#getCourseUnits(String, int, int)
2026-09-01T17:01:56.837+05:00 DEBUG 7520 --- [http-nio-8089-exec-7] s.w.s.m.m.a.RequestMappingHandlerMapping : Mapped to com.codeneticx.nihaobackend.controller.V1Controller#getCourseUnits(String, int, int)
2026-09-01T17:01:56.838+05:00 DEBUG 7520 --- [http-nio-8089-exec-7] s.w.s.m.m.a.RequestMappingHandlerMapping : Mapped to com.codeneticx.nihaobackend.controller.V1Controller#getCourseUnits(String, int, int)
2026-09-01T17:01:56.838+05:00 DEBUG 7520 --- [http-nio-8089-exec-7] s.w.s.m.m.a.RequestMappingHandlerMapping : Mapped to com.codeneticx.nihaobackend.controller.V1Controller#getCourseUnits(String, int, int)
2026-09-01T17:01:56.839+05:00 DEBUG 7520 --- [http-nio-8089-exec-7] s.w.s.m.m.a.RequestMappingHandlerMapping : Mapped to com.codeneticx.nihaobackend.controller.V1Controller#getCourseUnits(String, int, int)
2026-09-01T17:01:56.839+05:00 DEBUG 7520 --- [http-nio-8089-exec-7] o.s.security.web.FilterChainProxy        : Secured GET /v1/courses/0a2552cb-962e-40ef-9cfe-85a6e5830387/units?limit=20&offset=0
2026-09-01T17:01:56.839+05:00 DEBUG 7520 --- [http-nio-8089-exec-7] o.s.web.servlet.DispatcherServlet        : GET "/api/v1/courses/0a2552cb-962e-40ef-9cfe-85a6e5830387/units?limit=20&offset=0", parameters={masked}
2026-09-01T17:01:56.840+05:00 DEBUG 7520 --- [http-nio-8089-exec-7] s.w.s.m.m.a.RequestMappingHandlerMapping : Mapped to com.codeneticx.nihaobackend.controller.V1Controller#getCourseUnits(String, int, int)
2026-09-01T17:01:56.885+05:00 DEBUG 7520 --- [http-nio-8089-exec-7] m.m.a.RequestResponseBodyMethodProcessor : Using 'application/json', given [application/json] and supported [application/json, application/*+json]
2026-09-01T17:01:56.885+05:00 DEBUG 7520 --- [http-nio-8089-exec-7] m.m.a.RequestResponseBodyMethodProcessor : Writing [ApiResponse(success=true, message=Units fetched successfully, data=[UnitJourneyNodeDto(id=f32cee8d-2 (truncated)...]
2026-09-01T17:01:56.886+05:00 DEBUG 7520 --- [http-nio-8089-exec-7] o.s.web.servlet.DispatcherServlet        : Completed 200 OK
2026-09-01T17:01:57.010+05:00 DEBUG 7520 --- [http-nio-8089-exec-8] o.s.security.web.FilterChainProxy        : Securing GET /v1/units/f32cee8d-264d-47e2-a3e0-6c4ede6e0e09/lessons
2026-09-01T17:01:57.024+05:00 DEBUG 7520 --- [http-nio-8089-exec-8] s.w.s.m.m.a.RequestMappingHandlerMapping : Mapped to com.codeneticx.nihaobackend.controller.V1Controller#getUnitLessons(String)
2026-09-01T17:01:57.025+05:00 DEBUG 7520 --- [http-nio-8089-exec-8] s.w.s.m.m.a.RequestMappingHandlerMapping : Mapped to com.codeneticx.nihaobackend.controller.V1Controller#getUnitLessons(String)
2026-09-01T17:01:57.027+05:00 DEBUG 7520 --- [http-nio-8089-exec-8] s.w.s.m.m.a.RequestMappingHandlerMapping : Mapped to com.codeneticx.nihaobackend.controller.V1Controller#getUnitLessons(String)
2026-09-01T17:01:57.028+05:00 DEBUG 7520 --- [http-nio-8089-exec-8] s.w.s.m.m.a.RequestMappingHandlerMapping : Mapped to com.codeneticx.nihaobackend.controller.V1Controller#getUnitLessons(String)
2026-09-01T17:01:57.029+05:00 DEBUG 7520 --- [http-nio-8089-exec-8] s.w.s.m.m.a.RequestMappingHandlerMapping : Mapped to com.codeneticx.nihaobackend.controller.V1Controller#getUnitLessons(String)
2026-09-01T17:01:57.031+05:00 DEBUG 7520 --- [http-nio-8089-exec-8] s.w.s.m.m.a.RequestMappingHandlerMapping : Mapped to com.codeneticx.nihaobackend.controller.V1Controller#getUnitLessons(String)
2026-09-01T17:01:57.034+05:00 DEBUG 7520 --- [http-nio-8089-exec-8] s.w.s.m.m.a.RequestMappingHandlerMapping : Mapped to com.codeneticx.nihaobackend.controller.V1Controller#getUnitLessons(String)
2026-09-01T17:01:57.038+05:00 DEBUG 7520 --- [http-nio-8089-exec-8] s.w.s.m.m.a.RequestMappingHandlerMapping : Mapped to com.codeneticx.nihaobackend.controller.V1Controller#getUnitLessons(String)
2026-09-01T17:01:57.040+05:00 DEBUG 7520 --- [http-nio-8089-exec-8] s.w.s.m.m.a.RequestMappingHandlerMapping : Mapped to com.codeneticx.nihaobackend.controller.V1Controller#getUnitLessons(String)
2026-09-01T17:01:57.043+05:00 DEBUG 7520 --- [http-nio-8089-exec-8] s.w.s.m.m.a.RequestMappingHandlerMapping : Mapped to com.codeneticx.nihaobackend.controller.V1Controller#getUnitLessons(String)
2026-09-01T17:01:57.043+05:00 DEBUG 7520 --- [http-nio-8089-exec-8] s.w.s.m.m.a.RequestMappingHandlerMapping : Mapped to com.codeneticx.nihaobackend.controller.V1Controller#getUnitLessons(String)
2026-09-01T17:01:57.044+05:00 DEBUG 7520 --- [http-nio-8089-exec-8] o.s.security.web.FilterChainProxy        : Secured GET /v1/units/f32cee8d-264d-47e2-a3e0-6c4ede6e0e09/lessons
2026-09-01T17:01:57.044+05:00 DEBUG 7520 --- [http-nio-8089-exec-8] o.s.web.servlet.DispatcherServlet        : GET "/api/v1/units/f32cee8d-264d-47e2-a3e0-6c4ede6e0e09/lessons", parameters={}
2026-09-01T17:01:57.046+05:00 DEBUG 7520 --- [http-nio-8089-exec-8] s.w.s.m.m.a.RequestMappingHandlerMapping : Mapped to com.codeneticx.nihaobackend.controller.V1Controller#getUnitLessons(String)
2026-09-01T17:01:57.079+05:00 DEBUG 7520 --- [http-nio-8089-exec-8] m.m.a.RequestResponseBodyMethodProcessor : Using 'application/json', given [application/json] and supported [application/json, application/*+json]
2026-09-01T17:01:57.080+05:00 DEBUG 7520 --- [http-nio-8089-exec-8] m.m.a.RequestResponseBodyMethodProcessor : Writing [ApiResponse(success=true, message=Lessons fetched successfully, data=[LessonJourneyNodeDto(id=780b13 (truncated)...]
2026-09-01T17:01:57.100+05:00 DEBUG 7520 --- [http-nio-8089-exec-8] o.s.web.servlet.DispatcherServlet        : Completed 200 OK
2026-09-01T17:01:57.218+05:00 DEBUG 7520 --- [http-nio-8089-exec-9] o.s.security.web.FilterChainProxy        : Securing GET /v1/courses/0a2552cb-962e-40ef-9cfe-85a6e5830387/progress
2026-09-01T17:01:57.227+05:00 DEBUG 7520 --- [http-nio-8089-exec-9] s.w.s.m.m.a.RequestMappingHandlerMapping : Mapped to com.codeneticx.nihaobackend.controller.V1Controller#getCourseProgress(String)
2026-09-01T17:01:57.227+05:00 DEBUG 7520 --- [http-nio-8089-exec-9] s.w.s.m.m.a.RequestMappingHandlerMapping : Mapped to com.codeneticx.nihaobackend.controller.V1Controller#getCourseProgress(String)
2026-09-01T17:01:57.228+05:00 DEBUG 7520 --- [http-nio-8089-exec-9] s.w.s.m.m.a.RequestMappingHandlerMapping : Mapped to com.codeneticx.nihaobackend.controller.V1Controller#getCourseProgress(String)
2026-09-01T17:01:57.229+05:00 DEBUG 7520 --- [http-nio-8089-exec-9] s.w.s.m.m.a.RequestMappingHandlerMapping : Mapped to com.codeneticx.nihaobackend.controller.V1Controller#getCourseProgress(String)
2026-09-01T17:01:57.229+05:00 DEBUG 7520 --- [http-nio-8089-exec-9] s.w.s.m.m.a.RequestMappingHandlerMapping : Mapped to com.codeneticx.nihaobackend.controller.V1Controller#getCourseProgress(String)
2026-09-01T17:01:57.231+05:00 DEBUG 7520 --- [http-nio-8089-exec-9] s.w.s.m.m.a.RequestMappingHandlerMapping : Mapped to com.codeneticx.nihaobackend.controller.V1Controller#getCourseProgress(String)
2026-09-01T17:01:57.231+05:00 DEBUG 7520 --- [http-nio-8089-exec-9] s.w.s.m.m.a.RequestMappingHandlerMapping : Mapped to com.codeneticx.nihaobackend.controller.V1Controller#getCourseProgress(String)
2026-09-01T17:01:57.232+05:00 DEBUG 7520 --- [http-nio-8089-exec-9] s.w.s.m.m.a.RequestMappingHandlerMapping : Mapped to com.codeneticx.nihaobackend.controller.V1Controller#getCourseProgress(String)
2026-09-01T17:01:57.233+05:00 DEBUG 7520 --- [http-nio-8089-exec-9] s.w.s.m.m.a.RequestMappingHandlerMapping : Mapped to com.codeneticx.nihaobackend.controller.V1Controller#getCourseProgress(String)
2026-09-01T17:01:57.234+05:00 DEBUG 7520 --- [http-nio-8089-exec-9] s.w.s.m.m.a.RequestMappingHandlerMapping : Mapped to com.codeneticx.nihaobackend.controller.V1Controller#getCourseProgress(String)
2026-09-01T17:01:57.234+05:00 DEBUG 7520 --- [http-nio-8089-exec-9] s.w.s.m.m.a.RequestMappingHandlerMapping : Mapped to com.codeneticx.nihaobackend.controller.V1Controller#getCourseProgress(String)
2026-09-01T17:01:57.234+05:00 DEBUG 7520 --- [http-nio-8089-exec-9] o.s.security.web.FilterChainProxy        : Secured GET /v1/courses/0a2552cb-962e-40ef-9cfe-85a6e5830387/progress
2026-09-01T17:01:57.234+05:00 DEBUG 7520 --- [http-nio-8089-exec-9] o.s.web.servlet.DispatcherServlet        : GET "/api/v1/courses/0a2552cb-962e-40ef-9cfe-85a6e5830387/progress", parameters={}
2026-09-01T17:01:57.235+05:00 DEBUG 7520 --- [http-nio-8089-exec-9] s.w.s.m.m.a.RequestMappingHandlerMapping : Mapped to com.codeneticx.nihaobackend.controller.V1Controller#getCourseProgress(String)
2026-09-01T17:01:57.284+05:00 DEBUG 7520 --- [http-nio-8089-exec-9] m.m.a.RequestResponseBodyMethodProcessor : Using 'application/json', given [application/json] and supported [application/json, application/*+json]
2026-09-01T17:01:57.284+05:00 DEBUG 7520 --- [http-nio-8089-exec-9] m.m.a.RequestResponseBodyMethodProcessor : Writing [ApiResponse(success=true, message=Course progress fetched successfully, data=CourseProgressDto(xp=40 (truncated)...]
2026-09-01T17:01:57.285+05:00 DEBUG 7520 --- [http-nio-8089-exec-9] o.s.web.servlet.DispatcherServlet        : Completed 200 OK
2026-09-01T17:02:11.365+05:00 DEBUG 7520 --- [http-nio-8089-exec-10] o.s.security.web.FilterChainProxy        : Securing GET /v1/courses
2026-09-01T17:02:11.371+05:00 DEBUG 7520 --- [http-nio-8089-exec-10] s.w.s.m.m.a.RequestMappingHandlerMapping : Mapped to com.codeneticx.nihaobackend.controller.V1Controller#getCourses()
2026-09-01T17:02:11.371+05:00 DEBUG 7520 --- [http-nio-8089-exec-10] s.w.s.m.m.a.RequestMappingHandlerMapping : Mapped to com.codeneticx.nihaobackend.controller.V1Controller#getCourses()
2026-09-01T17:02:11.371+05:00 DEBUG 7520 --- [http-nio-8089-exec-10] s.w.s.m.m.a.RequestMappingHandlerMapping : Mapped to com.codeneticx.nihaobackend.controller.V1Controller#getCourses()
2026-09-01T17:02:11.371+05:00 DEBUG 7520 --- [http-nio-8089-exec-10] s.w.s.m.m.a.RequestMappingHandlerMapping : Mapped to com.codeneticx.nihaobackend.controller.V1Controller#getCourses()
2026-09-01T17:02:11.371+05:00 DEBUG 7520 --- [http-nio-8089-exec-10] s.w.s.m.m.a.RequestMappingHandlerMapping : Mapped to com.codeneticx.nihaobackend.controller.V1Controller#getCourses()
2026-09-01T17:02:11.371+05:00 DEBUG 7520 --- [http-nio-8089-exec-10] s.w.s.m.m.a.RequestMappingHandlerMapping : Mapped to com.codeneticx.nihaobackend.controller.V1Controller#getCourses()
2026-09-01T17:02:11.371+05:00 DEBUG 7520 --- [http-nio-8089-exec-10] s.w.s.m.m.a.RequestMappingHandlerMapping : Mapped to com.codeneticx.nihaobackend.controller.V1Controller#getCourses()
2026-09-01T17:02:11.371+05:00 DEBUG 7520 --- [http-nio-8089-exec-10] s.w.s.m.m.a.RequestMappingHandlerMapping : Mapped to com.codeneticx.nihaobackend.controller.V1Controller#getCourses()
2026-09-01T17:02:11.371+05:00 DEBUG 7520 --- [http-nio-8089-exec-10] s.w.s.m.m.a.RequestMappingHandlerMapping : Mapped to com.codeneticx.nihaobackend.controller.V1Controller#getCourses()
2026-09-01T17:02:11.371+05:00 DEBUG 7520 --- [http-nio-8089-exec-10] s.w.s.m.m.a.RequestMappingHandlerMapping : Mapped to com.codeneticx.nihaobackend.controller.V1Controller#getCourses()
2026-09-01T17:02:11.371+05:00 DEBUG 7520 --- [http-nio-8089-exec-10] s.w.s.m.m.a.RequestMappingHandlerMapping : Mapped to com.codeneticx.nihaobackend.controller.V1Controller#getCourses()
2026-09-01T17:02:11.372+05:00 DEBUG 7520 --- [http-nio-8089-exec-10] o.s.security.web.FilterChainProxy        : Secured GET /v1/courses
2026-09-01T17:02:11.372+05:00 DEBUG 7520 --- [http-nio-8089-exec-10] o.s.web.servlet.DispatcherServlet        : GET "/api/v1/courses", parameters={}
2026-09-01T17:02:11.372+05:00 DEBUG 7520 --- [http-nio-8089-exec-10] s.w.s.m.m.a.RequestMappingHandlerMapping : Mapped to com.codeneticx.nihaobackend.controller.V1Controller#getCourses()
2026-09-01T17:02:11.398+05:00 DEBUG 7520 --- [http-nio-8089-exec-10] m.m.a.RequestResponseBodyMethodProcessor : Using 'application/json', given [application/json] and supported [application/json, application/*+json]
2026-09-01T17:02:11.398+05:00 DEBUG 7520 --- [http-nio-8089-exec-10] m.m.a.RequestResponseBodyMethodProcessor : Writing [ApiResponse(success=true, message=Courses fetched successfully, data=[CourseListItemDto(id=0a2552cb- (truncated)...]
2026-09-01T17:02:11.399+05:00 DEBUG 7520 --- [http-nio-8089-exec-10] o.s.web.servlet.DispatcherServlet        : Completed 200 OK
2026-09-01T17:02:11.439+05:00 DEBUG 7520 --- [http-nio-8089-exec-1] o.s.security.web.FilterChainProxy        : Securing GET /v1/courses/0a2552cb-962e-40ef-9cfe-85a6e5830387/units?limit=20&offset=0
2026-09-01T17:02:11.447+05:00 DEBUG 7520 --- [http-nio-8089-exec-1] s.w.s.m.m.a.RequestMappingHandlerMapping : Mapped to com.codeneticx.nihaobackend.controller.V1Controller#getCourseUnits(String, int, int)
2026-09-01T17:02:11.447+05:00 DEBUG 7520 --- [http-nio-8089-exec-1] s.w.s.m.m.a.RequestMappingHandlerMapping : Mapped to com.codeneticx.nihaobackend.controller.V1Controller#getCourseUnits(String, int, int)
2026-09-01T17:02:11.447+05:00 DEBUG 7520 --- [http-nio-8089-exec-1] s.w.s.m.m.a.RequestMappingHandlerMapping : Mapped to com.codeneticx.nihaobackend.controller.V1Controller#getCourseUnits(String, int, int)
2026-09-01T17:02:11.447+05:00 DEBUG 7520 --- [http-nio-8089-exec-1] s.w.s.m.m.a.RequestMappingHandlerMapping : Mapped to com.codeneticx.nihaobackend.controller.V1Controller#getCourseUnits(String, int, int)
2026-09-01T17:02:11.447+05:00 DEBUG 7520 --- [http-nio-8089-exec-1] s.w.s.m.m.a.RequestMappingHandlerMapping : Mapped to com.codeneticx.nihaobackend.controller.V1Controller#getCourseUnits(String, int, int)
2026-09-01T17:02:11.447+05:00 DEBUG 7520 --- [http-nio-8089-exec-1] s.w.s.m.m.a.RequestMappingHandlerMapping : Mapped to com.codeneticx.nihaobackend.controller.V1Controller#getCourseUnits(String, int, int)
2026-09-01T17:02:11.447+05:00 DEBUG 7520 --- [http-nio-8089-exec-1] s.w.s.m.m.a.RequestMappingHandlerMapping : Mapped to com.codeneticx.nihaobackend.controller.V1Controller#getCourseUnits(String, int, int)
2026-09-01T17:02:11.448+05:00 DEBUG 7520 --- [http-nio-8089-exec-1] s.w.s.m.m.a.RequestMappingHandlerMapping : Mapped to com.codeneticx.nihaobackend.controller.V1Controller#getCourseUnits(String, int, int)
2026-09-01T17:02:11.448+05:00 DEBUG 7520 --- [http-nio-8089-exec-1] s.w.s.m.m.a.RequestMappingHandlerMapping : Mapped to com.codeneticx.nihaobackend.controller.V1Controller#getCourseUnits(String, int, int)
2026-09-01T17:02:11.448+05:00 DEBUG 7520 --- [http-nio-8089-exec-1] s.w.s.m.m.a.RequestMappingHandlerMapping : Mapped to com.codeneticx.nihaobackend.controller.V1Controller#getCourseUnits(String, int, int)
2026-09-01T17:02:11.449+05:00 DEBUG 7520 --- [http-nio-8089-exec-1] s.w.s.m.m.a.RequestMappingHandlerMapping : Mapped to com.codeneticx.nihaobackend.controller.V1Controller#getCourseUnits(String, int, int)
2026-09-01T17:02:11.449+05:00 DEBUG 7520 --- [http-nio-8089-exec-1] o.s.security.web.FilterChainProxy        : Secured GET /v1/courses/0a2552cb-962e-40ef-9cfe-85a6e5830387/units?limit=20&offset=0
2026-09-01T17:02:11.449+05:00 DEBUG 7520 --- [http-nio-8089-exec-1] o.s.web.servlet.DispatcherServlet        : GET "/api/v1/courses/0a2552cb-962e-40ef-9cfe-85a6e5830387/units?limit=20&offset=0", parameters={masked}
2026-09-01T17:02:11.449+05:00 DEBUG 7520 --- [http-nio-8089-exec-1] s.w.s.m.m.a.RequestMappingHandlerMapping : Mapped to com.codeneticx.nihaobackend.controller.V1Controller#getCourseUnits(String, int, int)
2026-09-01T17:02:11.476+05:00 DEBUG 7520 --- [http-nio-8089-exec-1] m.m.a.RequestResponseBodyMethodProcessor : Using 'application/json', given [application/json] and supported [application/json, application/*+json]
2026-09-01T17:02:11.476+05:00 DEBUG 7520 --- [http-nio-8089-exec-1] m.m.a.RequestResponseBodyMethodProcessor : Writing [ApiResponse(success=true, message=Units fetched successfully, data=[UnitJourneyNodeDto(id=f32cee8d-2 (truncated)...]
2026-09-01T17:02:11.478+05:00 DEBUG 7520 --- [http-nio-8089-exec-1] o.s.web.servlet.DispatcherServlet        : Completed 200 OK
2026-09-01T17:02:11.507+05:00 DEBUG 7520 --- [http-nio-8089-exec-2] o.s.security.web.FilterChainProxy        : Securing GET /v1/units/f32cee8d-264d-47e2-a3e0-6c4ede6e0e09/lessons
2026-09-01T17:02:11.516+05:00 DEBUG 7520 --- [http-nio-8089-exec-2] s.w.s.m.m.a.RequestMappingHandlerMapping : Mapped to com.codeneticx.nihaobackend.controller.V1Controller#getUnitLessons(String)
2026-09-01T17:02:11.516+05:00 DEBUG 7520 --- [http-nio-8089-exec-2] s.w.s.m.m.a.RequestMappingHandlerMapping : Mapped to com.codeneticx.nihaobackend.controller.V1Controller#getUnitLessons(String)
2026-09-01T17:02:11.516+05:00 DEBUG 7520 --- [http-nio-8089-exec-2] s.w.s.m.m.a.RequestMappingHandlerMapping : Mapped to com.codeneticx.nihaobackend.controller.V1Controller#getUnitLessons(String)
2026-09-01T17:02:11.517+05:00 DEBUG 7520 --- [http-nio-8089-exec-2] s.w.s.m.m.a.RequestMappingHandlerMapping : Mapped to com.codeneticx.nihaobackend.controller.V1Controller#getUnitLessons(String)
2026-09-01T17:02:11.517+05:00 DEBUG 7520 --- [http-nio-8089-exec-2] s.w.s.m.m.a.RequestMappingHandlerMapping : Mapped to com.codeneticx.nihaobackend.controller.V1Controller#getUnitLessons(String)
2026-09-01T17:02:11.519+05:00 DEBUG 7520 --- [http-nio-8089-exec-2] s.w.s.m.m.a.RequestMappingHandlerMapping : Mapped to com.codeneticx.nihaobackend.controller.V1Controller#getUnitLessons(String)
2026-09-01T17:02:11.519+05:00 DEBUG 7520 --- [http-nio-8089-exec-2] s.w.s.m.m.a.RequestMappingHandlerMapping : Mapped to com.codeneticx.nihaobackend.controller.V1Controller#getUnitLessons(String)
2026-09-01T17:02:11.521+05:00 DEBUG 7520 --- [http-nio-8089-exec-2] s.w.s.m.m.a.RequestMappingHandlerMapping : Mapped to com.codeneticx.nihaobackend.controller.V1Controller#getUnitLessons(String)
2026-09-01T17:02:11.523+05:00 DEBUG 7520 --- [http-nio-8089-exec-2] s.w.s.m.m.a.RequestMappingHandlerMapping : Mapped to com.codeneticx.nihaobackend.controller.V1Controller#getUnitLessons(String)
2026-09-01T17:02:11.525+05:00 DEBUG 7520 --- [http-nio-8089-exec-2] s.w.s.m.m.a.RequestMappingHandlerMapping : Mapped to com.codeneticx.nihaobackend.controller.V1Controller#getUnitLessons(String)
2026-09-01T17:02:11.525+05:00 DEBUG 7520 --- [http-nio-8089-exec-2] s.w.s.m.m.a.RequestMappingHandlerMapping : Mapped to com.codeneticx.nihaobackend.controller.V1Controller#getUnitLessons(String)
2026-09-01T17:02:11.526+05:00 DEBUG 7520 --- [http-nio-8089-exec-2] o.s.security.web.FilterChainProxy        : Secured GET /v1/units/f32cee8d-264d-47e2-a3e0-6c4ede6e0e09/lessons
2026-09-01T17:02:11.527+05:00 DEBUG 7520 --- [http-nio-8089-exec-2] o.s.web.servlet.DispatcherServlet        : GET "/api/v1/units/f32cee8d-264d-47e2-a3e0-6c4ede6e0e09/lessons", parameters={}
2026-09-01T17:02:11.527+05:00 DEBUG 7520 --- [http-nio-8089-exec-2] s.w.s.m.m.a.RequestMappingHandlerMapping : Mapped to com.codeneticx.nihaobackend.controller.V1Controller#getUnitLessons(String)
2026-09-01T17:02:11.545+05:00 DEBUG 7520 --- [http-nio-8089-exec-2] m.m.a.RequestResponseBodyMethodProcessor : Using 'application/json', given [application/json] and supported [application/json, application/*+json]
2026-09-01T17:02:11.545+05:00 DEBUG 7520 --- [http-nio-8089-exec-2] m.m.a.RequestResponseBodyMethodProcessor : Writing [ApiResponse(success=true, message=Lessons fetched successfully, data=[LessonJourneyNodeDto(id=780b13 (truncated)...]
2026-09-01T17:02:11.546+05:00 DEBUG 7520 --- [http-nio-8089-exec-2] o.s.web.servlet.DispatcherServlet        : Completed 200 OK
2026-09-01T17:02:11.608+05:00 DEBUG 7520 --- [http-nio-8089-exec-3] o.s.security.web.FilterChainProxy        : Securing GET /v1/courses/0a2552cb-962e-40ef-9cfe-85a6e5830387/progress
2026-09-01T17:02:11.621+05:00 DEBUG 7520 --- [http-nio-8089-exec-3] s.w.s.m.m.a.RequestMappingHandlerMapping : Mapped to com.codeneticx.nihaobackend.controller.V1Controller#getCourseProgress(String)
2026-09-01T17:02:11.622+05:00 DEBUG 7520 --- [http-nio-8089-exec-3] s.w.s.m.m.a.RequestMappingHandlerMapping : Mapped to com.codeneticx.nihaobackend.controller.V1Controller#getCourseProgress(String)
2026-09-01T17:02:11.622+05:00 DEBUG 7520 --- [http-nio-8089-exec-3] s.w.s.m.m.a.RequestMappingHandlerMapping : Mapped to com.codeneticx.nihaobackend.controller.V1Controller#getCourseProgress(String)
2026-09-01T17:02:11.622+05:00 DEBUG 7520 --- [http-nio-8089-exec-3] s.w.s.m.m.a.RequestMappingHandlerMapping : Mapped to com.codeneticx.nihaobackend.controller.V1Controller#getCourseProgress(String)
2026-09-01T17:02:11.622+05:00 DEBUG 7520 --- [http-nio-8089-exec-3] s.w.s.m.m.a.RequestMappingHandlerMapping : Mapped to com.codeneticx.nihaobackend.controller.V1Controller#getCourseProgress(String)
2026-09-01T17:02:11.623+05:00 DEBUG 7520 --- [http-nio-8089-exec-3] s.w.s.m.m.a.RequestMappingHandlerMapping : Mapped to com.codeneticx.nihaobackend.controller.V1Controller#getCourseProgress(String)
2026-09-01T17:02:11.623+05:00 DEBUG 7520 --- [http-nio-8089-exec-3] s.w.s.m.m.a.RequestMappingHandlerMapping : Mapped to com.codeneticx.nihaobackend.controller.V1Controller#getCourseProgress(String)
2026-09-01T17:02:11.623+05:00 DEBUG 7520 --- [http-nio-8089-exec-3] s.w.s.m.m.a.RequestMappingHandlerMapping : Mapped to com.codeneticx.nihaobackend.controller.V1Controller#getCourseProgress(String)
2026-09-01T17:02:11.624+05:00 DEBUG 7520 --- [http-nio-8089-exec-3] s.w.s.m.m.a.RequestMappingHandlerMapping : Mapped to com.codeneticx.nihaobackend.controller.V1Controller#getCourseProgress(String)
2026-09-01T17:02:11.624+05:00 DEBUG 7520 --- [http-nio-8089-exec-3] s.w.s.m.m.a.RequestMappingHandlerMapping : Mapped to com.codeneticx.nihaobackend.controller.V1Controller#getCourseProgress(String)
2026-09-01T17:02:11.625+05:00 DEBUG 7520 --- [http-nio-8089-exec-3] s.w.s.m.m.a.RequestMappingHandlerMapping : Mapped to com.codeneticx.nihaobackend.controller.V1Controller#getCourseProgress(String)
2026-09-01T17:02:11.625+05:00 DEBUG 7520 --- [http-nio-8089-exec-3] o.s.security.web.FilterChainProxy        : Secured GET /v1/courses/0a2552cb-962e-40ef-9cfe-85a6e5830387/progress
2026-09-01T17:02:11.625+05:00 DEBUG 7520 --- [http-nio-8089-exec-3] o.s.web.servlet.DispatcherServlet        : GET "/api/v1/courses/0a2552cb-962e-40ef-9cfe-85a6e5830387/progress", parameters={}
2026-09-01T17:02:11.626+05:00 DEBUG 7520 --- [http-nio-8089-exec-3] s.w.s.m.m.a.RequestMappingHandlerMapping : Mapped to com.codeneticx.nihaobackend.controller.V1Controller#getCourseProgress(String)
2026-09-01T17:02:11.651+05:00 DEBUG 7520 --- [http-nio-8089-exec-3] m.m.a.RequestResponseBodyMethodProcessor : Using 'application/json', given [application/json] and supported [application/json, application/*+json]
2026-09-01T17:02:11.651+05:00 DEBUG 7520 --- [http-nio-8089-exec-3] m.m.a.RequestResponseBodyMethodProcessor : Writing [ApiResponse(success=true, message=Course progress fetched successfully, data=CourseProgressDto(xp=40 (truncated)...]
2026-09-01T17:02:11.652+05:00 DEBUG 7520 --- [http-nio-8089-exec-3] o.s.web.servlet.DispatcherServlet        : Completed 200 OK
2026-09-01T17:02:11.765+05:00 DEBUG 7520 --- [HikariPool-1 housekeeper] com.zaxxer.hikari.pool.HikariPool        : HikariPool-1 - Pool stats (total=10, active=0, idle=10, waiting=0)
2026-09-01T17:02:11.765+05:00 DEBUG 7520 --- [HikariPool-1 housekeeper] com.zaxxer.hikari.pool.HikariPool        : HikariPool-1 - Fill pool skipped, pool has sufficient level or currently being filled (queueDepth=0).
2026-09-01T17:02:24.293+05:00 DEBUG 7520 --- [http-nio-8089-exec-4] o.s.security.web.FilterChainProxy        : Securing GET /v1/lessons/ba3f33d6-3ad2-44fe-9e22-1c9e8d78a09a/exercises
2026-09-01T17:02:24.300+05:00 DEBUG 7520 --- [http-nio-8089-exec-4] s.w.s.m.m.a.RequestMappingHandlerMapping : Mapped to com.codeneticx.nihaobackend.controller.V1Controller#getLessonExercises(String)
2026-09-01T17:02:24.301+05:00 DEBUG 7520 --- [http-nio-8089-exec-4] s.w.s.m.m.a.RequestMappingHandlerMapping : Mapped to com.codeneticx.nihaobackend.controller.V1Controller#getLessonExercises(String)
2026-09-01T17:02:24.301+05:00 DEBUG 7520 --- [http-nio-8089-exec-4] s.w.s.m.m.a.RequestMappingHandlerMapping : Mapped to com.codeneticx.nihaobackend.controller.V1Controller#getLessonExercises(String)
2026-09-01T17:02:24.302+05:00 DEBUG 7520 --- [http-nio-8089-exec-4] s.w.s.m.m.a.RequestMappingHandlerMapping : Mapped to com.codeneticx.nihaobackend.controller.V1Controller#getLessonExercises(String)
2026-09-01T17:02:24.302+05:00 DEBUG 7520 --- [http-nio-8089-exec-4] s.w.s.m.m.a.RequestMappingHandlerMapping : Mapped to com.codeneticx.nihaobackend.controller.V1Controller#getLessonExercises(String)
2026-09-01T17:02:24.302+05:00 DEBUG 7520 --- [http-nio-8089-exec-4] s.w.s.m.m.a.RequestMappingHandlerMapping : Mapped to com.codeneticx.nihaobackend.controller.V1Controller#getLessonExercises(String)
2026-09-01T17:02:24.303+05:00 DEBUG 7520 --- [http-nio-8089-exec-4] s.w.s.m.m.a.RequestMappingHandlerMapping : Mapped to com.codeneticx.nihaobackend.controller.V1Controller#getLessonExercises(String)
2026-09-01T17:02:24.303+05:00 DEBUG 7520 --- [http-nio-8089-exec-4] s.w.s.m.m.a.RequestMappingHandlerMapping : Mapped to com.codeneticx.nihaobackend.controller.V1Controller#getLessonExercises(String)
2026-09-01T17:02:24.303+05:00 DEBUG 7520 --- [http-nio-8089-exec-4] s.w.s.m.m.a.RequestMappingHandlerMapping : Mapped to com.codeneticx.nihaobackend.controller.V1Controller#getLessonExercises(String)
2026-09-01T17:02:24.304+05:00 DEBUG 7520 --- [http-nio-8089-exec-4] s.w.s.m.m.a.RequestMappingHandlerMapping : Mapped to com.codeneticx.nihaobackend.controller.V1Controller#getLessonExercises(String)
2026-09-01T17:02:24.304+05:00 DEBUG 7520 --- [http-nio-8089-exec-4] s.w.s.m.m.a.RequestMappingHandlerMapping : Mapped to com.codeneticx.nihaobackend.controller.V1Controller#getLessonExercises(String)
2026-09-01T17:02:24.304+05:00 DEBUG 7520 --- [http-nio-8089-exec-4] o.s.security.web.FilterChainProxy        : Secured GET /v1/lessons/ba3f33d6-3ad2-44fe-9e22-1c9e8d78a09a/exercises
2026-09-01T17:02:24.304+05:00 DEBUG 7520 --- [http-nio-8089-exec-4] o.s.web.servlet.DispatcherServlet        : GET "/api/v1/lessons/ba3f33d6-3ad2-44fe-9e22-1c9e8d78a09a/exercises", parameters={}
2026-09-01T17:02:24.306+05:00 DEBUG 7520 --- [http-nio-8089-exec-4] s.w.s.m.m.a.RequestMappingHandlerMapping : Mapped to com.codeneticx.nihaobackend.controller.V1Controller#getLessonExercises(String)
2026-09-01T17:02:24.314+05:00 DEBUG 7520 --- [http-nio-8089-exec-4] m.m.a.RequestResponseBodyMethodProcessor : Using 'application/json', given [application/json] and supported [application/json, application/*+json]
2026-09-01T17:02:24.314+05:00 DEBUG 7520 --- [http-nio-8089-exec-4] m.m.a.RequestResponseBodyMethodProcessor : Writing [ApiResponse(success=true, message=Exercises fetched successfully, data=[ExerciseNodeDto(id=3ff4944b- (truncated)...]
2026-09-01T17:02:24.315+05:00 DEBUG 7520 --- [http-nio-8089-exec-4] o.s.web.servlet.DispatcherServlet        : Completed 200 OK
2026-09-01T17:02:41.772+05:00 DEBUG 7520 --- [HikariPool-1 housekeeper] com.zaxxer.hikari.pool.HikariPool        : HikariPool-1 - Pool stats (total=10, active=0, idle=10, waiting=0)
2026-09-01T17:02:41.772+05:00 DEBUG 7520 --- [HikariPool-1 housekeeper] com.zaxxer.hikari.pool.HikariPool        : HikariPool-1 - Fill pool skipped, pool has sufficient level or currently being filled (queueDepth=0).
2026-09-01T17:02:42.115+05:00 DEBUG 7520 --- [http-nio-8089-exec-5] o.s.security.web.FilterChainProxy        : Securing POST /v1/api/lessons/ba3f33d6-3ad2-44fe-9e22-1c9e8d78a09a/complete
2026-09-01T17:02:42.120+05:00 DEBUG 7520 --- [http-nio-8089-exec-5] s.w.s.m.m.a.RequestMappingHandlerMapping : Mapped to com.codeneticx.nihaobackend.controller.V1ApiController#completeLesson(String, CompleteLessonRequest)
2026-09-01T17:02:42.120+05:00 DEBUG 7520 --- [http-nio-8089-exec-5] s.w.s.m.m.a.RequestMappingHandlerMapping : Mapped to com.codeneticx.nihaobackend.controller.V1ApiController#completeLesson(String, CompleteLessonRequest)
2026-09-01T17:02:42.121+05:00 DEBUG 7520 --- [http-nio-8089-exec-5] s.w.s.m.m.a.RequestMappingHandlerMapping : Mapped to com.codeneticx.nihaobackend.controller.V1ApiController#completeLesson(String, CompleteLessonRequest)
2026-09-01T17:02:42.121+05:00 DEBUG 7520 --- [http-nio-8089-exec-5] s.w.s.m.m.a.RequestMappingHandlerMapping : Mapped to com.codeneticx.nihaobackend.controller.V1ApiController#completeLesson(String, CompleteLessonRequest)
2026-09-01T17:02:42.121+05:00 DEBUG 7520 --- [http-nio-8089-exec-5] s.w.s.m.m.a.RequestMappingHandlerMapping : Mapped to com.codeneticx.nihaobackend.controller.V1ApiController#completeLesson(String, CompleteLessonRequest)
2026-09-01T17:02:42.121+05:00 DEBUG 7520 --- [http-nio-8089-exec-5] s.w.s.m.m.a.RequestMappingHandlerMapping : Mapped to com.codeneticx.nihaobackend.controller.V1ApiController#completeLesson(String, CompleteLessonRequest)
2026-09-01T17:02:42.121+05:00 DEBUG 7520 --- [http-nio-8089-exec-5] s.w.s.m.m.a.RequestMappingHandlerMapping : Mapped to com.codeneticx.nihaobackend.controller.V1ApiController#completeLesson(String, CompleteLessonRequest)
2026-09-01T17:02:42.121+05:00 DEBUG 7520 --- [http-nio-8089-exec-5] s.w.s.m.m.a.RequestMappingHandlerMapping : Mapped to com.codeneticx.nihaobackend.controller.V1ApiController#completeLesson(String, CompleteLessonRequest)
2026-09-01T17:02:42.121+05:00 DEBUG 7520 --- [http-nio-8089-exec-5] s.w.s.m.m.a.RequestMappingHandlerMapping : Mapped to com.codeneticx.nihaobackend.controller.V1ApiController#completeLesson(String, CompleteLessonRequest)
2026-09-01T17:02:42.121+05:00 DEBUG 7520 --- [http-nio-8089-exec-5] s.w.s.m.m.a.RequestMappingHandlerMapping : Mapped to com.codeneticx.nihaobackend.controller.V1ApiController#completeLesson(String, CompleteLessonRequest)
2026-09-01T17:02:42.122+05:00 DEBUG 7520 --- [http-nio-8089-exec-5] s.w.s.m.m.a.RequestMappingHandlerMapping : Mapped to com.codeneticx.nihaobackend.controller.V1ApiController#completeLesson(String, CompleteLessonRequest)
2026-09-01T17:02:42.122+05:00 DEBUG 7520 --- [http-nio-8089-exec-5] o.s.security.web.FilterChainProxy        : Secured POST /v1/api/lessons/ba3f33d6-3ad2-44fe-9e22-1c9e8d78a09a/complete
2026-09-01T17:02:42.122+05:00 DEBUG 7520 --- [http-nio-8089-exec-5] o.s.web.servlet.DispatcherServlet        : POST "/api/v1/api/lessons/ba3f33d6-3ad2-44fe-9e22-1c9e8d78a09a/complete", parameters={}
2026-09-01T17:02:42.122+05:00 DEBUG 7520 --- [http-nio-8089-exec-5] s.w.s.m.m.a.RequestMappingHandlerMapping : Mapped to com.codeneticx.nihaobackend.controller.V1ApiController#completeLesson(String, CompleteLessonRequest)
2026-09-01T17:02:42.127+05:00 DEBUG 7520 --- [http-nio-8089-exec-5] m.m.a.RequestResponseBodyMethodProcessor : Read "application/json;charset=UTF-8" to [CompleteLessonRequest(earnedCrowns=1, xpEarned=20, perfect=false)]
2026-09-01T17:02:42.160+05:00 DEBUG 7520 --- [http-nio-8089-exec-5] .m.m.a.ExceptionHandlerExceptionResolver : Using @ExceptionHandler com.codeneticx.nihaobackend.exception.GlobalExceptionHandler#handleBadRequest(BadRequestException)
2026-09-01T17:02:42.163+05:00 DEBUG 7520 --- [http-nio-8089-exec-5] o.s.w.s.m.m.a.HttpEntityMethodProcessor  : Using 'application/json', given [application/json] and supported [application/json, application/*+json]
2026-09-01T17:02:42.163+05:00 DEBUG 7520 --- [http-nio-8089-exec-5] o.s.w.s.m.m.a.HttpEntityMethodProcessor  : Writing [ApiResponse(success=false, message=Lesson already completed, data=null, error=null)]
2026-09-01T17:02:42.165+05:00  WARN 7520 --- [http-nio-8089-exec-5] .m.m.a.ExceptionHandlerExceptionResolver : Resolved [com.codeneticx.nihaobackend.exception.BadRequestException: Lesson already completed]
2026-09-01T17:02:42.165+05:00 DEBUG 7520 --- [http-nio-8089-exec-5] o.s.web.servlet.DispatcherServlet        : Completed 400 BAD_REQUEST
2026-09-01T17:02:50.220+05:00 DEBUG 7520 --- [http-nio-8089-exec-6] o.s.security.web.FilterChainProxy        : Securing GET /v1/courses
2026-09-01T17:02:50.224+05:00 DEBUG 7520 --- [http-nio-8089-exec-6] s.w.s.m.m.a.RequestMappingHandlerMapping : Mapped to com.codeneticx.nihaobackend.controller.V1Controller#getCourses()
2026-09-01T17:02:50.224+05:00 DEBUG 7520 --- [http-nio-8089-exec-6] s.w.s.m.m.a.RequestMappingHandlerMapping : Mapped to com.codeneticx.nihaobackend.controller.V1Controller#getCourses()
2026-09-01T17:02:50.224+05:00 DEBUG 7520 --- [http-nio-8089-exec-6] s.w.s.m.m.a.RequestMappingHandlerMapping : Mapped to com.codeneticx.nihaobackend.controller.V1Controller#getCourses()
2026-09-01T17:02:50.224+05:00 DEBUG 7520 --- [http-nio-8089-exec-6] s.w.s.m.m.a.RequestMappingHandlerMapping : Mapped to com.codeneticx.nihaobackend.controller.V1Controller#getCourses()
2026-09-01T17:02:50.224+05:00 DEBUG 7520 --- [http-nio-8089-exec-6] s.w.s.m.m.a.RequestMappingHandlerMapping : Mapped to com.codeneticx.nihaobackend.controller.V1Controller#getCourses()
2026-09-01T17:02:50.224+05:00 DEBUG 7520 --- [http-nio-8089-exec-6] s.w.s.m.m.a.RequestMappingHandlerMapping : Mapped to com.codeneticx.nihaobackend.controller.V1Controller#getCourses()
2026-09-01T17:02:50.224+05:00 DEBUG 7520 --- [http-nio-8089-exec-6] s.w.s.m.m.a.RequestMappingHandlerMapping : Mapped to com.codeneticx.nihaobackend.controller.V1Controller#getCourses()
2026-09-01T17:02:50.224+05:00 DEBUG 7520 --- [http-nio-8089-exec-6] s.w.s.m.m.a.RequestMappingHandlerMapping : Mapped to com.codeneticx.nihaobackend.controller.V1Controller#getCourses()
2026-09-01T17:02:50.224+05:00 DEBUG 7520 --- [http-nio-8089-exec-6] s.w.s.m.m.a.RequestMappingHandlerMapping : Mapped to com.codeneticx.nihaobackend.controller.V1Controller#getCourses()
2026-09-01T17:02:50.224+05:00 DEBUG 7520 --- [http-nio-8089-exec-6] s.w.s.m.m.a.RequestMappingHandlerMapping : Mapped to com.codeneticx.nihaobackend.controller.V1Controller#getCourses()
2026-09-01T17:02:50.225+05:00 DEBUG 7520 --- [http-nio-8089-exec-6] s.w.s.m.m.a.RequestMappingHandlerMapping : Mapped to com.codeneticx.nihaobackend.controller.V1Controller#getCourses()
2026-09-01T17:02:50.225+05:00 DEBUG 7520 --- [http-nio-8089-exec-6] o.s.security.web.FilterChainProxy        : Secured GET /v1/courses
2026-09-01T17:02:50.225+05:00 DEBUG 7520 --- [http-nio-8089-exec-6] o.s.web.servlet.DispatcherServlet        : GET "/api/v1/courses", parameters={}
2026-09-01T17:02:50.225+05:00 DEBUG 7520 --- [http-nio-8089-exec-6] s.w.s.m.m.a.RequestMappingHandlerMapping : Mapped to com.codeneticx.nihaobackend.controller.V1Controller#getCourses()
2026-09-01T17:02:50.255+05:00 DEBUG 7520 --- [http-nio-8089-exec-6] m.m.a.RequestResponseBodyMethodProcessor : Using 'application/json', given [application/json] and supported [application/json, application/*+json]
2026-09-01T17:02:50.255+05:00 DEBUG 7520 --- [http-nio-8089-exec-6] m.m.a.RequestResponseBodyMethodProcessor : Writing [ApiResponse(success=true, message=Courses fetched successfully, data=[CourseListItemDto(id=0a2552cb- (truncated)...]
2026-09-01T17:02:50.256+05:00 DEBUG 7520 --- [http-nio-8089-exec-6] o.s.web.servlet.DispatcherServlet        : Completed 200 OK
2026-09-01T17:02:50.285+05:00 DEBUG 7520 --- [http-nio-8089-exec-7] o.s.security.web.FilterChainProxy        : Securing GET /v1/courses/0a2552cb-962e-40ef-9cfe-85a6e5830387/units?limit=20&offset=0
2026-09-01T17:02:50.291+05:00 DEBUG 7520 --- [http-nio-8089-exec-7] s.w.s.m.m.a.RequestMappingHandlerMapping : Mapped to com.codeneticx.nihaobackend.controller.V1Controller#getCourseUnits(String, int, int)
2026-09-01T17:02:50.292+05:00 DEBUG 7520 --- [http-nio-8089-exec-7] s.w.s.m.m.a.RequestMappingHandlerMapping : Mapped to com.codeneticx.nihaobackend.controller.V1Controller#getCourseUnits(String, int, int)
2026-09-01T17:02:50.292+05:00 DEBUG 7520 --- [http-nio-8089-exec-7] s.w.s.m.m.a.RequestMappingHandlerMapping : Mapped to com.codeneticx.nihaobackend.controller.V1Controller#getCourseUnits(String, int, int)
2026-09-01T17:02:50.292+05:00 DEBUG 7520 --- [http-nio-8089-exec-7] s.w.s.m.m.a.RequestMappingHandlerMapping : Mapped to com.codeneticx.nihaobackend.controller.V1Controller#getCourseUnits(String, int, int)
2026-09-01T17:02:50.292+05:00 DEBUG 7520 --- [http-nio-8089-exec-7] s.w.s.m.m.a.RequestMappingHandlerMapping : Mapped to com.codeneticx.nihaobackend.controller.V1Controller#getCourseUnits(String, int, int)
2026-09-01T17:02:50.292+05:00 DEBUG 7520 --- [http-nio-8089-exec-7] s.w.s.m.m.a.RequestMappingHandlerMapping : Mapped to com.codeneticx.nihaobackend.controller.V1Controller#getCourseUnits(String, int, int)
2026-09-01T17:02:50.292+05:00 DEBUG 7520 --- [http-nio-8089-exec-7] s.w.s.m.m.a.RequestMappingHandlerMapping : Mapped to com.codeneticx.nihaobackend.controller.V1Controller#getCourseUnits(String, int, int)
2026-09-01T17:02:50.293+05:00 DEBUG 7520 --- [http-nio-8089-exec-7] s.w.s.m.m.a.RequestMappingHandlerMapping : Mapped to com.codeneticx.nihaobackend.controller.V1Controller#getCourseUnits(String, int, int)
2026-09-01T17:02:50.293+05:00 DEBUG 7520 --- [http-nio-8089-exec-7] s.w.s.m.m.a.RequestMappingHandlerMapping : Mapped to com.codeneticx.nihaobackend.controller.V1Controller#getCourseUnits(String, int, int)
2026-09-01T17:02:50.293+05:00 DEBUG 7520 --- [http-nio-8089-exec-7] s.w.s.m.m.a.RequestMappingHandlerMapping : Mapped to com.codeneticx.nihaobackend.controller.V1Controller#getCourseUnits(String, int, int)
2026-09-01T17:02:50.293+05:00 DEBUG 7520 --- [http-nio-8089-exec-7] s.w.s.m.m.a.RequestMappingHandlerMapping : Mapped to com.codeneticx.nihaobackend.controller.V1Controller#getCourseUnits(String, int, int)
2026-09-01T17:02:50.293+05:00 DEBUG 7520 --- [http-nio-8089-exec-7] o.s.security.web.FilterChainProxy        : Secured GET /v1/courses/0a2552cb-962e-40ef-9cfe-85a6e5830387/units?limit=20&offset=0
2026-09-01T17:02:50.293+05:00 DEBUG 7520 --- [http-nio-8089-exec-7] o.s.web.servlet.DispatcherServlet        : GET "/api/v1/courses/0a2552cb-962e-40ef-9cfe-85a6e5830387/units?limit=20&offset=0", parameters={masked}
2026-09-01T17:02:50.293+05:00 DEBUG 7520 --- [http-nio-8089-exec-7] s.w.s.m.m.a.RequestMappingHandlerMapping : Mapped to com.codeneticx.nihaobackend.controller.V1Controller#getCourseUnits(String, int, int)
2026-09-01T17:02:50.308+05:00 DEBUG 7520 --- [http-nio-8089-exec-7] m.m.a.RequestResponseBodyMethodProcessor : Using 'application/json', given [application/json] and supported [application/json, application/*+json]
2026-09-01T17:02:50.308+05:00 DEBUG 7520 --- [http-nio-8089-exec-7] m.m.a.RequestResponseBodyMethodProcessor : Writing [ApiResponse(success=true, message=Units fetched successfully, data=[UnitJourneyNodeDto(id=f32cee8d-2 (truncated)...]
2026-09-01T17:02:50.310+05:00 DEBUG 7520 --- [http-nio-8089-exec-7] o.s.web.servlet.DispatcherServlet        : Completed 200 OK
2026-09-01T17:02:50.332+05:00 DEBUG 7520 --- [http-nio-8089-exec-8] o.s.security.web.FilterChainProxy        : Securing GET /v1/units/f32cee8d-264d-47e2-a3e0-6c4ede6e0e09/lessons
2026-09-01T17:02:50.338+05:00 DEBUG 7520 --- [http-nio-8089-exec-8] s.w.s.m.m.a.RequestMappingHandlerMapping : Mapped to com.codeneticx.nihaobackend.controller.V1Controller#getUnitLessons(String)
2026-09-01T17:02:50.338+05:00 DEBUG 7520 --- [http-nio-8089-exec-8] s.w.s.m.m.a.RequestMappingHandlerMapping : Mapped to com.codeneticx.nihaobackend.controller.V1Controller#getUnitLessons(String)
2026-09-01T17:02:50.338+05:00 DEBUG 7520 --- [http-nio-8089-exec-8] s.w.s.m.m.a.RequestMappingHandlerMapping : Mapped to com.codeneticx.nihaobackend.controller.V1Controller#getUnitLessons(String)
2026-09-01T17:02:50.338+05:00 DEBUG 7520 --- [http-nio-8089-exec-8] s.w.s.m.m.a.RequestMappingHandlerMapping : Mapped to com.codeneticx.nihaobackend.controller.V1Controller#getUnitLessons(String)
2026-09-01T17:02:50.338+05:00 DEBUG 7520 --- [http-nio-8089-exec-8] s.w.s.m.m.a.RequestMappingHandlerMapping : Mapped to com.codeneticx.nihaobackend.controller.V1Controller#getUnitLessons(String)
2026-09-01T17:02:50.338+05:00 DEBUG 7520 --- [http-nio-8089-exec-8] s.w.s.m.m.a.RequestMappingHandlerMapping : Mapped to com.codeneticx.nihaobackend.controller.V1Controller#getUnitLessons(String)
2026-09-01T17:02:50.338+05:00 DEBUG 7520 --- [http-nio-8089-exec-8] s.w.s.m.m.a.RequestMappingHandlerMapping : Mapped to com.codeneticx.nihaobackend.controller.V1Controller#getUnitLessons(String)
2026-09-01T17:02:50.339+05:00 DEBUG 7520 --- [http-nio-8089-exec-8] s.w.s.m.m.a.RequestMappingHandlerMapping : Mapped to com.codeneticx.nihaobackend.controller.V1Controller#getUnitLessons(String)
2026-09-01T17:02:50.339+05:00 DEBUG 7520 --- [http-nio-8089-exec-8] s.w.s.m.m.a.RequestMappingHandlerMapping : Mapped to com.codeneticx.nihaobackend.controller.V1Controller#getUnitLessons(String)
2026-09-01T17:02:50.339+05:00 DEBUG 7520 --- [http-nio-8089-exec-8] s.w.s.m.m.a.RequestMappingHandlerMapping : Mapped to com.codeneticx.nihaobackend.controller.V1Controller#getUnitLessons(String)
2026-09-01T17:02:50.339+05:00 DEBUG 7520 --- [http-nio-8089-exec-8] s.w.s.m.m.a.RequestMappingHandlerMapping : Mapped to com.codeneticx.nihaobackend.controller.V1Controller#getUnitLessons(String)
2026-09-01T17:02:50.339+05:00 DEBUG 7520 --- [http-nio-8089-exec-8] o.s.security.web.FilterChainProxy        : Secured GET /v1/units/f32cee8d-264d-47e2-a3e0-6c4ede6e0e09/lessons
2026-09-01T17:02:50.339+05:00 DEBUG 7520 --- [http-nio-8089-exec-8] o.s.web.servlet.DispatcherServlet        : GET "/api/v1/units/f32cee8d-264d-47e2-a3e0-6c4ede6e0e09/lessons", parameters={}
2026-09-01T17:02:50.339+05:00 DEBUG 7520 --- [http-nio-8089-exec-8] s.w.s.m.m.a.RequestMappingHandlerMapping : Mapped to com.codeneticx.nihaobackend.controller.V1Controller#getUnitLessons(String)
2026-09-01T17:02:50.350+05:00 DEBUG 7520 --- [http-nio-8089-exec-8] m.m.a.RequestResponseBodyMethodProcessor : Using 'application/json', given [application/json] and supported [application/json, application/*+json]
2026-09-01T17:02:50.350+05:00 DEBUG 7520 --- [http-nio-8089-exec-8] m.m.a.RequestResponseBodyMethodProcessor : Writing [ApiResponse(success=true, message=Lessons fetched successfully, data=[LessonJourneyNodeDto(id=780b13 (truncated)...]
2026-09-01T17:02:50.350+05:00 DEBUG 7520 --- [http-nio-8089-exec-8] o.s.web.servlet.DispatcherServlet        : Completed 200 OK
2026-09-01T17:02:50.366+05:00 DEBUG 7520 --- [http-nio-8089-exec-9] o.s.security.web.FilterChainProxy        : Securing GET /v1/courses/0a2552cb-962e-40ef-9cfe-85a6e5830387/progress
2026-09-01T17:02:50.372+05:00 DEBUG 7520 --- [http-nio-8089-exec-9] s.w.s.m.m.a.RequestMappingHandlerMapping : Mapped to com.codeneticx.nihaobackend.controller.V1Controller#getCourseProgress(String)
2026-09-01T17:02:50.372+05:00 DEBUG 7520 --- [http-nio-8089-exec-9] s.w.s.m.m.a.RequestMappingHandlerMapping : Mapped to com.codeneticx.nihaobackend.controller.V1Controller#getCourseProgress(String)
2026-09-01T17:02:50.373+05:00 DEBUG 7520 --- [http-nio-8089-exec-9] s.w.s.m.m.a.RequestMappingHandlerMapping : Mapped to com.codeneticx.nihaobackend.controller.V1Controller#getCourseProgress(String)
2026-09-01T17:02:50.373+05:00 DEBUG 7520 --- [http-nio-8089-exec-9] s.w.s.m.m.a.RequestMappingHandlerMapping : Mapped to com.codeneticx.nihaobackend.controller.V1Controller#getCourseProgress(String)
2026-09-01T17:02:50.373+05:00 DEBUG 7520 --- [http-nio-8089-exec-9] s.w.s.m.m.a.RequestMappingHandlerMapping : Mapped to com.codeneticx.nihaobackend.controller.V1Controller#getCourseProgress(String)
2026-09-01T17:02:50.373+05:00 DEBUG 7520 --- [http-nio-8089-exec-9] s.w.s.m.m.a.RequestMappingHandlerMapping : Mapped to com.codeneticx.nihaobackend.controller.V1Controller#getCourseProgress(String)
2026-09-01T17:02:50.373+05:00 DEBUG 7520 --- [http-nio-8089-exec-9] s.w.s.m.m.a.RequestMappingHandlerMapping : Mapped to com.codeneticx.nihaobackend.controller.V1Controller#getCourseProgress(String)
2026-09-01T17:02:50.373+05:00 DEBUG 7520 --- [http-nio-8089-exec-9] s.w.s.m.m.a.RequestMappingHandlerMapping : Mapped to com.codeneticx.nihaobackend.controller.V1Controller#getCourseProgress(String)
2026-09-01T17:02:50.373+05:00 DEBUG 7520 --- [http-nio-8089-exec-9] s.w.s.m.m.a.RequestMappingHandlerMapping : Mapped to com.codeneticx.nihaobackend.controller.V1Controller#getCourseProgress(String)
2026-09-01T17:02:50.382+05:00 DEBUG 7520 --- [http-nio-8089-exec-9] s.w.s.m.m.a.RequestMappingHandlerMapping : Mapped to com.codeneticx.nihaobackend.controller.V1Controller#getCourseProgress(String)
2026-09-01T17:02:50.382+05:00 DEBUG 7520 --- [http-nio-8089-exec-9] s.w.s.m.m.a.RequestMappingHandlerMapping : Mapped to com.codeneticx.nihaobackend.controller.V1Controller#getCourseProgress(String)
2026-09-01T17:02:50.382+05:00 DEBUG 7520 --- [http-nio-8089-exec-9] o.s.security.web.FilterChainProxy        : Secured GET /v1/courses/0a2552cb-962e-40ef-9cfe-85a6e5830387/progress
2026-09-01T17:02:50.382+05:00 DEBUG 7520 --- [http-nio-8089-exec-9] o.s.web.servlet.DispatcherServlet        : GET "/api/v1/courses/0a2552cb-962e-40ef-9cfe-85a6e5830387/progress", parameters={}
2026-09-01T17:02:50.382+05:00 DEBUG 7520 --- [http-nio-8089-exec-9] s.w.s.m.m.a.RequestMappingHandlerMapping : Mapped to com.codeneticx.nihaobackend.controller.V1Controller#getCourseProgress(String)
2026-09-01T17:02:50.400+05:00 DEBUG 7520 --- [http-nio-8089-exec-9] m.m.a.RequestResponseBodyMethodProcessor : Using 'application/json', given [application/json] and supported [application/json, application/*+json]
2026-09-01T17:02:50.400+05:00 DEBUG 7520 --- [http-nio-8089-exec-9] m.m.a.RequestResponseBodyMethodProcessor : Writing [ApiResponse(success=true, message=Course progress fetched successfully, data=CourseProgressDto(xp=40 (truncated)...]
2026-09-01T17:02:50.401+05:00 DEBUG 7520 --- [http-nio-8089-exec-9] o.s.web.servlet.DispatcherServlet        : Completed 200 OK
2026-09-01T17:02:54.440+05:00 DEBUG 7520 --- [http-nio-8089-exec-10] o.s.security.web.FilterChainProxy        : Securing GET /v1/lessons/ba3f33d6-3ad2-44fe-9e22-1c9e8d78a09a/exercises
2026-09-01T17:02:54.446+05:00 DEBUG 7520 --- [http-nio-8089-exec-10] s.w.s.m.m.a.RequestMappingHandlerMapping : Mapped to com.codeneticx.nihaobackend.controller.V1Controller#getLessonExercises(String)
2026-09-01T17:02:54.446+05:00 DEBUG 7520 --- [http-nio-8089-exec-10] s.w.s.m.m.a.RequestMappingHandlerMapping : Mapped to com.codeneticx.nihaobackend.controller.V1Controller#getLessonExercises(String)
2026-09-01T17:02:54.446+05:00 DEBUG 7520 --- [http-nio-8089-exec-10] s.w.s.m.m.a.RequestMappingHandlerMapping : Mapped to com.codeneticx.nihaobackend.controller.V1Controller#getLessonExercises(String)
2026-09-01T17:02:54.446+05:00 DEBUG 7520 --- [http-nio-8089-exec-10] s.w.s.m.m.a.RequestMappingHandlerMapping : Mapped to com.codeneticx.nihaobackend.controller.V1Controller#getLessonExercises(String)
2026-09-01T17:02:54.446+05:00 DEBUG 7520 --- [http-nio-8089-exec-10] s.w.s.m.m.a.RequestMappingHandlerMapping : Mapped to com.codeneticx.nihaobackend.controller.V1Controller#getLessonExercises(String)
2026-09-01T17:02:54.447+05:00 DEBUG 7520 --- [http-nio-8089-exec-10] s.w.s.m.m.a.RequestMappingHandlerMapping : Mapped to com.codeneticx.nihaobackend.controller.V1Controller#getLessonExercises(String)
2026-09-01T17:02:54.447+05:00 DEBUG 7520 --- [http-nio-8089-exec-10] s.w.s.m.m.a.RequestMappingHandlerMapping : Mapped to com.codeneticx.nihaobackend.controller.V1Controller#getLessonExercises(String)
2026-09-01T17:02:54.447+05:00 DEBUG 7520 --- [http-nio-8089-exec-10] s.w.s.m.m.a.RequestMappingHandlerMapping : Mapped to com.codeneticx.nihaobackend.controller.V1Controller#getLessonExercises(String)
2026-09-01T17:02:54.447+05:00 DEBUG 7520 --- [http-nio-8089-exec-10] s.w.s.m.m.a.RequestMappingHandlerMapping : Mapped to com.codeneticx.nihaobackend.controller.V1Controller#getLessonExercises(String)
2026-09-01T17:02:54.448+05:00 DEBUG 7520 --- [http-nio-8089-exec-10] s.w.s.m.m.a.RequestMappingHandlerMapping : Mapped to com.codeneticx.nihaobackend.controller.V1Controller#getLessonExercises(String)
2026-09-01T17:02:54.448+05:00 DEBUG 7520 --- [http-nio-8089-exec-10] s.w.s.m.m.a.RequestMappingHandlerMapping : Mapped to com.codeneticx.nihaobackend.controller.V1Controller#getLessonExercises(String)
2026-09-01T17:02:54.448+05:00 DEBUG 7520 --- [http-nio-8089-exec-10] o.s.security.web.FilterChainProxy        : Secured GET /v1/lessons/ba3f33d6-3ad2-44fe-9e22-1c9e8d78a09a/exercises
2026-09-01T17:02:54.448+05:00 DEBUG 7520 --- [http-nio-8089-exec-10] o.s.web.servlet.DispatcherServlet        : GET "/api/v1/lessons/ba3f33d6-3ad2-44fe-9e22-1c9e8d78a09a/exercises", parameters={}
2026-09-01T17:02:54.448+05:00 DEBUG 7520 --- [http-nio-8089-exec-10] s.w.s.m.m.a.RequestMappingHandlerMapping : Mapped to com.codeneticx.nihaobackend.controller.V1Controller#getLessonExercises(String)
2026-09-01T17:02:54.460+05:00 DEBUG 7520 --- [http-nio-8089-exec-10] m.m.a.RequestResponseBodyMethodProcessor : Using 'application/json', given [application/json] and supported [application/json, application/*+json]
2026-09-01T17:02:54.460+05:00 DEBUG 7520 --- [http-nio-8089-exec-10] m.m.a.RequestResponseBodyMethodProcessor : Writing [ApiResponse(success=true, message=Exercises fetched successfully, data=[ExerciseNodeDto(id=3ff4944b- (truncated)...]
2026-09-01T17:02:54.461+05:00 DEBUG 7520 --- [http-nio-8089-exec-10] o.s.web.servlet.DispatcherServlet        : Completed 200 OK
2026-09-01T17:03:11.775+05:00 DEBUG 7520 --- [HikariPool-1 housekeeper] com.zaxxer.hikari.pool.HikariPool        : HikariPool-1 - Pool stats (total=10, active=0, idle=10, waiting=0)
2026-09-01T17:03:11.775+05:00 DEBUG 7520 --- [HikariPool-1 housekeeper] com.zaxxer.hikari.pool.HikariPool        : HikariPool-1 - Fill pool skipped, pool has sufficient level or currently being filled (queueDepth=0).
2026-09-01T17:03:27.750+05:00 DEBUG 7520 --- [http-nio-8089-exec-1] o.s.security.web.FilterChainProxy        : Securing GET /v1/courses
2026-09-01T17:03:27.758+05:00 DEBUG 7520 --- [http-nio-8089-exec-1] s.w.s.m.m.a.RequestMappingHandlerMapping : Mapped to com.codeneticx.nihaobackend.controller.V1Controller#getCourses()
2026-09-01T17:03:27.758+05:00 DEBUG 7520 --- [http-nio-8089-exec-1] s.w.s.m.m.a.RequestMappingHandlerMapping : Mapped to com.codeneticx.nihaobackend.controller.V1Controller#getCourses()
2026-09-01T17:03:27.758+05:00 DEBUG 7520 --- [http-nio-8089-exec-1] s.w.s.m.m.a.RequestMappingHandlerMapping : Mapped to com.codeneticx.nihaobackend.controller.V1Controller#getCourses()
2026-09-01T17:03:27.759+05:00 DEBUG 7520 --- [http-nio-8089-exec-1] s.w.s.m.m.a.RequestMappingHandlerMapping : Mapped to com.codeneticx.nihaobackend.controller.V1Controller#getCourses()
2026-09-01T17:03:27.759+05:00 DEBUG 7520 --- [http-nio-8089-exec-1] s.w.s.m.m.a.RequestMappingHandlerMapping : Mapped to com.codeneticx.nihaobackend.controller.V1Controller#getCourses()
2026-09-01T17:03:27.759+05:00 DEBUG 7520 --- [http-nio-8089-exec-1] s.w.s.m.m.a.RequestMappingHandlerMapping : Mapped to com.codeneticx.nihaobackend.controller.V1Controller#getCourses()
2026-09-01T17:03:27.759+05:00 DEBUG 7520 --- [http-nio-8089-exec-1] s.w.s.m.m.a.RequestMappingHandlerMapping : Mapped to com.codeneticx.nihaobackend.controller.V1Controller#getCourses()
2026-09-01T17:03:27.759+05:00 DEBUG 7520 --- [http-nio-8089-exec-1] s.w.s.m.m.a.RequestMappingHandlerMapping : Mapped to com.codeneticx.nihaobackend.controller.V1Controller#getCourses()
2026-09-01T17:03:27.759+05:00 DEBUG 7520 --- [http-nio-8089-exec-1] s.w.s.m.m.a.RequestMappingHandlerMapping : Mapped to com.codeneticx.nihaobackend.controller.V1Controller#getCourses()
2026-09-01T17:03:27.759+05:00 DEBUG 7520 --- [http-nio-8089-exec-1] s.w.s.m.m.a.RequestMappingHandlerMapping : Mapped to com.codeneticx.nihaobackend.controller.V1Controller#getCourses()
2026-09-01T17:03:27.759+05:00 DEBUG 7520 --- [http-nio-8089-exec-1] s.w.s.m.m.a.RequestMappingHandlerMapping : Mapped to com.codeneticx.nihaobackend.controller.V1Controller#getCourses()
2026-09-01T17:03:27.759+05:00 DEBUG 7520 --- [http-nio-8089-exec-1] o.s.security.web.FilterChainProxy        : Secured GET /v1/courses
2026-09-01T17:03:27.759+05:00 DEBUG 7520 --- [http-nio-8089-exec-1] o.s.web.servlet.DispatcherServlet        : GET "/api/v1/courses", parameters={}
2026-09-01T17:03:27.759+05:00 DEBUG 7520 --- [http-nio-8089-exec-1] s.w.s.m.m.a.RequestMappingHandlerMapping : Mapped to com.codeneticx.nihaobackend.controller.V1Controller#getCourses()
2026-09-01T17:03:27.785+05:00 DEBUG 7520 --- [http-nio-8089-exec-1] m.m.a.RequestResponseBodyMethodProcessor : Using 'application/json', given [application/json] and supported [application/json, application/*+json]
2026-09-01T17:03:27.786+05:00 DEBUG 7520 --- [http-nio-8089-exec-1] m.m.a.RequestResponseBodyMethodProcessor : Writing [ApiResponse(success=true, message=Courses fetched successfully, data=[CourseListItemDto(id=0a2552cb- (truncated)...]
2026-09-01T17:03:27.786+05:00 DEBUG 7520 --- [http-nio-8089-exec-1] o.s.web.servlet.DispatcherServlet        : Completed 200 OK
2026-09-01T17:03:27.813+05:00 DEBUG 7520 --- [http-nio-8089-exec-2] o.s.security.web.FilterChainProxy        : Securing GET /v1/courses/0a2552cb-962e-40ef-9cfe-85a6e5830387/units?limit=20&offset=0
2026-09-01T17:03:27.821+05:00 DEBUG 7520 --- [http-nio-8089-exec-2] s.w.s.m.m.a.RequestMappingHandlerMapping : Mapped to com.codeneticx.nihaobackend.controller.V1Controller#getCourseUnits(String, int, int)
2026-09-01T17:03:27.821+05:00 DEBUG 7520 --- [http-nio-8089-exec-2] s.w.s.m.m.a.RequestMappingHandlerMapping : Mapped to com.codeneticx.nihaobackend.controller.V1Controller#getCourseUnits(String, int, int)
2026-09-01T17:03:27.821+05:00 DEBUG 7520 --- [http-nio-8089-exec-2] s.w.s.m.m.a.RequestMappingHandlerMapping : Mapped to com.codeneticx.nihaobackend.controller.V1Controller#getCourseUnits(String, int, int)
2026-09-01T17:03:27.821+05:00 DEBUG 7520 --- [http-nio-8089-exec-2] s.w.s.m.m.a.RequestMappingHandlerMapping : Mapped to com.codeneticx.nihaobackend.controller.V1Controller#getCourseUnits(String, int, int)
2026-09-01T17:03:27.821+05:00 DEBUG 7520 --- [http-nio-8089-exec-2] s.w.s.m.m.a.RequestMappingHandlerMapping : Mapped to com.codeneticx.nihaobackend.controller.V1Controller#getCourseUnits(String, int, int)
2026-09-01T17:03:27.821+05:00 DEBUG 7520 --- [http-nio-8089-exec-2] s.w.s.m.m.a.RequestMappingHandlerMapping : Mapped to com.codeneticx.nihaobackend.controller.V1Controller#getCourseUnits(String, int, int)
2026-09-01T17:03:27.822+05:00 DEBUG 7520 --- [http-nio-8089-exec-2] s.w.s.m.m.a.RequestMappingHandlerMapping : Mapped to com.codeneticx.nihaobackend.controller.V1Controller#getCourseUnits(String, int, int)
2026-09-01T17:03:27.822+05:00 DEBUG 7520 --- [http-nio-8089-exec-2] s.w.s.m.m.a.RequestMappingHandlerMapping : Mapped to com.codeneticx.nihaobackend.controller.V1Controller#getCourseUnits(String, int, int)
2026-09-01T17:03:27.822+05:00 DEBUG 7520 --- [http-nio-8089-exec-2] s.w.s.m.m.a.RequestMappingHandlerMapping : Mapped to com.codeneticx.nihaobackend.controller.V1Controller#getCourseUnits(String, int, int)
2026-09-01T17:03:27.822+05:00 DEBUG 7520 --- [http-nio-8089-exec-2] s.w.s.m.m.a.RequestMappingHandlerMapping : Mapped to com.codeneticx.nihaobackend.controller.V1Controller#getCourseUnits(String, int, int)
2026-09-01T17:03:27.822+05:00 DEBUG 7520 --- [http-nio-8089-exec-2] s.w.s.m.m.a.RequestMappingHandlerMapping : Mapped to com.codeneticx.nihaobackend.controller.V1Controller#getCourseUnits(String, int, int)
2026-09-01T17:03:27.823+05:00 DEBUG 7520 --- [http-nio-8089-exec-2] o.s.security.web.FilterChainProxy        : Secured GET /v1/courses/0a2552cb-962e-40ef-9cfe-85a6e5830387/units?limit=20&offset=0
2026-09-01T17:03:27.823+05:00 DEBUG 7520 --- [http-nio-8089-exec-2] o.s.web.servlet.DispatcherServlet        : GET "/api/v1/courses/0a2552cb-962e-40ef-9cfe-85a6e5830387/units?limit=20&offset=0", parameters={masked}
2026-09-01T17:03:27.823+05:00 DEBUG 7520 --- [http-nio-8089-exec-2] s.w.s.m.m.a.RequestMappingHandlerMapping : Mapped to com.codeneticx.nihaobackend.controller.V1Controller#getCourseUnits(String, int, int)
2026-09-01T17:03:27.838+05:00 DEBUG 7520 --- [http-nio-8089-exec-2] m.m.a.RequestResponseBodyMethodProcessor : Using 'application/json', given [application/json] and supported [application/json, application/*+json]
2026-09-01T17:03:27.838+05:00 DEBUG 7520 --- [http-nio-8089-exec-2] m.m.a.RequestResponseBodyMethodProcessor : Writing [ApiResponse(success=true, message=Units fetched successfully, data=[UnitJourneyNodeDto(id=f32cee8d-2 (truncated)...]
2026-09-01T17:03:27.840+05:00 DEBUG 7520 --- [http-nio-8089-exec-2] o.s.web.servlet.DispatcherServlet        : Completed 200 OK
2026-09-01T17:03:27.873+05:00 DEBUG 7520 --- [http-nio-8089-exec-3] o.s.security.web.FilterChainProxy        : Securing GET /v1/units/f32cee8d-264d-47e2-a3e0-6c4ede6e0e09/lessons
2026-09-01T17:03:27.879+05:00 DEBUG 7520 --- [http-nio-8089-exec-3] s.w.s.m.m.a.RequestMappingHandlerMapping : Mapped to com.codeneticx.nihaobackend.controller.V1Controller#getUnitLessons(String)
2026-09-01T17:03:27.879+05:00 DEBUG 7520 --- [http-nio-8089-exec-3] s.w.s.m.m.a.RequestMappingHandlerMapping : Mapped to com.codeneticx.nihaobackend.controller.V1Controller#getUnitLessons(String)
2026-09-01T17:03:27.879+05:00 DEBUG 7520 --- [http-nio-8089-exec-3] s.w.s.m.m.a.RequestMappingHandlerMapping : Mapped to com.codeneticx.nihaobackend.controller.V1Controller#getUnitLessons(String)
2026-09-01T17:03:27.880+05:00 DEBUG 7520 --- [http-nio-8089-exec-3] s.w.s.m.m.a.RequestMappingHandlerMapping : Mapped to com.codeneticx.nihaobackend.controller.V1Controller#getUnitLessons(String)
2026-09-01T17:03:27.880+05:00 DEBUG 7520 --- [http-nio-8089-exec-3] s.w.s.m.m.a.RequestMappingHandlerMapping : Mapped to com.codeneticx.nihaobackend.controller.V1Controller#getUnitLessons(String)
2026-09-01T17:03:27.881+05:00 DEBUG 7520 --- [http-nio-8089-exec-3] s.w.s.m.m.a.RequestMappingHandlerMapping : Mapped to com.codeneticx.nihaobackend.controller.V1Controller#getUnitLessons(String)
2026-09-01T17:03:27.881+05:00 DEBUG 7520 --- [http-nio-8089-exec-3] s.w.s.m.m.a.RequestMappingHandlerMapping : Mapped to com.codeneticx.nihaobackend.controller.V1Controller#getUnitLessons(String)
2026-09-01T17:03:27.881+05:00 DEBUG 7520 --- [http-nio-8089-exec-3] s.w.s.m.m.a.RequestMappingHandlerMapping : Mapped to com.codeneticx.nihaobackend.controller.V1Controller#getUnitLessons(String)
2026-09-01T17:03:27.881+05:00 DEBUG 7520 --- [http-nio-8089-exec-3] s.w.s.m.m.a.RequestMappingHandlerMapping : Mapped to com.codeneticx.nihaobackend.controller.V1Controller#getUnitLessons(String)
2026-09-01T17:03:27.882+05:00 DEBUG 7520 --- [http-nio-8089-exec-3] s.w.s.m.m.a.RequestMappingHandlerMapping : Mapped to com.codeneticx.nihaobackend.controller.V1Controller#getUnitLessons(String)
2026-09-01T17:03:27.882+05:00 DEBUG 7520 --- [http-nio-8089-exec-3] s.w.s.m.m.a.RequestMappingHandlerMapping : Mapped to com.codeneticx.nihaobackend.controller.V1Controller#getUnitLessons(String)
2026-09-01T17:03:27.882+05:00 DEBUG 7520 --- [http-nio-8089-exec-3] o.s.security.web.FilterChainProxy        : Secured GET /v1/units/f32cee8d-264d-47e2-a3e0-6c4ede6e0e09/lessons
2026-09-01T17:03:27.882+05:00 DEBUG 7520 --- [http-nio-8089-exec-3] o.s.web.servlet.DispatcherServlet        : GET "/api/v1/units/f32cee8d-264d-47e2-a3e0-6c4ede6e0e09/lessons", parameters={}
2026-09-01T17:03:27.883+05:00 DEBUG 7520 --- [http-nio-8089-exec-3] s.w.s.m.m.a.RequestMappingHandlerMapping : Mapped to com.codeneticx.nihaobackend.controller.V1Controller#getUnitLessons(String)
2026-09-01T17:03:27.900+05:00 DEBUG 7520 --- [http-nio-8089-exec-3] m.m.a.RequestResponseBodyMethodProcessor : Using 'application/json', given [application/json] and supported [application/json, application/*+json]
2026-09-01T17:03:27.901+05:00 DEBUG 7520 --- [http-nio-8089-exec-3] m.m.a.RequestResponseBodyMethodProcessor : Writing [ApiResponse(success=true, message=Lessons fetched successfully, data=[LessonJourneyNodeDto(id=780b13 (truncated)...]
2026-09-01T17:03:27.902+05:00 DEBUG 7520 --- [http-nio-8089-exec-3] o.s.web.servlet.DispatcherServlet        : Completed 200 OK
2026-09-01T17:03:27.938+05:00 DEBUG 7520 --- [http-nio-8089-exec-4] o.s.security.web.FilterChainProxy        : Securing GET /v1/courses/0a2552cb-962e-40ef-9cfe-85a6e5830387/progress
2026-09-01T17:03:27.952+05:00 DEBUG 7520 --- [http-nio-8089-exec-4] s.w.s.m.m.a.RequestMappingHandlerMapping : Mapped to com.codeneticx.nihaobackend.controller.V1Controller#getCourseProgress(String)
2026-09-01T17:03:27.952+05:00 DEBUG 7520 --- [http-nio-8089-exec-4] s.w.s.m.m.a.RequestMappingHandlerMapping : Mapped to com.codeneticx.nihaobackend.controller.V1Controller#getCourseProgress(String)
2026-09-01T17:03:27.953+05:00 DEBUG 7520 --- [http-nio-8089-exec-4] s.w.s.m.m.a.RequestMappingHandlerMapping : Mapped to com.codeneticx.nihaobackend.controller.V1Controller#getCourseProgress(String)
2026-09-01T17:03:27.953+05:00 DEBUG 7520 --- [http-nio-8089-exec-4] s.w.s.m.m.a.RequestMappingHandlerMapping : Mapped to com.codeneticx.nihaobackend.controller.V1Controller#getCourseProgress(String)
2026-09-01T17:03:27.953+05:00 DEBUG 7520 --- [http-nio-8089-exec-4] s.w.s.m.m.a.RequestMappingHandlerMapping : Mapped to com.codeneticx.nihaobackend.controller.V1Controller#getCourseProgress(String)
2026-09-01T17:03:27.953+05:00 DEBUG 7520 --- [http-nio-8089-exec-4] s.w.s.m.m.a.RequestMappingHandlerMapping : Mapped to com.codeneticx.nihaobackend.controller.V1Controller#getCourseProgress(String)
2026-09-01T17:03:27.953+05:00 DEBUG 7520 --- [http-nio-8089-exec-4] s.w.s.m.m.a.RequestMappingHandlerMapping : Mapped to com.codeneticx.nihaobackend.controller.V1Controller#getCourseProgress(String)
2026-09-01T17:03:27.953+05:00 DEBUG 7520 --- [http-nio-8089-exec-4] s.w.s.m.m.a.RequestMappingHandlerMapping : Mapped to com.codeneticx.nihaobackend.controller.V1Controller#getCourseProgress(String)
2026-09-01T17:03:27.954+05:00 DEBUG 7520 --- [http-nio-8089-exec-4] s.w.s.m.m.a.RequestMappingHandlerMapping : Mapped to com.codeneticx.nihaobackend.controller.V1Controller#getCourseProgress(String)
2026-09-01T17:03:27.955+05:00 DEBUG 7520 --- [http-nio-8089-exec-4] s.w.s.m.m.a.RequestMappingHandlerMapping : Mapped to com.codeneticx.nihaobackend.controller.V1Controller#getCourseProgress(String)
2026-09-01T17:03:27.956+05:00 DEBUG 7520 --- [http-nio-8089-exec-4] s.w.s.m.m.a.RequestMappingHandlerMapping : Mapped to com.codeneticx.nihaobackend.controller.V1Controller#getCourseProgress(String)
2026-09-01T17:03:27.957+05:00 DEBUG 7520 --- [http-nio-8089-exec-4] o.s.security.web.FilterChainProxy        : Secured GET /v1/courses/0a2552cb-962e-40ef-9cfe-85a6e5830387/progress
2026-09-01T17:03:27.957+05:00 DEBUG 7520 --- [http-nio-8089-exec-4] o.s.web.servlet.DispatcherServlet        : GET "/api/v1/courses/0a2552cb-962e-40ef-9cfe-85a6e5830387/progress", parameters={}
2026-09-01T17:03:27.957+05:00 DEBUG 7520 --- [http-nio-8089-exec-4] s.w.s.m.m.a.RequestMappingHandlerMapping : Mapped to com.codeneticx.nihaobackend.controller.V1Controller#getCourseProgress(String)
2026-09-01T17:03:27.983+05:00 DEBUG 7520 --- [http-nio-8089-exec-4] m.m.a.RequestResponseBodyMethodProcessor : Using 'application/json', given [application/json] and supported [application/json, application/*+json]
2026-09-01T17:03:27.983+05:00 DEBUG 7520 --- [http-nio-8089-exec-4] m.m.a.RequestResponseBodyMethodProcessor : Writing [ApiResponse(success=true, message=Course progress fetched successfully, data=CourseProgressDto(xp=40 (truncated)...]
2026-09-01T17:03:27.985+05:00 DEBUG 7520 --- [http-nio-8089-exec-4] o.s.web.servlet.DispatcherServlet        : Completed 200 OK
2026-09-01T17:03:29.350+05:00 DEBUG 7520 --- [http-nio-8089-exec-5] o.s.security.web.FilterChainProxy        : Securing GET /v1/courses
2026-09-01T17:03:29.360+05:00 DEBUG 7520 --- [http-nio-8089-exec-5] s.w.s.m.m.a.RequestMappingHandlerMapping : Mapped to com.codeneticx.nihaobackend.controller.V1Controller#getCourses()
2026-09-01T17:03:29.360+05:00 DEBUG 7520 --- [http-nio-8089-exec-5] s.w.s.m.m.a.RequestMappingHandlerMapping : Mapped to com.codeneticx.nihaobackend.controller.V1Controller#getCourses()
2026-09-01T17:03:29.360+05:00 DEBUG 7520 --- [http-nio-8089-exec-5] s.w.s.m.m.a.RequestMappingHandlerMapping : Mapped to com.codeneticx.nihaobackend.controller.V1Controller#getCourses()
2026-09-01T17:03:29.360+05:00 DEBUG 7520 --- [http-nio-8089-exec-5] s.w.s.m.m.a.RequestMappingHandlerMapping : Mapped to com.codeneticx.nihaobackend.controller.V1Controller#getCourses()
2026-09-01T17:03:29.360+05:00 DEBUG 7520 --- [http-nio-8089-exec-5] s.w.s.m.m.a.RequestMappingHandlerMapping : Mapped to com.codeneticx.nihaobackend.controller.V1Controller#getCourses()
2026-09-01T17:03:29.361+05:00 DEBUG 7520 --- [http-nio-8089-exec-5] s.w.s.m.m.a.RequestMappingHandlerMapping : Mapped to com.codeneticx.nihaobackend.controller.V1Controller#getCourses()
2026-09-01T17:03:29.361+05:00 DEBUG 7520 --- [http-nio-8089-exec-5] s.w.s.m.m.a.RequestMappingHandlerMapping : Mapped to com.codeneticx.nihaobackend.controller.V1Controller#getCourses()
2026-09-01T17:03:29.361+05:00 DEBUG 7520 --- [http-nio-8089-exec-5] s.w.s.m.m.a.RequestMappingHandlerMapping : Mapped to com.codeneticx.nihaobackend.controller.V1Controller#getCourses()
2026-09-01T17:03:29.361+05:00 DEBUG 7520 --- [http-nio-8089-exec-5] s.w.s.m.m.a.RequestMappingHandlerMapping : Mapped to com.codeneticx.nihaobackend.controller.V1Controller#getCourses()
2026-09-01T17:03:29.361+05:00 DEBUG 7520 --- [http-nio-8089-exec-5] s.w.s.m.m.a.RequestMappingHandlerMapping : Mapped to com.codeneticx.nihaobackend.controller.V1Controller#getCourses()
2026-09-01T17:03:29.361+05:00 DEBUG 7520 --- [http-nio-8089-exec-5] s.w.s.m.m.a.RequestMappingHandlerMapping : Mapped to com.codeneticx.nihaobackend.controller.V1Controller#getCourses()
2026-09-01T17:03:29.361+05:00 DEBUG 7520 --- [http-nio-8089-exec-5] o.s.security.web.FilterChainProxy        : Secured GET /v1/courses
2026-09-01T17:03:29.361+05:00 DEBUG 7520 --- [http-nio-8089-exec-5] o.s.web.servlet.DispatcherServlet        : GET "/api/v1/courses", parameters={}
2026-09-01T17:03:29.361+05:00 DEBUG 7520 --- [http-nio-8089-exec-5] s.w.s.m.m.a.RequestMappingHandlerMapping : Mapped to com.codeneticx.nihaobackend.controller.V1Controller#getCourses()
2026-09-01T17:03:29.389+05:00 DEBUG 7520 --- [http-nio-8089-exec-5] m.m.a.RequestResponseBodyMethodProcessor : Using 'application/json', given [application/json] and supported [application/json, application/*+json]
2026-09-01T17:03:29.389+05:00 DEBUG 7520 --- [http-nio-8089-exec-5] m.m.a.RequestResponseBodyMethodProcessor : Writing [ApiResponse(success=true, message=Courses fetched successfully, data=[CourseListItemDto(id=0a2552cb- (truncated)...]
2026-09-01T17:03:29.390+05:00 DEBUG 7520 --- [http-nio-8089-exec-5] o.s.web.servlet.DispatcherServlet        : Completed 200 OK
2026-09-01T17:03:29.421+05:00 DEBUG 7520 --- [http-nio-8089-exec-6] o.s.security.web.FilterChainProxy        : Securing GET /v1/courses/0a2552cb-962e-40ef-9cfe-85a6e5830387/units?limit=20&offset=0
2026-09-01T17:03:29.427+05:00 DEBUG 7520 --- [http-nio-8089-exec-6] s.w.s.m.m.a.RequestMappingHandlerMapping : Mapped to com.codeneticx.nihaobackend.controller.V1Controller#getCourseUnits(String, int, int)
2026-09-01T17:03:29.427+05:00 DEBUG 7520 --- [http-nio-8089-exec-6] s.w.s.m.m.a.RequestMappingHandlerMapping : Mapped to com.codeneticx.nihaobackend.controller.V1Controller#getCourseUnits(String, int, int)
2026-09-01T17:03:29.427+05:00 DEBUG 7520 --- [http-nio-8089-exec-6] s.w.s.m.m.a.RequestMappingHandlerMapping : Mapped to com.codeneticx.nihaobackend.controller.V1Controller#getCourseUnits(String, int, int)
2026-09-01T17:03:29.427+05:00 DEBUG 7520 --- [http-nio-8089-exec-6] s.w.s.m.m.a.RequestMappingHandlerMapping : Mapped to com.codeneticx.nihaobackend.controller.V1Controller#getCourseUnits(String, int, int)
2026-09-01T17:03:29.428+05:00 DEBUG 7520 --- [http-nio-8089-exec-6] s.w.s.m.m.a.RequestMappingHandlerMapping : Mapped to com.codeneticx.nihaobackend.controller.V1Controller#getCourseUnits(String, int, int)
2026-09-01T17:03:29.428+05:00 DEBUG 7520 --- [http-nio-8089-exec-6] s.w.s.m.m.a.RequestMappingHandlerMapping : Mapped to com.codeneticx.nihaobackend.controller.V1Controller#getCourseUnits(String, int, int)
2026-09-01T17:03:29.428+05:00 DEBUG 7520 --- [http-nio-8089-exec-6] s.w.s.m.m.a.RequestMappingHandlerMapping : Mapped to com.codeneticx.nihaobackend.controller.V1Controller#getCourseUnits(String, int, int)
2026-09-01T17:03:29.428+05:00 DEBUG 7520 --- [http-nio-8089-exec-6] s.w.s.m.m.a.RequestMappingHandlerMapping : Mapped to com.codeneticx.nihaobackend.controller.V1Controller#getCourseUnits(String, int, int)
2026-09-01T17:03:29.428+05:00 DEBUG 7520 --- [http-nio-8089-exec-6] s.w.s.m.m.a.RequestMappingHandlerMapping : Mapped to com.codeneticx.nihaobackend.controller.V1Controller#getCourseUnits(String, int, int)
2026-09-01T17:03:29.428+05:00 DEBUG 7520 --- [http-nio-8089-exec-6] s.w.s.m.m.a.RequestMappingHandlerMapping : Mapped to com.codeneticx.nihaobackend.controller.V1Controller#getCourseUnits(String, int, int)
2026-09-01T17:03:29.428+05:00 DEBUG 7520 --- [http-nio-8089-exec-6] s.w.s.m.m.a.RequestMappingHandlerMapping : Mapped to com.codeneticx.nihaobackend.controller.V1Controller#getCourseUnits(String, int, int)
2026-09-01T17:03:29.428+05:00 DEBUG 7520 --- [http-nio-8089-exec-6] o.s.security.web.FilterChainProxy        : Secured GET /v1/courses/0a2552cb-962e-40ef-9cfe-85a6e5830387/units?limit=20&offset=0
2026-09-01T17:03:29.430+05:00 DEBUG 7520 --- [http-nio-8089-exec-6] o.s.web.servlet.DispatcherServlet        : GET "/api/v1/courses/0a2552cb-962e-40ef-9cfe-85a6e5830387/units?limit=20&offset=0", parameters={masked}
2026-09-01T17:03:29.430+05:00 DEBUG 7520 --- [http-nio-8089-exec-6] s.w.s.m.m.a.RequestMappingHandlerMapping : Mapped to com.codeneticx.nihaobackend.controller.V1Controller#getCourseUnits(String, int, int)
2026-09-01T17:03:29.448+05:00 DEBUG 7520 --- [http-nio-8089-exec-6] m.m.a.RequestResponseBodyMethodProcessor : Using 'application/json', given [application/json] and supported [application/json, application/*+json]
2026-09-01T17:03:29.450+05:00 DEBUG 7520 --- [http-nio-8089-exec-6] m.m.a.RequestResponseBodyMethodProcessor : Writing [ApiResponse(success=true, message=Units fetched successfully, data=[UnitJourneyNodeDto(id=f32cee8d-2 (truncated)...]
2026-09-01T17:03:29.450+05:00 DEBUG 7520 --- [http-nio-8089-exec-6] o.s.web.servlet.DispatcherServlet        : Completed 200 OK
2026-09-01T17:03:29.481+05:00 DEBUG 7520 --- [http-nio-8089-exec-7] o.s.security.web.FilterChainProxy        : Securing GET /v1/units/f32cee8d-264d-47e2-a3e0-6c4ede6e0e09/lessons
2026-09-01T17:03:29.486+05:00 DEBUG 7520 --- [http-nio-8089-exec-7] s.w.s.m.m.a.RequestMappingHandlerMapping : Mapped to com.codeneticx.nihaobackend.controller.V1Controller#getUnitLessons(String)
2026-09-01T17:03:29.487+05:00 DEBUG 7520 --- [http-nio-8089-exec-7] s.w.s.m.m.a.RequestMappingHandlerMapping : Mapped to com.codeneticx.nihaobackend.controller.V1Controller#getUnitLessons(String)
2026-09-01T17:03:29.487+05:00 DEBUG 7520 --- [http-nio-8089-exec-7] s.w.s.m.m.a.RequestMappingHandlerMapping : Mapped to com.codeneticx.nihaobackend.controller.V1Controller#getUnitLessons(String)
2026-09-01T17:03:29.488+05:00 DEBUG 7520 --- [http-nio-8089-exec-7] s.w.s.m.m.a.RequestMappingHandlerMapping : Mapped to com.codeneticx.nihaobackend.controller.V1Controller#getUnitLessons(String)
2026-09-01T17:03:29.488+05:00 DEBUG 7520 --- [http-nio-8089-exec-7] s.w.s.m.m.a.RequestMappingHandlerMapping : Mapped to com.codeneticx.nihaobackend.controller.V1Controller#getUnitLessons(String)
2026-09-01T17:03:29.488+05:00 DEBUG 7520 --- [http-nio-8089-exec-7] s.w.s.m.m.a.RequestMappingHandlerMapping : Mapped to com.codeneticx.nihaobackend.controller.V1Controller#getUnitLessons(String)
2026-09-01T17:03:29.488+05:00 DEBUG 7520 --- [http-nio-8089-exec-7] s.w.s.m.m.a.RequestMappingHandlerMapping : Mapped to com.codeneticx.nihaobackend.controller.V1Controller#getUnitLessons(String)
2026-09-01T17:03:29.488+05:00 DEBUG 7520 --- [http-nio-8089-exec-7] s.w.s.m.m.a.RequestMappingHandlerMapping : Mapped to com.codeneticx.nihaobackend.controller.V1Controller#getUnitLessons(String)
2026-09-01T17:03:29.490+05:00 DEBUG 7520 --- [http-nio-8089-exec-7] s.w.s.m.m.a.RequestMappingHandlerMapping : Mapped to com.codeneticx.nihaobackend.controller.V1Controller#getUnitLessons(String)
2026-09-01T17:03:29.490+05:00 DEBUG 7520 --- [http-nio-8089-exec-7] s.w.s.m.m.a.RequestMappingHandlerMapping : Mapped to com.codeneticx.nihaobackend.controller.V1Controller#getUnitLessons(String)
2026-09-01T17:03:29.491+05:00 DEBUG 7520 --- [http-nio-8089-exec-7] s.w.s.m.m.a.RequestMappingHandlerMapping : Mapped to com.codeneticx.nihaobackend.controller.V1Controller#getUnitLessons(String)
2026-09-01T17:03:29.491+05:00 DEBUG 7520 --- [http-nio-8089-exec-7] o.s.security.web.FilterChainProxy        : Secured GET /v1/units/f32cee8d-264d-47e2-a3e0-6c4ede6e0e09/lessons
2026-09-01T17:03:29.491+05:00 DEBUG 7520 --- [http-nio-8089-exec-7] o.s.web.servlet.DispatcherServlet        : GET "/api/v1/units/f32cee8d-264d-47e2-a3e0-6c4ede6e0e09/lessons", parameters={}
2026-09-01T17:03:29.491+05:00 DEBUG 7520 --- [http-nio-8089-exec-7] s.w.s.m.m.a.RequestMappingHandlerMapping : Mapped to com.codeneticx.nihaobackend.controller.V1Controller#getUnitLessons(String)
2026-09-01T17:03:29.523+05:00 DEBUG 7520 --- [http-nio-8089-exec-7] m.m.a.RequestResponseBodyMethodProcessor : Using 'application/json', given [application/json] and supported [application/json, application/*+json]
2026-09-01T17:03:29.524+05:00 DEBUG 7520 --- [http-nio-8089-exec-7] m.m.a.RequestResponseBodyMethodProcessor : Writing [ApiResponse(success=true, message=Lessons fetched successfully, data=[LessonJourneyNodeDto(id=780b13 (truncated)...]
2026-09-01T17:03:29.527+05:00 DEBUG 7520 --- [http-nio-8089-exec-7] o.s.web.servlet.DispatcherServlet        : Completed 200 OK
2026-09-01T17:03:29.625+05:00 DEBUG 7520 --- [http-nio-8089-exec-8] o.s.security.web.FilterChainProxy        : Securing GET /v1/courses/0a2552cb-962e-40ef-9cfe-85a6e5830387/progress
2026-09-01T17:03:29.642+05:00 DEBUG 7520 --- [http-nio-8089-exec-8] s.w.s.m.m.a.RequestMappingHandlerMapping : Mapped to com.codeneticx.nihaobackend.controller.V1Controller#getCourseProgress(String)
2026-09-01T17:03:29.642+05:00 DEBUG 7520 --- [http-nio-8089-exec-8] s.w.s.m.m.a.RequestMappingHandlerMapping : Mapped to com.codeneticx.nihaobackend.controller.V1Controller#getCourseProgress(String)
2026-09-01T17:03:29.643+05:00 DEBUG 7520 --- [http-nio-8089-exec-8] s.w.s.m.m.a.RequestMappingHandlerMapping : Mapped to com.codeneticx.nihaobackend.controller.V1Controller#getCourseProgress(String)
2026-09-01T17:03:29.643+05:00 DEBUG 7520 --- [http-nio-8089-exec-8] s.w.s.m.m.a.RequestMappingHandlerMapping : Mapped to com.codeneticx.nihaobackend.controller.V1Controller#getCourseProgress(String)
2026-09-01T17:03:29.643+05:00 DEBUG 7520 --- [http-nio-8089-exec-8] s.w.s.m.m.a.RequestMappingHandlerMapping : Mapped to com.codeneticx.nihaobackend.controller.V1Controller#getCourseProgress(String)
2026-09-01T17:03:29.645+05:00 DEBUG 7520 --- [http-nio-8089-exec-8] s.w.s.m.m.a.RequestMappingHandlerMapping : Mapped to com.codeneticx.nihaobackend.controller.V1Controller#getCourseProgress(String)
2026-09-01T17:03:29.647+05:00 DEBUG 7520 --- [http-nio-8089-exec-8] s.w.s.m.m.a.RequestMappingHandlerMapping : Mapped to com.codeneticx.nihaobackend.controller.V1Controller#getCourseProgress(String)
2026-09-01T17:03:29.648+05:00 DEBUG 7520 --- [http-nio-8089-exec-8] s.w.s.m.m.a.RequestMappingHandlerMapping : Mapped to com.codeneticx.nihaobackend.controller.V1Controller#getCourseProgress(String)
2026-09-01T17:03:29.648+05:00 DEBUG 7520 --- [http-nio-8089-exec-8] s.w.s.m.m.a.RequestMappingHandlerMapping : Mapped to com.codeneticx.nihaobackend.controller.V1Controller#getCourseProgress(String)
2026-09-01T17:03:29.648+05:00 DEBUG 7520 --- [http-nio-8089-exec-8] s.w.s.m.m.a.RequestMappingHandlerMapping : Mapped to com.codeneticx.nihaobackend.controller.V1Controller#getCourseProgress(String)
2026-09-01T17:03:29.648+05:00 DEBUG 7520 --- [http-nio-8089-exec-8] s.w.s.m.m.a.RequestMappingHandlerMapping : Mapped to com.codeneticx.nihaobackend.controller.V1Controller#getCourseProgress(String)
2026-09-01T17:03:29.649+05:00 DEBUG 7520 --- [http-nio-8089-exec-8] o.s.security.web.FilterChainProxy        : Secured GET /v1/courses/0a2552cb-962e-40ef-9cfe-85a6e5830387/progress
2026-09-01T17:03:29.649+05:00 DEBUG 7520 --- [http-nio-8089-exec-8] o.s.web.servlet.DispatcherServlet        : GET "/api/v1/courses/0a2552cb-962e-40ef-9cfe-85a6e5830387/progress", parameters={}
2026-09-01T17:03:29.649+05:00 DEBUG 7520 --- [http-nio-8089-exec-8] s.w.s.m.m.a.RequestMappingHandlerMapping : Mapped to com.codeneticx.nihaobackend.controller.V1Controller#getCourseProgress(String)
2026-09-01T17:03:29.683+05:00 DEBUG 7520 --- [http-nio-8089-exec-8] m.m.a.RequestResponseBodyMethodProcessor : Using 'application/json', given [application/json] and supported [application/json, application/*+json]
2026-09-01T17:03:29.683+05:00 DEBUG 7520 --- [http-nio-8089-exec-8] m.m.a.RequestResponseBodyMethodProcessor : Writing [ApiResponse(success=true, message=Course progress fetched successfully, data=CourseProgressDto(xp=40 (truncated)...]
2026-09-01T17:03:29.685+05:00 DEBUG 7520 --- [http-nio-8089-exec-8] o.s.web.servlet.DispatcherServlet        : Completed 200 OK
2026-09-01T17:03:29.716+05:00 DEBUG 7520 --- [http-nio-8089-exec-9] o.s.security.web.FilterChainProxy        : Securing GET /v1/api/vocabulary
2026-09-01T17:03:29.723+05:00 DEBUG 7520 --- [http-nio-8089-exec-9] s.w.s.m.m.a.RequestMappingHandlerMapping : Mapped to com.codeneticx.nihaobackend.controller.V1ApiController#getVocabulary(Integer, String)
2026-09-01T17:03:29.724+05:00 DEBUG 7520 --- [http-nio-8089-exec-9] s.w.s.m.m.a.RequestMappingHandlerMapping : Mapped to com.codeneticx.nihaobackend.controller.V1ApiController#getVocabulary(Integer, String)
2026-09-01T17:03:29.724+05:00 DEBUG 7520 --- [http-nio-8089-exec-9] s.w.s.m.m.a.RequestMappingHandlerMapping : Mapped to com.codeneticx.nihaobackend.controller.V1ApiController#getVocabulary(Integer, String)
2026-09-01T17:03:29.724+05:00 DEBUG 7520 --- [http-nio-8089-exec-9] s.w.s.m.m.a.RequestMappingHandlerMapping : Mapped to com.codeneticx.nihaobackend.controller.V1ApiController#getVocabulary(Integer, String)
2026-09-01T17:03:29.724+05:00 DEBUG 7520 --- [http-nio-8089-exec-9] s.w.s.m.m.a.RequestMappingHandlerMapping : Mapped to com.codeneticx.nihaobackend.controller.V1ApiController#getVocabulary(Integer, String)
2026-09-01T17:03:29.724+05:00 DEBUG 7520 --- [http-nio-8089-exec-9] s.w.s.m.m.a.RequestMappingHandlerMapping : Mapped to com.codeneticx.nihaobackend.controller.V1ApiController#getVocabulary(Integer, String)
2026-09-01T17:03:29.724+05:00 DEBUG 7520 --- [http-nio-8089-exec-9] s.w.s.m.m.a.RequestMappingHandlerMapping : Mapped to com.codeneticx.nihaobackend.controller.V1ApiController#getVocabulary(Integer, String)
2026-09-01T17:03:29.724+05:00 DEBUG 7520 --- [http-nio-8089-exec-9] s.w.s.m.m.a.RequestMappingHandlerMapping : Mapped to com.codeneticx.nihaobackend.controller.V1ApiController#getVocabulary(Integer, String)
2026-09-01T17:03:29.724+05:00 DEBUG 7520 --- [http-nio-8089-exec-9] s.w.s.m.m.a.RequestMappingHandlerMapping : Mapped to com.codeneticx.nihaobackend.controller.V1ApiController#getVocabulary(Integer, String)
2026-09-01T17:03:29.724+05:00 DEBUG 7520 --- [http-nio-8089-exec-9] s.w.s.m.m.a.RequestMappingHandlerMapping : Mapped to com.codeneticx.nihaobackend.controller.V1ApiController#getVocabulary(Integer, String)
2026-09-01T17:03:29.724+05:00 DEBUG 7520 --- [http-nio-8089-exec-9] s.w.s.m.m.a.RequestMappingHandlerMapping : Mapped to com.codeneticx.nihaobackend.controller.V1ApiController#getVocabulary(Integer, String)
2026-09-01T17:03:29.724+05:00 DEBUG 7520 --- [http-nio-8089-exec-9] o.s.security.web.FilterChainProxy        : Secured GET /v1/api/vocabulary
2026-09-01T17:03:29.724+05:00 DEBUG 7520 --- [http-nio-8089-exec-9] o.s.web.servlet.DispatcherServlet        : GET "/api/v1/api/vocabulary", parameters={}
2026-09-01T17:03:29.725+05:00 DEBUG 7520 --- [http-nio-8089-exec-9] s.w.s.m.m.a.RequestMappingHandlerMapping : Mapped to com.codeneticx.nihaobackend.controller.V1ApiController#getVocabulary(Integer, String)
2026-09-01T17:03:29.808+05:00 DEBUG 7520 --- [http-nio-8089-exec-9] m.m.a.RequestResponseBodyMethodProcessor : Using 'application/json', given [application/json] and supported [application/json, application/*+json]
2026-09-01T17:03:29.809+05:00 DEBUG 7520 --- [http-nio-8089-exec-9] m.m.a.RequestResponseBodyMethodProcessor : Writing [org.hibernate.LazyInitializationException: failed to lazily initialize a collection of role: com.cod (truncated)...]
2026-09-01T17:03:29.824+05:00 DEBUG 7520 --- [http-nio-8089-exec-9] .m.m.a.ExceptionHandlerExceptionResolver : Using @ExceptionHandler com.codeneticx.nihaobackend.exception.GlobalExceptionHandler#handleGeneric(Exception)
2026-09-01T17:03:29.824+05:00 DEBUG 7520 --- [http-nio-8089-exec-9] o.s.w.s.m.m.a.HttpEntityMethodProcessor  : Using 'application/json', given [application/json] and supported [application/json, application/*+json]
2026-09-01T17:03:29.825+05:00 DEBUG 7520 --- [http-nio-8089-exec-9] o.s.w.s.m.m.a.HttpEntityMethodProcessor  : Writing [ApiResponse(success=false, message=An unexpected error occurred: Could not write JSON: failed to laz (truncated)...]
2026-09-01T17:03:29.825+05:00  WARN 7520 --- [http-nio-8089-exec-9] .m.m.a.ExceptionHandlerExceptionResolver : Resolved [org.springframework.http.converter.HttpMessageNotWritableException: Could not write JSON: failed to lazily initialize a collection of role: com.codeneticx.nihaobackend.model.Vocabulary.topics: could not initialize proxy - no Session]
2026-09-01T17:03:29.825+05:00 DEBUG 7520 --- [http-nio-8089-exec-9] o.s.web.servlet.DispatcherServlet        : Completed 500 INTERNAL_SERVER_ERROR
2026-09-01T17:03:29.883+05:00 DEBUG 7520 --- [http-nio-8089-exec-10] o.s.security.web.FilterChainProxy        : Securing GET /v1/lessons/780b13bd-a283-467c-ac81-0e9b1a7c9bbd/exercises
2026-09-01T17:03:29.894+05:00 DEBUG 7520 --- [http-nio-8089-exec-10] s.w.s.m.m.a.RequestMappingHandlerMapping : Mapped to com.codeneticx.nihaobackend.controller.V1Controller#getLessonExercises(String)
2026-09-01T17:03:29.895+05:00 DEBUG 7520 --- [http-nio-8089-exec-10] s.w.s.m.m.a.RequestMappingHandlerMapping : Mapped to com.codeneticx.nihaobackend.controller.V1Controller#getLessonExercises(String)
2026-09-01T17:03:29.895+05:00 DEBUG 7520 --- [http-nio-8089-exec-10] s.w.s.m.m.a.RequestMappingHandlerMapping : Mapped to com.codeneticx.nihaobackend.controller.V1Controller#getLessonExercises(String)
2026-09-01T17:03:29.895+05:00 DEBUG 7520 --- [http-nio-8089-exec-10] s.w.s.m.m.a.RequestMappingHandlerMapping : Mapped to com.codeneticx.nihaobackend.controller.V1Controller#getLessonExercises(String)
2026-09-01T17:03:29.896+05:00 DEBUG 7520 --- [http-nio-8089-exec-10] s.w.s.m.m.a.RequestMappingHandlerMapping : Mapped to com.codeneticx.nihaobackend.controller.V1Controller#getLessonExercises(String)
2026-09-01T17:03:29.896+05:00 DEBUG 7520 --- [http-nio-8089-exec-10] s.w.s.m.m.a.RequestMappingHandlerMapping : Mapped to com.codeneticx.nihaobackend.controller.V1Controller#getLessonExercises(String)
2026-09-01T17:03:29.900+05:00 DEBUG 7520 --- [http-nio-8089-exec-10] s.w.s.m.m.a.RequestMappingHandlerMapping : Mapped to com.codeneticx.nihaobackend.controller.V1Controller#getLessonExercises(String)
2026-09-01T17:03:29.902+05:00 DEBUG 7520 --- [http-nio-8089-exec-10] s.w.s.m.m.a.RequestMappingHandlerMapping : Mapped to com.codeneticx.nihaobackend.controller.V1Controller#getLessonExercises(String)
2026-09-01T17:03:29.902+05:00 DEBUG 7520 --- [http-nio-8089-exec-10] s.w.s.m.m.a.RequestMappingHandlerMapping : Mapped to com.codeneticx.nihaobackend.controller.V1Controller#getLessonExercises(String)
2026-09-01T17:03:29.902+05:00 DEBUG 7520 --- [http-nio-8089-exec-10] s.w.s.m.m.a.RequestMappingHandlerMapping : Mapped to com.codeneticx.nihaobackend.controller.V1Controller#getLessonExercises(String)
2026-09-01T17:03:29.903+05:00 DEBUG 7520 --- [http-nio-8089-exec-10] s.w.s.m.m.a.RequestMappingHandlerMapping : Mapped to com.codeneticx.nihaobackend.controller.V1Controller#getLessonExercises(String)
2026-09-01T17:03:29.903+05:00 DEBUG 7520 --- [http-nio-8089-exec-10] o.s.security.web.FilterChainProxy        : Secured GET /v1/lessons/780b13bd-a283-467c-ac81-0e9b1a7c9bbd/exercises
2026-09-01T17:03:29.903+05:00 DEBUG 7520 --- [http-nio-8089-exec-10] o.s.web.servlet.DispatcherServlet        : GET "/api/v1/lessons/780b13bd-a283-467c-ac81-0e9b1a7c9bbd/exercises", parameters={}
2026-09-01T17:03:29.903+05:00 DEBUG 7520 --- [http-nio-8089-exec-10] s.w.s.m.m.a.RequestMappingHandlerMapping : Mapped to com.codeneticx.nihaobackend.controller.V1Controller#getLessonExercises(String)
2026-09-01T17:03:29.915+05:00 DEBUG 7520 --- [http-nio-8089-exec-10] m.m.a.RequestResponseBodyMethodProcessor : Using 'application/json', given [application/json] and supported [application/json, application/*+json]
2026-09-01T17:03:29.916+05:00 DEBUG 7520 --- [http-nio-8089-exec-10] m.m.a.RequestResponseBodyMethodProcessor : Writing [ApiResponse(success=true, message=Exercises fetched successfully, data=[ExerciseNodeDto(id=78834536- (truncated)...]
2026-09-01T17:03:29.918+05:00 DEBUG 7520 --- [http-nio-8089-exec-10] o.s.web.servlet.DispatcherServlet        : Completed 200 OK
2026-09-01T17:03:29.983+05:00 DEBUG 7520 --- [http-nio-8089-exec-1] o.s.security.web.FilterChainProxy        : Securing GET /v1/lessons/ba3f33d6-3ad2-44fe-9e22-1c9e8d78a09a/exercises
2026-09-01T17:03:29.994+05:00 DEBUG 7520 --- [http-nio-8089-exec-1] s.w.s.m.m.a.RequestMappingHandlerMapping : Mapped to com.codeneticx.nihaobackend.controller.V1Controller#getLessonExercises(String)
2026-09-01T17:03:29.994+05:00 DEBUG 7520 --- [http-nio-8089-exec-1] s.w.s.m.m.a.RequestMappingHandlerMapping : Mapped to com.codeneticx.nihaobackend.controller.V1Controller#getLessonExercises(String)
2026-09-01T17:03:29.995+05:00 DEBUG 7520 --- [http-nio-8089-exec-1] s.w.s.m.m.a.RequestMappingHandlerMapping : Mapped to com.codeneticx.nihaobackend.controller.V1Controller#getLessonExercises(String)
2026-09-01T17:03:29.995+05:00 DEBUG 7520 --- [http-nio-8089-exec-1] s.w.s.m.m.a.RequestMappingHandlerMapping : Mapped to com.codeneticx.nihaobackend.controller.V1Controller#getLessonExercises(String)
2026-09-01T17:03:29.995+05:00 DEBUG 7520 --- [http-nio-8089-exec-1] s.w.s.m.m.a.RequestMappingHandlerMapping : Mapped to com.codeneticx.nihaobackend.controller.V1Controller#getLessonExercises(String)
2026-09-01T17:03:29.995+05:00 DEBUG 7520 --- [http-nio-8089-exec-1] s.w.s.m.m.a.RequestMappingHandlerMapping : Mapped to com.codeneticx.nihaobackend.controller.V1Controller#getLessonExercises(String)
2026-09-01T17:03:29.996+05:00 DEBUG 7520 --- [http-nio-8089-exec-1] s.w.s.m.m.a.RequestMappingHandlerMapping : Mapped to com.codeneticx.nihaobackend.controller.V1Controller#getLessonExercises(String)
2026-09-01T17:03:29.997+05:00 DEBUG 7520 --- [http-nio-8089-exec-1] s.w.s.m.m.a.RequestMappingHandlerMapping : Mapped to com.codeneticx.nihaobackend.controller.V1Controller#getLessonExercises(String)
2026-09-01T17:03:29.998+05:00 DEBUG 7520 --- [http-nio-8089-exec-1] s.w.s.m.m.a.RequestMappingHandlerMapping : Mapped to com.codeneticx.nihaobackend.controller.V1Controller#getLessonExercises(String)
2026-09-01T17:03:30.000+05:00 DEBUG 7520 --- [http-nio-8089-exec-1] s.w.s.m.m.a.RequestMappingHandlerMapping : Mapped to com.codeneticx.nihaobackend.controller.V1Controller#getLessonExercises(String)
2026-09-01T17:03:30.000+05:00 DEBUG 7520 --- [http-nio-8089-exec-1] s.w.s.m.m.a.RequestMappingHandlerMapping : Mapped to com.codeneticx.nihaobackend.controller.V1Controller#getLessonExercises(String)
2026-09-01T17:03:30.000+05:00 DEBUG 7520 --- [http-nio-8089-exec-1] o.s.security.web.FilterChainProxy        : Secured GET /v1/lessons/ba3f33d6-3ad2-44fe-9e22-1c9e8d78a09a/exercises
2026-09-01T17:03:30.001+05:00 DEBUG 7520 --- [http-nio-8089-exec-1] o.s.web.servlet.DispatcherServlet        : GET "/api/v1/lessons/ba3f33d6-3ad2-44fe-9e22-1c9e8d78a09a/exercises", parameters={}
2026-09-01T17:03:30.002+05:00 DEBUG 7520 --- [http-nio-8089-exec-1] s.w.s.m.m.a.RequestMappingHandlerMapping : Mapped to com.codeneticx.nihaobackend.controller.V1Controller#getLessonExercises(String)
2026-09-01T17:03:30.011+05:00 DEBUG 7520 --- [http-nio-8089-exec-1] m.m.a.RequestResponseBodyMethodProcessor : Using 'application/json', given [application/json] and supported [application/json, application/*+json]
2026-09-01T17:03:30.011+05:00 DEBUG 7520 --- [http-nio-8089-exec-1] m.m.a.RequestResponseBodyMethodProcessor : Writing [ApiResponse(success=true, message=Exercises fetched successfully, data=[ExerciseNodeDto(id=3ff4944b- (truncated)...]
2026-09-01T17:03:30.012+05:00 DEBUG 7520 --- [http-nio-8089-exec-1] o.s.web.servlet.DispatcherServlet        : Completed 200 OK
2026-09-01T17:03:30.060+05:00 DEBUG 7520 --- [http-nio-8089-exec-2] o.s.security.web.FilterChainProxy        : Securing GET /v1/lessons/adb2ad19-d7d0-4316-b5e9-91cb48629bc9/exercises
2026-09-01T17:03:30.073+05:00 DEBUG 7520 --- [http-nio-8089-exec-2] s.w.s.m.m.a.RequestMappingHandlerMapping : Mapped to com.codeneticx.nihaobackend.controller.V1Controller#getLessonExercises(String)
2026-09-01T17:03:30.073+05:00 DEBUG 7520 --- [http-nio-8089-exec-2] s.w.s.m.m.a.RequestMappingHandlerMapping : Mapped to com.codeneticx.nihaobackend.controller.V1Controller#getLessonExercises(String)
2026-09-01T17:03:30.073+05:00 DEBUG 7520 --- [http-nio-8089-exec-2] s.w.s.m.m.a.RequestMappingHandlerMapping : Mapped to com.codeneticx.nihaobackend.controller.V1Controller#getLessonExercises(String)
2026-09-01T17:03:30.073+05:00 DEBUG 7520 --- [http-nio-8089-exec-2] s.w.s.m.m.a.RequestMappingHandlerMapping : Mapped to com.codeneticx.nihaobackend.controller.V1Controller#getLessonExercises(String)
2026-09-01T17:03:30.073+05:00 DEBUG 7520 --- [http-nio-8089-exec-2] s.w.s.m.m.a.RequestMappingHandlerMapping : Mapped to com.codeneticx.nihaobackend.controller.V1Controller#getLessonExercises(String)
2026-09-01T17:03:30.074+05:00 DEBUG 7520 --- [http-nio-8089-exec-2] s.w.s.m.m.a.RequestMappingHandlerMapping : Mapped to com.codeneticx.nihaobackend.controller.V1Controller#getLessonExercises(String)
2026-09-01T17:03:30.074+05:00 DEBUG 7520 --- [http-nio-8089-exec-2] s.w.s.m.m.a.RequestMappingHandlerMapping : Mapped to com.codeneticx.nihaobackend.controller.V1Controller#getLessonExercises(String)
2026-09-01T17:03:30.074+05:00 DEBUG 7520 --- [http-nio-8089-exec-2] s.w.s.m.m.a.RequestMappingHandlerMapping : Mapped to com.codeneticx.nihaobackend.controller.V1Controller#getLessonExercises(String)
2026-09-01T17:03:30.075+05:00 DEBUG 7520 --- [http-nio-8089-exec-2] s.w.s.m.m.a.RequestMappingHandlerMapping : Mapped to com.codeneticx.nihaobackend.controller.V1Controller#getLessonExercises(String)
2026-09-01T17:03:30.075+05:00 DEBUG 7520 --- [http-nio-8089-exec-2] s.w.s.m.m.a.RequestMappingHandlerMapping : Mapped to com.codeneticx.nihaobackend.controller.V1Controller#getLessonExercises(String)
2026-09-01T17:03:30.075+05:00 DEBUG 7520 --- [http-nio-8089-exec-2] s.w.s.m.m.a.RequestMappingHandlerMapping : Mapped to com.codeneticx.nihaobackend.controller.V1Controller#getLessonExercises(String)
2026-09-01T17:03:30.075+05:00 DEBUG 7520 --- [http-nio-8089-exec-2] o.s.security.web.FilterChainProxy        : Secured GET /v1/lessons/adb2ad19-d7d0-4316-b5e9-91cb48629bc9/exercises
2026-09-01T17:03:30.077+05:00 DEBUG 7520 --- [http-nio-8089-exec-2] o.s.web.servlet.DispatcherServlet        : GET "/api/v1/lessons/adb2ad19-d7d0-4316-b5e9-91cb48629bc9/exercises", parameters={}
2026-09-01T17:03:30.077+05:00 DEBUG 7520 --- [http-nio-8089-exec-2] s.w.s.m.m.a.RequestMappingHandlerMapping : Mapped to com.codeneticx.nihaobackend.controller.V1Controller#getLessonExercises(String)
2026-09-01T17:03:30.086+05:00 DEBUG 7520 --- [http-nio-8089-exec-2] m.m.a.RequestResponseBodyMethodProcessor : Using 'application/json', given [application/json] and supported [application/json, application/*+json]
2026-09-01T17:03:30.086+05:00 DEBUG 7520 --- [http-nio-8089-exec-2] m.m.a.RequestResponseBodyMethodProcessor : Writing [ApiResponse(success=true, message=Exercises fetched successfully, data=[ExerciseNodeDto(id=6156787a- (truncated)...]
2026-09-01T17:03:30.087+05:00 DEBUG 7520 --- [http-nio-8089-exec-2] o.s.web.servlet.DispatcherServlet        : Completed 200 OK
2026-09-01T17:03:41.789+05:00 DEBUG 7520 --- [HikariPool-1 housekeeper] com.zaxxer.hikari.pool.HikariPool        : HikariPool-1 - Pool stats (total=10, active=0, idle=10, waiting=0)
2026-09-01T17:03:41.790+05:00 DEBUG 7520 --- [HikariPool-1 housekeeper] com.zaxxer.hikari.pool.HikariPool        : HikariPool-1 - Fill pool skipped, pool has sufficient level or currently being filled (queueDepth=0).
2026-09-01T17:03:43.904+05:00 DEBUG 7520 --- [http-nio-8089-exec-3] o.s.security.web.FilterChainProxy        : Securing GET /v1/courses
2026-09-01T17:03:43.914+05:00 DEBUG 7520 --- [http-nio-8089-exec-3] s.w.s.m.m.a.RequestMappingHandlerMapping : Mapped to com.codeneticx.nihaobackend.controller.V1Controller#getCourses()
2026-09-01T17:03:43.915+05:00 DEBUG 7520 --- [http-nio-8089-exec-3] s.w.s.m.m.a.RequestMappingHandlerMapping : Mapped to com.codeneticx.nihaobackend.controller.V1Controller#getCourses()
2026-09-01T17:03:43.915+05:00 DEBUG 7520 --- [http-nio-8089-exec-3] s.w.s.m.m.a.RequestMappingHandlerMapping : Mapped to com.codeneticx.nihaobackend.controller.V1Controller#getCourses()
2026-09-01T17:03:43.915+05:00 DEBUG 7520 --- [http-nio-8089-exec-3] s.w.s.m.m.a.RequestMappingHandlerMapping : Mapped to com.codeneticx.nihaobackend.controller.V1Controller#getCourses()
2026-09-01T17:03:43.915+05:00 DEBUG 7520 --- [http-nio-8089-exec-3] s.w.s.m.m.a.RequestMappingHandlerMapping : Mapped to com.codeneticx.nihaobackend.controller.V1Controller#getCourses()
2026-09-01T17:03:43.915+05:00 DEBUG 7520 --- [http-nio-8089-exec-3] s.w.s.m.m.a.RequestMappingHandlerMapping : Mapped to com.codeneticx.nihaobackend.controller.V1Controller#getCourses()
2026-09-01T17:03:43.915+05:00 DEBUG 7520 --- [http-nio-8089-exec-3] s.w.s.m.m.a.RequestMappingHandlerMapping : Mapped to com.codeneticx.nihaobackend.controller.V1Controller#getCourses()
2026-09-01T17:03:43.915+05:00 DEBUG 7520 --- [http-nio-8089-exec-3] s.w.s.m.m.a.RequestMappingHandlerMapping : Mapped to com.codeneticx.nihaobackend.controller.V1Controller#getCourses()
2026-09-01T17:03:43.915+05:00 DEBUG 7520 --- [http-nio-8089-exec-3] s.w.s.m.m.a.RequestMappingHandlerMapping : Mapped to com.codeneticx.nihaobackend.controller.V1Controller#getCourses()
2026-09-01T17:03:43.915+05:00 DEBUG 7520 --- [http-nio-8089-exec-3] s.w.s.m.m.a.RequestMappingHandlerMapping : Mapped to com.codeneticx.nihaobackend.controller.V1Controller#getCourses()
2026-09-01T17:03:43.915+05:00 DEBUG 7520 --- [http-nio-8089-exec-3] s.w.s.m.m.a.RequestMappingHandlerMapping : Mapped to com.codeneticx.nihaobackend.controller.V1Controller#getCourses()
2026-09-01T17:03:43.915+05:00 DEBUG 7520 --- [http-nio-8089-exec-3] o.s.security.web.FilterChainProxy        : Secured GET /v1/courses
2026-09-01T17:03:43.915+05:00 DEBUG 7520 --- [http-nio-8089-exec-3] o.s.web.servlet.DispatcherServlet        : GET "/api/v1/courses", parameters={}
2026-09-01T17:03:43.916+05:00 DEBUG 7520 --- [http-nio-8089-exec-3] s.w.s.m.m.a.RequestMappingHandlerMapping : Mapped to com.codeneticx.nihaobackend.controller.V1Controller#getCourses()
2026-09-01T17:03:43.941+05:00 DEBUG 7520 --- [http-nio-8089-exec-3] m.m.a.RequestResponseBodyMethodProcessor : Using 'application/json', given [application/json] and supported [application/json, application/*+json]
2026-09-01T17:03:43.941+05:00 DEBUG 7520 --- [http-nio-8089-exec-3] m.m.a.RequestResponseBodyMethodProcessor : Writing [ApiResponse(success=true, message=Courses fetched successfully, data=[CourseListItemDto(id=0a2552cb- (truncated)...]
2026-09-01T17:03:43.942+05:00 DEBUG 7520 --- [http-nio-8089-exec-3] o.s.web.servlet.DispatcherServlet        : Completed 200 OK
2026-09-01T17:03:43.964+05:00 DEBUG 7520 --- [http-nio-8089-exec-4] o.s.security.web.FilterChainProxy        : Securing GET /v1/courses/0a2552cb-962e-40ef-9cfe-85a6e5830387/units?limit=20&offset=0
2026-09-01T17:03:43.968+05:00 DEBUG 7520 --- [http-nio-8089-exec-4] s.w.s.m.m.a.RequestMappingHandlerMapping : Mapped to com.codeneticx.nihaobackend.controller.V1Controller#getCourseUnits(String, int, int)
2026-09-01T17:03:43.969+05:00 DEBUG 7520 --- [http-nio-8089-exec-4] s.w.s.m.m.a.RequestMappingHandlerMapping : Mapped to com.codeneticx.nihaobackend.controller.V1Controller#getCourseUnits(String, int, int)
2026-09-01T17:03:43.969+05:00 DEBUG 7520 --- [http-nio-8089-exec-4] s.w.s.m.m.a.RequestMappingHandlerMapping : Mapped to com.codeneticx.nihaobackend.controller.V1Controller#getCourseUnits(String, int, int)
2026-09-01T17:03:43.969+05:00 DEBUG 7520 --- [http-nio-8089-exec-4] s.w.s.m.m.a.RequestMappingHandlerMapping : Mapped to com.codeneticx.nihaobackend.controller.V1Controller#getCourseUnits(String, int, int)
2026-09-01T17:03:43.969+05:00 DEBUG 7520 --- [http-nio-8089-exec-4] s.w.s.m.m.a.RequestMappingHandlerMapping : Mapped to com.codeneticx.nihaobackend.controller.V1Controller#getCourseUnits(String, int, int)
2026-09-01T17:03:43.969+05:00 DEBUG 7520 --- [http-nio-8089-exec-4] s.w.s.m.m.a.RequestMappingHandlerMapping : Mapped to com.codeneticx.nihaobackend.controller.V1Controller#getCourseUnits(String, int, int)
2026-09-01T17:03:43.969+05:00 DEBUG 7520 --- [http-nio-8089-exec-4] s.w.s.m.m.a.RequestMappingHandlerMapping : Mapped to com.codeneticx.nihaobackend.controller.V1Controller#getCourseUnits(String, int, int)
2026-09-01T17:03:43.970+05:00 DEBUG 7520 --- [http-nio-8089-exec-4] s.w.s.m.m.a.RequestMappingHandlerMapping : Mapped to com.codeneticx.nihaobackend.controller.V1Controller#getCourseUnits(String, int, int)
2026-09-01T17:03:43.970+05:00 DEBUG 7520 --- [http-nio-8089-exec-4] s.w.s.m.m.a.RequestMappingHandlerMapping : Mapped to com.codeneticx.nihaobackend.controller.V1Controller#getCourseUnits(String, int, int)
2026-09-01T17:03:43.970+05:00 DEBUG 7520 --- [http-nio-8089-exec-4] s.w.s.m.m.a.RequestMappingHandlerMapping : Mapped to com.codeneticx.nihaobackend.controller.V1Controller#getCourseUnits(String, int, int)
2026-09-01T17:03:43.970+05:00 DEBUG 7520 --- [http-nio-8089-exec-4] s.w.s.m.m.a.RequestMappingHandlerMapping : Mapped to com.codeneticx.nihaobackend.controller.V1Controller#getCourseUnits(String, int, int)
2026-09-01T17:03:43.970+05:00 DEBUG 7520 --- [http-nio-8089-exec-4] o.s.security.web.FilterChainProxy        : Secured GET /v1/courses/0a2552cb-962e-40ef-9cfe-85a6e5830387/units?limit=20&offset=0
2026-09-01T17:03:43.970+05:00 DEBUG 7520 --- [http-nio-8089-exec-4] o.s.web.servlet.DispatcherServlet        : GET "/api/v1/courses/0a2552cb-962e-40ef-9cfe-85a6e5830387/units?limit=20&offset=0", parameters={masked}
2026-09-01T17:03:43.970+05:00 DEBUG 7520 --- [http-nio-8089-exec-4] s.w.s.m.m.a.RequestMappingHandlerMapping : Mapped to com.codeneticx.nihaobackend.controller.V1Controller#getCourseUnits(String, int, int)
2026-09-01T17:03:43.988+05:00 DEBUG 7520 --- [http-nio-8089-exec-4] m.m.a.RequestResponseBodyMethodProcessor : Using 'application/json', given [application/json] and supported [application/json, application/*+json]
2026-09-01T17:03:43.988+05:00 DEBUG 7520 --- [http-nio-8089-exec-4] m.m.a.RequestResponseBodyMethodProcessor : Writing [ApiResponse(success=true, message=Units fetched successfully, data=[UnitJourneyNodeDto(id=f32cee8d-2 (truncated)...]
2026-09-01T17:03:43.989+05:00 DEBUG 7520 --- [http-nio-8089-exec-4] o.s.web.servlet.DispatcherServlet        : Completed 200 OK
2026-09-01T17:03:44.015+05:00 DEBUG 7520 --- [http-nio-8089-exec-5] o.s.security.web.FilterChainProxy        : Securing GET /v1/units/f32cee8d-264d-47e2-a3e0-6c4ede6e0e09/lessons
2026-09-01T17:03:44.020+05:00 DEBUG 7520 --- [http-nio-8089-exec-5] s.w.s.m.m.a.RequestMappingHandlerMapping : Mapped to com.codeneticx.nihaobackend.controller.V1Controller#getUnitLessons(String)
2026-09-01T17:03:44.020+05:00 DEBUG 7520 --- [http-nio-8089-exec-5] s.w.s.m.m.a.RequestMappingHandlerMapping : Mapped to com.codeneticx.nihaobackend.controller.V1Controller#getUnitLessons(String)
2026-09-01T17:03:44.020+05:00 DEBUG 7520 --- [http-nio-8089-exec-5] s.w.s.m.m.a.RequestMappingHandlerMapping : Mapped to com.codeneticx.nihaobackend.controller.V1Controller#getUnitLessons(String)
2026-09-01T17:03:44.020+05:00 DEBUG 7520 --- [http-nio-8089-exec-5] s.w.s.m.m.a.RequestMappingHandlerMapping : Mapped to com.codeneticx.nihaobackend.controller.V1Controller#getUnitLessons(String)
2026-09-01T17:03:44.021+05:00 DEBUG 7520 --- [http-nio-8089-exec-5] s.w.s.m.m.a.RequestMappingHandlerMapping : Mapped to com.codeneticx.nihaobackend.controller.V1Controller#getUnitLessons(String)
2026-09-01T17:03:44.021+05:00 DEBUG 7520 --- [http-nio-8089-exec-5] s.w.s.m.m.a.RequestMappingHandlerMapping : Mapped to com.codeneticx.nihaobackend.controller.V1Controller#getUnitLessons(String)
2026-09-01T17:03:44.021+05:00 DEBUG 7520 --- [http-nio-8089-exec-5] s.w.s.m.m.a.RequestMappingHandlerMapping : Mapped to com.codeneticx.nihaobackend.controller.V1Controller#getUnitLessons(String)
2026-09-01T17:03:44.021+05:00 DEBUG 7520 --- [http-nio-8089-exec-5] s.w.s.m.m.a.RequestMappingHandlerMapping : Mapped to com.codeneticx.nihaobackend.controller.V1Controller#getUnitLessons(String)
2026-09-01T17:03:44.022+05:00 DEBUG 7520 --- [http-nio-8089-exec-5] s.w.s.m.m.a.RequestMappingHandlerMapping : Mapped to com.codeneticx.nihaobackend.controller.V1Controller#getUnitLessons(String)
2026-09-01T17:03:44.022+05:00 DEBUG 7520 --- [http-nio-8089-exec-5] s.w.s.m.m.a.RequestMappingHandlerMapping : Mapped to com.codeneticx.nihaobackend.controller.V1Controller#getUnitLessons(String)
2026-09-01T17:03:44.022+05:00 DEBUG 7520 --- [http-nio-8089-exec-5] s.w.s.m.m.a.RequestMappingHandlerMapping : Mapped to com.codeneticx.nihaobackend.controller.V1Controller#getUnitLessons(String)
2026-09-01T17:03:44.022+05:00 DEBUG 7520 --- [http-nio-8089-exec-5] o.s.security.web.FilterChainProxy        : Secured GET /v1/units/f32cee8d-264d-47e2-a3e0-6c4ede6e0e09/lessons
2026-09-01T17:03:44.022+05:00 DEBUG 7520 --- [http-nio-8089-exec-5] o.s.web.servlet.DispatcherServlet        : GET "/api/v1/units/f32cee8d-264d-47e2-a3e0-6c4ede6e0e09/lessons", parameters={}
2026-09-01T17:03:44.022+05:00 DEBUG 7520 --- [http-nio-8089-exec-5] s.w.s.m.m.a.RequestMappingHandlerMapping : Mapped to com.codeneticx.nihaobackend.controller.V1Controller#getUnitLessons(String)
2026-09-01T17:03:44.035+05:00 DEBUG 7520 --- [http-nio-8089-exec-5] m.m.a.RequestResponseBodyMethodProcessor : Using 'application/json', given [application/json] and supported [application/json, application/*+json]
2026-09-01T17:03:44.035+05:00 DEBUG 7520 --- [http-nio-8089-exec-5] m.m.a.RequestResponseBodyMethodProcessor : Writing [ApiResponse(success=true, message=Lessons fetched successfully, data=[LessonJourneyNodeDto(id=780b13 (truncated)...]
2026-09-01T17:03:44.036+05:00 DEBUG 7520 --- [http-nio-8089-exec-5] o.s.web.servlet.DispatcherServlet        : Completed 200 OK
2026-09-01T17:03:44.054+05:00 DEBUG 7520 --- [http-nio-8089-exec-6] o.s.security.web.FilterChainProxy        : Securing GET /v1/courses/0a2552cb-962e-40ef-9cfe-85a6e5830387/progress
2026-09-01T17:03:44.057+05:00 DEBUG 7520 --- [http-nio-8089-exec-6] s.w.s.m.m.a.RequestMappingHandlerMapping : Mapped to com.codeneticx.nihaobackend.controller.V1Controller#getCourseProgress(String)
2026-09-01T17:03:44.058+05:00 DEBUG 7520 --- [http-nio-8089-exec-6] s.w.s.m.m.a.RequestMappingHandlerMapping : Mapped to com.codeneticx.nihaobackend.controller.V1Controller#getCourseProgress(String)
2026-09-01T17:03:44.058+05:00 DEBUG 7520 --- [http-nio-8089-exec-6] s.w.s.m.m.a.RequestMappingHandlerMapping : Mapped to com.codeneticx.nihaobackend.controller.V1Controller#getCourseProgress(String)
2026-09-01T17:03:44.058+05:00 DEBUG 7520 --- [http-nio-8089-exec-6] s.w.s.m.m.a.RequestMappingHandlerMapping : Mapped to com.codeneticx.nihaobackend.controller.V1Controller#getCourseProgress(String)
2026-09-01T17:03:44.058+05:00 DEBUG 7520 --- [http-nio-8089-exec-6] s.w.s.m.m.a.RequestMappingHandlerMapping : Mapped to com.codeneticx.nihaobackend.controller.V1Controller#getCourseProgress(String)
2026-09-01T17:03:44.058+05:00 DEBUG 7520 --- [http-nio-8089-exec-6] s.w.s.m.m.a.RequestMappingHandlerMapping : Mapped to com.codeneticx.nihaobackend.controller.V1Controller#getCourseProgress(String)
2026-09-01T17:03:44.058+05:00 DEBUG 7520 --- [http-nio-8089-exec-6] s.w.s.m.m.a.RequestMappingHandlerMapping : Mapped to com.codeneticx.nihaobackend.controller.V1Controller#getCourseProgress(String)
2026-09-01T17:03:44.058+05:00 DEBUG 7520 --- [http-nio-8089-exec-6] s.w.s.m.m.a.RequestMappingHandlerMapping : Mapped to com.codeneticx.nihaobackend.controller.V1Controller#getCourseProgress(String)
2026-09-01T17:03:44.058+05:00 DEBUG 7520 --- [http-nio-8089-exec-6] s.w.s.m.m.a.RequestMappingHandlerMapping : Mapped to com.codeneticx.nihaobackend.controller.V1Controller#getCourseProgress(String)
2026-09-01T17:03:44.058+05:00 DEBUG 7520 --- [http-nio-8089-exec-6] s.w.s.m.m.a.RequestMappingHandlerMapping : Mapped to com.codeneticx.nihaobackend.controller.V1Controller#getCourseProgress(String)
2026-09-01T17:03:44.058+05:00 DEBUG 7520 --- [http-nio-8089-exec-6] s.w.s.m.m.a.RequestMappingHandlerMapping : Mapped to com.codeneticx.nihaobackend.controller.V1Controller#getCourseProgress(String)
2026-09-01T17:03:44.060+05:00 DEBUG 7520 --- [http-nio-8089-exec-6] o.s.security.web.FilterChainProxy        : Secured GET /v1/courses/0a2552cb-962e-40ef-9cfe-85a6e5830387/progress
2026-09-01T17:03:44.060+05:00 DEBUG 7520 --- [http-nio-8089-exec-6] o.s.web.servlet.DispatcherServlet        : GET "/api/v1/courses/0a2552cb-962e-40ef-9cfe-85a6e5830387/progress", parameters={}
2026-09-01T17:03:44.060+05:00 DEBUG 7520 --- [http-nio-8089-exec-6] s.w.s.m.m.a.RequestMappingHandlerMapping : Mapped to com.codeneticx.nihaobackend.controller.V1Controller#getCourseProgress(String)
2026-09-01T17:03:44.075+05:00 DEBUG 7520 --- [http-nio-8089-exec-6] m.m.a.RequestResponseBodyMethodProcessor : Using 'application/json', given [application/json] and supported [application/json, application/*+json]
2026-09-01T17:03:44.075+05:00 DEBUG 7520 --- [http-nio-8089-exec-6] m.m.a.RequestResponseBodyMethodProcessor : Writing [ApiResponse(success=true, message=Course progress fetched successfully, data=CourseProgressDto(xp=40 (truncated)...]
2026-09-01T17:03:44.076+05:00 DEBUG 7520 --- [http-nio-8089-exec-6] o.s.web.servlet.DispatcherServlet        : Completed 200 OK
2026-09-01T17:03:44.094+05:00 DEBUG 7520 --- [http-nio-8089-exec-7] o.s.security.web.FilterChainProxy        : Securing GET /v1/api/vocabulary
2026-09-01T17:03:44.099+05:00 DEBUG 7520 --- [http-nio-8089-exec-7] s.w.s.m.m.a.RequestMappingHandlerMapping : Mapped to com.codeneticx.nihaobackend.controller.V1ApiController#getVocabulary(Integer, String)
2026-09-01T17:03:44.099+05:00 DEBUG 7520 --- [http-nio-8089-exec-7] s.w.s.m.m.a.RequestMappingHandlerMapping : Mapped to com.codeneticx.nihaobackend.controller.V1ApiController#getVocabulary(Integer, String)
2026-09-01T17:03:44.100+05:00 DEBUG 7520 --- [http-nio-8089-exec-7] s.w.s.m.m.a.RequestMappingHandlerMapping : Mapped to com.codeneticx.nihaobackend.controller.V1ApiController#getVocabulary(Integer, String)
2026-09-01T17:03:44.100+05:00 DEBUG 7520 --- [http-nio-8089-exec-7] s.w.s.m.m.a.RequestMappingHandlerMapping : Mapped to com.codeneticx.nihaobackend.controller.V1ApiController#getVocabulary(Integer, String)
2026-09-01T17:03:44.100+05:00 DEBUG 7520 --- [http-nio-8089-exec-7] s.w.s.m.m.a.RequestMappingHandlerMapping : Mapped to com.codeneticx.nihaobackend.controller.V1ApiController#getVocabulary(Integer, String)
2026-09-01T17:03:44.100+05:00 DEBUG 7520 --- [http-nio-8089-exec-7] s.w.s.m.m.a.RequestMappingHandlerMapping : Mapped to com.codeneticx.nihaobackend.controller.V1ApiController#getVocabulary(Integer, String)
2026-09-01T17:03:44.100+05:00 DEBUG 7520 --- [http-nio-8089-exec-7] s.w.s.m.m.a.RequestMappingHandlerMapping : Mapped to com.codeneticx.nihaobackend.controller.V1ApiController#getVocabulary(Integer, String)
2026-09-01T17:03:44.100+05:00 DEBUG 7520 --- [http-nio-8089-exec-7] s.w.s.m.m.a.RequestMappingHandlerMapping : Mapped to com.codeneticx.nihaobackend.controller.V1ApiController#getVocabulary(Integer, String)
2026-09-01T17:03:44.100+05:00 DEBUG 7520 --- [http-nio-8089-exec-7] s.w.s.m.m.a.RequestMappingHandlerMapping : Mapped to com.codeneticx.nihaobackend.controller.V1ApiController#getVocabulary(Integer, String)
2026-09-01T17:03:44.100+05:00 DEBUG 7520 --- [http-nio-8089-exec-7] s.w.s.m.m.a.RequestMappingHandlerMapping : Mapped to com.codeneticx.nihaobackend.controller.V1ApiController#getVocabulary(Integer, String)
2026-09-01T17:03:44.100+05:00 DEBUG 7520 --- [http-nio-8089-exec-7] s.w.s.m.m.a.RequestMappingHandlerMapping : Mapped to com.codeneticx.nihaobackend.controller.V1ApiController#getVocabulary(Integer, String)
2026-09-01T17:03:44.100+05:00 DEBUG 7520 --- [http-nio-8089-exec-7] o.s.security.web.FilterChainProxy        : Secured GET /v1/api/vocabulary
2026-09-01T17:03:44.100+05:00 DEBUG 7520 --- [http-nio-8089-exec-7] o.s.web.servlet.DispatcherServlet        : GET "/api/v1/api/vocabulary", parameters={}
2026-09-01T17:03:44.101+05:00 DEBUG 7520 --- [http-nio-8089-exec-7] s.w.s.m.m.a.RequestMappingHandlerMapping : Mapped to com.codeneticx.nihaobackend.controller.V1ApiController#getVocabulary(Integer, String)
2026-09-01T17:03:44.110+05:00 DEBUG 7520 --- [http-nio-8089-exec-7] m.m.a.RequestResponseBodyMethodProcessor : Using 'application/json', given [application/json] and supported [application/json, application/*+json]
2026-09-01T17:03:44.111+05:00 DEBUG 7520 --- [http-nio-8089-exec-7] m.m.a.RequestResponseBodyMethodProcessor : Writing [org.hibernate.LazyInitializationException: failed to lazily initialize a collection of role: com.cod (truncated)...]
2026-09-01T17:03:44.111+05:00 DEBUG 7520 --- [http-nio-8089-exec-7] .m.m.a.ExceptionHandlerExceptionResolver : Using @ExceptionHandler com.codeneticx.nihaobackend.exception.GlobalExceptionHandler#handleGeneric(Exception)
2026-09-01T17:03:44.112+05:00 DEBUG 7520 --- [http-nio-8089-exec-7] o.s.w.s.m.m.a.HttpEntityMethodProcessor  : Using 'application/json', given [application/json] and supported [application/json, application/*+json]
2026-09-01T17:03:44.112+05:00 DEBUG 7520 --- [http-nio-8089-exec-7] o.s.w.s.m.m.a.HttpEntityMethodProcessor  : Writing [ApiResponse(success=false, message=An unexpected error occurred: Could not write JSON: failed to laz (truncated)...]
2026-09-01T17:03:44.113+05:00  WARN 7520 --- [http-nio-8089-exec-7] .m.m.a.ExceptionHandlerExceptionResolver : Resolved [org.springframework.http.converter.HttpMessageNotWritableException: Could not write JSON: failed to lazily initialize a collection of role: com.codeneticx.nihaobackend.model.Vocabulary.topics: could not initialize proxy - no Session]
2026-09-01T17:03:44.113+05:00 DEBUG 7520 --- [http-nio-8089-exec-7] o.s.web.servlet.DispatcherServlet        : Completed 500 INTERNAL_SERVER_ERROR
2026-09-01T17:03:44.144+05:00 DEBUG 7520 --- [http-nio-8089-exec-8] o.s.security.web.FilterChainProxy        : Securing GET /v1/lessons/780b13bd-a283-467c-ac81-0e9b1a7c9bbd/exercises
2026-09-01T17:03:44.151+05:00 DEBUG 7520 --- [http-nio-8089-exec-8] s.w.s.m.m.a.RequestMappingHandlerMapping : Mapped to com.codeneticx.nihaobackend.controller.V1Controller#getLessonExercises(String)
2026-09-01T17:03:44.152+05:00 DEBUG 7520 --- [http-nio-8089-exec-8] s.w.s.m.m.a.RequestMappingHandlerMapping : Mapped to com.codeneticx.nihaobackend.controller.V1Controller#getLessonExercises(String)
2026-09-01T17:03:44.152+05:00 DEBUG 7520 --- [http-nio-8089-exec-8] s.w.s.m.m.a.RequestMappingHandlerMapping : Mapped to com.codeneticx.nihaobackend.controller.V1Controller#getLessonExercises(String)
2026-09-01T17:03:44.152+05:00 DEBUG 7520 --- [http-nio-8089-exec-8] s.w.s.m.m.a.RequestMappingHandlerMapping : Mapped to com.codeneticx.nihaobackend.controller.V1Controller#getLessonExercises(String)
2026-09-01T17:03:44.152+05:00 DEBUG 7520 --- [http-nio-8089-exec-8] s.w.s.m.m.a.RequestMappingHandlerMapping : Mapped to com.codeneticx.nihaobackend.controller.V1Controller#getLessonExercises(String)
2026-09-01T17:03:44.152+05:00 DEBUG 7520 --- [http-nio-8089-exec-8] s.w.s.m.m.a.RequestMappingHandlerMapping : Mapped to com.codeneticx.nihaobackend.controller.V1Controller#getLessonExercises(String)
2026-09-01T17:03:44.152+05:00 DEBUG 7520 --- [http-nio-8089-exec-8] s.w.s.m.m.a.RequestMappingHandlerMapping : Mapped to com.codeneticx.nihaobackend.controller.V1Controller#getLessonExercises(String)
2026-09-01T17:03:44.153+05:00 DEBUG 7520 --- [http-nio-8089-exec-8] s.w.s.m.m.a.RequestMappingHandlerMapping : Mapped to com.codeneticx.nihaobackend.controller.V1Controller#getLessonExercises(String)
2026-09-01T17:03:44.153+05:00 DEBUG 7520 --- [http-nio-8089-exec-8] s.w.s.m.m.a.RequestMappingHandlerMapping : Mapped to com.codeneticx.nihaobackend.controller.V1Controller#getLessonExercises(String)
2026-09-01T17:03:44.153+05:00 DEBUG 7520 --- [http-nio-8089-exec-8] s.w.s.m.m.a.RequestMappingHandlerMapping : Mapped to com.codeneticx.nihaobackend.controller.V1Controller#getLessonExercises(String)
2026-09-01T17:03:44.153+05:00 DEBUG 7520 --- [http-nio-8089-exec-8] s.w.s.m.m.a.RequestMappingHandlerMapping : Mapped to com.codeneticx.nihaobackend.controller.V1Controller#getLessonExercises(String)
2026-09-01T17:03:44.153+05:00 DEBUG 7520 --- [http-nio-8089-exec-8] o.s.security.web.FilterChainProxy        : Secured GET /v1/lessons/780b13bd-a283-467c-ac81-0e9b1a7c9bbd/exercises
2026-09-01T17:03:44.153+05:00 DEBUG 7520 --- [http-nio-8089-exec-8] o.s.web.servlet.DispatcherServlet        : GET "/api/v1/lessons/780b13bd-a283-467c-ac81-0e9b1a7c9bbd/exercises", parameters={}
2026-09-01T17:03:44.153+05:00 DEBUG 7520 --- [http-nio-8089-exec-8] s.w.s.m.m.a.RequestMappingHandlerMapping : Mapped to com.codeneticx.nihaobackend.controller.V1Controller#getLessonExercises(String)
2026-09-01T17:03:44.159+05:00 DEBUG 7520 --- [http-nio-8089-exec-8] m.m.a.RequestResponseBodyMethodProcessor : Using 'application/json', given [application/json] and supported [application/json, application/*+json]
2026-09-01T17:03:44.159+05:00 DEBUG 7520 --- [http-nio-8089-exec-8] m.m.a.RequestResponseBodyMethodProcessor : Writing [ApiResponse(success=true, message=Exercises fetched successfully, data=[ExerciseNodeDto(id=78834536- (truncated)...]
2026-09-01T17:03:44.160+05:00 DEBUG 7520 --- [http-nio-8089-exec-8] o.s.web.servlet.DispatcherServlet        : Completed 200 OK
2026-09-01T17:03:44.187+05:00 DEBUG 7520 --- [http-nio-8089-exec-9] o.s.security.web.FilterChainProxy        : Securing GET /v1/lessons/ba3f33d6-3ad2-44fe-9e22-1c9e8d78a09a/exercises
2026-09-01T17:03:44.191+05:00 DEBUG 7520 --- [http-nio-8089-exec-9] s.w.s.m.m.a.RequestMappingHandlerMapping : Mapped to com.codeneticx.nihaobackend.controller.V1Controller#getLessonExercises(String)
2026-09-01T17:03:44.192+05:00 DEBUG 7520 --- [http-nio-8089-exec-9] s.w.s.m.m.a.RequestMappingHandlerMapping : Mapped to com.codeneticx.nihaobackend.controller.V1Controller#getLessonExercises(String)
2026-09-01T17:03:44.192+05:00 DEBUG 7520 --- [http-nio-8089-exec-9] s.w.s.m.m.a.RequestMappingHandlerMapping : Mapped to com.codeneticx.nihaobackend.controller.V1Controller#getLessonExercises(String)
2026-09-01T17:03:44.192+05:00 DEBUG 7520 --- [http-nio-8089-exec-9] s.w.s.m.m.a.RequestMappingHandlerMapping : Mapped to com.codeneticx.nihaobackend.controller.V1Controller#getLessonExercises(String)
2026-09-01T17:03:44.192+05:00 DEBUG 7520 --- [http-nio-8089-exec-9] s.w.s.m.m.a.RequestMappingHandlerMapping : Mapped to com.codeneticx.nihaobackend.controller.V1Controller#getLessonExercises(String)
2026-09-01T17:03:44.192+05:00 DEBUG 7520 --- [http-nio-8089-exec-9] s.w.s.m.m.a.RequestMappingHandlerMapping : Mapped to com.codeneticx.nihaobackend.controller.V1Controller#getLessonExercises(String)
2026-09-01T17:03:44.192+05:00 DEBUG 7520 --- [http-nio-8089-exec-9] s.w.s.m.m.a.RequestMappingHandlerMapping : Mapped to com.codeneticx.nihaobackend.controller.V1Controller#getLessonExercises(String)
2026-09-01T17:03:44.192+05:00 DEBUG 7520 --- [http-nio-8089-exec-9] s.w.s.m.m.a.RequestMappingHandlerMapping : Mapped to com.codeneticx.nihaobackend.controller.V1Controller#getLessonExercises(String)
2026-09-01T17:03:44.193+05:00 DEBUG 7520 --- [http-nio-8089-exec-9] s.w.s.m.m.a.RequestMappingHandlerMapping : Mapped to com.codeneticx.nihaobackend.controller.V1Controller#getLessonExercises(String)
2026-09-01T17:03:44.193+05:00 DEBUG 7520 --- [http-nio-8089-exec-9] s.w.s.m.m.a.RequestMappingHandlerMapping : Mapped to com.codeneticx.nihaobackend.controller.V1Controller#getLessonExercises(String)
2026-09-01T17:03:44.193+05:00 DEBUG 7520 --- [http-nio-8089-exec-9] s.w.s.m.m.a.RequestMappingHandlerMapping : Mapped to com.codeneticx.nihaobackend.controller.V1Controller#getLessonExercises(String)
2026-09-01T17:03:44.193+05:00 DEBUG 7520 --- [http-nio-8089-exec-9] o.s.security.web.FilterChainProxy        : Secured GET /v1/lessons/ba3f33d6-3ad2-44fe-9e22-1c9e8d78a09a/exercises
2026-09-01T17:03:44.193+05:00 DEBUG 7520 --- [http-nio-8089-exec-9] o.s.web.servlet.DispatcherServlet        : GET "/api/v1/lessons/ba3f33d6-3ad2-44fe-9e22-1c9e8d78a09a/exercises", parameters={}
2026-09-01T17:03:44.193+05:00 DEBUG 7520 --- [http-nio-8089-exec-9] s.w.s.m.m.a.RequestMappingHandlerMapping : Mapped to com.codeneticx.nihaobackend.controller.V1Controller#getLessonExercises(String)
2026-09-01T17:03:44.197+05:00 DEBUG 7520 --- [http-nio-8089-exec-9] m.m.a.RequestResponseBodyMethodProcessor : Using 'application/json', given [application/json] and supported [application/json, application/*+json]
2026-09-01T17:03:44.197+05:00 DEBUG 7520 --- [http-nio-8089-exec-9] m.m.a.RequestResponseBodyMethodProcessor : Writing [ApiResponse(success=true, message=Exercises fetched successfully, data=[ExerciseNodeDto(id=3ff4944b- (truncated)...]
2026-09-01T17:03:44.198+05:00 DEBUG 7520 --- [http-nio-8089-exec-9] o.s.web.servlet.DispatcherServlet        : Completed 200 OK
2026-09-01T17:03:44.219+05:00 DEBUG 7520 --- [http-nio-8089-exec-10] o.s.security.web.FilterChainProxy        : Securing GET /v1/lessons/adb2ad19-d7d0-4316-b5e9-91cb48629bc9/exercises
2026-09-01T17:03:44.225+05:00 DEBUG 7520 --- [http-nio-8089-exec-10] s.w.s.m.m.a.RequestMappingHandlerMapping : Mapped to com.codeneticx.nihaobackend.controller.V1Controller#getLessonExercises(String)
2026-09-01T17:03:44.225+05:00 DEBUG 7520 --- [http-nio-8089-exec-10] s.w.s.m.m.a.RequestMappingHandlerMapping : Mapped to com.codeneticx.nihaobackend.controller.V1Controller#getLessonExercises(String)
2026-09-01T17:03:44.225+05:00 DEBUG 7520 --- [http-nio-8089-exec-10] s.w.s.m.m.a.RequestMappingHandlerMapping : Mapped to com.codeneticx.nihaobackend.controller.V1Controller#getLessonExercises(String)
2026-09-01T17:03:44.225+05:00 DEBUG 7520 --- [http-nio-8089-exec-10] s.w.s.m.m.a.RequestMappingHandlerMapping : Mapped to com.codeneticx.nihaobackend.controller.V1Controller#getLessonExercises(String)
2026-09-01T17:03:44.225+05:00 DEBUG 7520 --- [http-nio-8089-exec-10] s.w.s.m.m.a.RequestMappingHandlerMapping : Mapped to com.codeneticx.nihaobackend.controller.V1Controller#getLessonExercises(String)
2026-09-01T17:03:44.225+05:00 DEBUG 7520 --- [http-nio-8089-exec-10] s.w.s.m.m.a.RequestMappingHandlerMapping : Mapped to com.codeneticx.nihaobackend.controller.V1Controller#getLessonExercises(String)
2026-09-01T17:03:44.225+05:00 DEBUG 7520 --- [http-nio-8089-exec-10] s.w.s.m.m.a.RequestMappingHandlerMapping : Mapped to com.codeneticx.nihaobackend.controller.V1Controller#getLessonExercises(String)
2026-09-01T17:03:44.225+05:00 DEBUG 7520 --- [http-nio-8089-exec-10] s.w.s.m.m.a.RequestMappingHandlerMapping : Mapped to com.codeneticx.nihaobackend.controller.V1Controller#getLessonExercises(String)
2026-09-01T17:03:44.225+05:00 DEBUG 7520 --- [http-nio-8089-exec-10] s.w.s.m.m.a.RequestMappingHandlerMapping : Mapped to com.codeneticx.nihaobackend.controller.V1Controller#getLessonExercises(String)
2026-09-01T17:03:44.225+05:00 DEBUG 7520 --- [http-nio-8089-exec-10] s.w.s.m.m.a.RequestMappingHandlerMapping : Mapped to com.codeneticx.nihaobackend.controller.V1Controller#getLessonExercises(String)
2026-09-01T17:03:44.225+05:00 DEBUG 7520 --- [http-nio-8089-exec-10] s.w.s.m.m.a.RequestMappingHandlerMapping : Mapped to com.codeneticx.nihaobackend.controller.V1Controller#getLessonExercises(String)
2026-09-01T17:03:44.225+05:00 DEBUG 7520 --- [http-nio-8089-exec-10] o.s.security.web.FilterChainProxy        : Secured GET /v1/lessons/adb2ad19-d7d0-4316-b5e9-91cb48629bc9/exercises
2026-09-01T17:03:44.225+05:00 DEBUG 7520 --- [http-nio-8089-exec-10] o.s.web.servlet.DispatcherServlet        : GET "/api/v1/lessons/adb2ad19-d7d0-4316-b5e9-91cb48629bc9/exercises", parameters={}
2026-09-01T17:03:44.227+05:00 DEBUG 7520 --- [http-nio-8089-exec-10] s.w.s.m.m.a.RequestMappingHandlerMapping : Mapped to com.codeneticx.nihaobackend.controller.V1Controller#getLessonExercises(String)
2026-09-01T17:03:44.232+05:00 DEBUG 7520 --- [http-nio-8089-exec-10] m.m.a.RequestResponseBodyMethodProcessor : Using 'application/json', given [application/json] and supported [application/json, application/*+json]
2026-09-01T17:03:44.232+05:00 DEBUG 7520 --- [http-nio-8089-exec-10] m.m.a.RequestResponseBodyMethodProcessor : Writing [ApiResponse(success=true, message=Exercises fetched successfully, data=[ExerciseNodeDto(id=6156787a- (truncated)...]
2026-09-01T17:03:44.233+05:00 DEBUG 7520 --- [http-nio-8089-exec-10] o.s.web.servlet.DispatcherServlet        : Completed 200 OK
2026-09-01T17:03:47.066+05:00 DEBUG 7520 --- [http-nio-8089-exec-1] o.s.security.web.FilterChainProxy        : Securing GET /v1/courses
2026-09-01T17:03:47.079+05:00 DEBUG 7520 --- [http-nio-8089-exec-1] s.w.s.m.m.a.RequestMappingHandlerMapping : Mapped to com.codeneticx.nihaobackend.controller.V1Controller#getCourses()
2026-09-01T17:03:47.080+05:00 DEBUG 7520 --- [http-nio-8089-exec-1] s.w.s.m.m.a.RequestMappingHandlerMapping : Mapped to com.codeneticx.nihaobackend.controller.V1Controller#getCourses()
2026-09-01T17:03:47.080+05:00 DEBUG 7520 --- [http-nio-8089-exec-1] s.w.s.m.m.a.RequestMappingHandlerMapping : Mapped to com.codeneticx.nihaobackend.controller.V1Controller#getCourses()
2026-09-01T17:03:47.080+05:00 DEBUG 7520 --- [http-nio-8089-exec-1] s.w.s.m.m.a.RequestMappingHandlerMapping : Mapped to com.codeneticx.nihaobackend.controller.V1Controller#getCourses()
2026-09-01T17:03:47.080+05:00 DEBUG 7520 --- [http-nio-8089-exec-1] s.w.s.m.m.a.RequestMappingHandlerMapping : Mapped to com.codeneticx.nihaobackend.controller.V1Controller#getCourses()
2026-09-01T17:03:47.080+05:00 DEBUG 7520 --- [http-nio-8089-exec-1] s.w.s.m.m.a.RequestMappingHandlerMapping : Mapped to com.codeneticx.nihaobackend.controller.V1Controller#getCourses()
2026-09-01T17:03:47.080+05:00 DEBUG 7520 --- [http-nio-8089-exec-1] s.w.s.m.m.a.RequestMappingHandlerMapping : Mapped to com.codeneticx.nihaobackend.controller.V1Controller#getCourses()
2026-09-01T17:03:47.080+05:00 DEBUG 7520 --- [http-nio-8089-exec-1] s.w.s.m.m.a.RequestMappingHandlerMapping : Mapped to com.codeneticx.nihaobackend.controller.V1Controller#getCourses()
2026-09-01T17:03:47.080+05:00 DEBUG 7520 --- [http-nio-8089-exec-1] s.w.s.m.m.a.RequestMappingHandlerMapping : Mapped to com.codeneticx.nihaobackend.controller.V1Controller#getCourses()
2026-09-01T17:03:47.080+05:00 DEBUG 7520 --- [http-nio-8089-exec-1] s.w.s.m.m.a.RequestMappingHandlerMapping : Mapped to com.codeneticx.nihaobackend.controller.V1Controller#getCourses()
2026-09-01T17:03:47.080+05:00 DEBUG 7520 --- [http-nio-8089-exec-1] s.w.s.m.m.a.RequestMappingHandlerMapping : Mapped to com.codeneticx.nihaobackend.controller.V1Controller#getCourses()
2026-09-01T17:03:47.081+05:00 DEBUG 7520 --- [http-nio-8089-exec-1] o.s.security.web.FilterChainProxy        : Secured GET /v1/courses
2026-09-01T17:03:47.081+05:00 DEBUG 7520 --- [http-nio-8089-exec-1] o.s.web.servlet.DispatcherServlet        : GET "/api/v1/courses", parameters={}
2026-09-01T17:03:47.081+05:00 DEBUG 7520 --- [http-nio-8089-exec-1] s.w.s.m.m.a.RequestMappingHandlerMapping : Mapped to com.codeneticx.nihaobackend.controller.V1Controller#getCourses()
2026-09-01T17:03:47.101+05:00 DEBUG 7520 --- [http-nio-8089-exec-1] m.m.a.RequestResponseBodyMethodProcessor : Using 'application/json', given [application/json] and supported [application/json, application/*+json]
2026-09-01T17:03:47.101+05:00 DEBUG 7520 --- [http-nio-8089-exec-1] m.m.a.RequestResponseBodyMethodProcessor : Writing [ApiResponse(success=true, message=Courses fetched successfully, data=[CourseListItemDto(id=0a2552cb- (truncated)...]
2026-09-01T17:03:47.102+05:00 DEBUG 7520 --- [http-nio-8089-exec-1] o.s.web.servlet.DispatcherServlet        : Completed 200 OK
2026-09-01T17:03:47.138+05:00 DEBUG 7520 --- [http-nio-8089-exec-2] o.s.security.web.FilterChainProxy        : Securing GET /v1/courses/0a2552cb-962e-40ef-9cfe-85a6e5830387/units?limit=20&offset=0
2026-09-01T17:03:47.143+05:00 DEBUG 7520 --- [http-nio-8089-exec-2] s.w.s.m.m.a.RequestMappingHandlerMapping : Mapped to com.codeneticx.nihaobackend.controller.V1Controller#getCourseUnits(String, int, int)
2026-09-01T17:03:47.143+05:00 DEBUG 7520 --- [http-nio-8089-exec-2] s.w.s.m.m.a.RequestMappingHandlerMapping : Mapped to com.codeneticx.nihaobackend.controller.V1Controller#getCourseUnits(String, int, int)
2026-09-01T17:03:47.145+05:00 DEBUG 7520 --- [http-nio-8089-exec-2] s.w.s.m.m.a.RequestMappingHandlerMapping : Mapped to com.codeneticx.nihaobackend.controller.V1Controller#getCourseUnits(String, int, int)
2026-09-01T17:03:47.146+05:00 DEBUG 7520 --- [http-nio-8089-exec-2] s.w.s.m.m.a.RequestMappingHandlerMapping : Mapped to com.codeneticx.nihaobackend.controller.V1Controller#getCourseUnits(String, int, int)
2026-09-01T17:03:47.146+05:00 DEBUG 7520 --- [http-nio-8089-exec-2] s.w.s.m.m.a.RequestMappingHandlerMapping : Mapped to com.codeneticx.nihaobackend.controller.V1Controller#getCourseUnits(String, int, int)
2026-09-01T17:03:47.147+05:00 DEBUG 7520 --- [http-nio-8089-exec-2] s.w.s.m.m.a.RequestMappingHandlerMapping : Mapped to com.codeneticx.nihaobackend.controller.V1Controller#getCourseUnits(String, int, int)
2026-09-01T17:03:47.147+05:00 DEBUG 7520 --- [http-nio-8089-exec-2] s.w.s.m.m.a.RequestMappingHandlerMapping : Mapped to com.codeneticx.nihaobackend.controller.V1Controller#getCourseUnits(String, int, int)
2026-09-01T17:03:47.147+05:00 DEBUG 7520 --- [http-nio-8089-exec-2] s.w.s.m.m.a.RequestMappingHandlerMapping : Mapped to com.codeneticx.nihaobackend.controller.V1Controller#getCourseUnits(String, int, int)
2026-09-01T17:03:47.147+05:00 DEBUG 7520 --- [http-nio-8089-exec-2] s.w.s.m.m.a.RequestMappingHandlerMapping : Mapped to com.codeneticx.nihaobackend.controller.V1Controller#getCourseUnits(String, int, int)
2026-09-01T17:03:47.147+05:00 DEBUG 7520 --- [http-nio-8089-exec-2] s.w.s.m.m.a.RequestMappingHandlerMapping : Mapped to com.codeneticx.nihaobackend.controller.V1Controller#getCourseUnits(String, int, int)
2026-09-01T17:03:47.148+05:00 DEBUG 7520 --- [http-nio-8089-exec-2] s.w.s.m.m.a.RequestMappingHandlerMapping : Mapped to com.codeneticx.nihaobackend.controller.V1Controller#getCourseUnits(String, int, int)
2026-09-01T17:03:47.148+05:00 DEBUG 7520 --- [http-nio-8089-exec-2] o.s.security.web.FilterChainProxy        : Secured GET /v1/courses/0a2552cb-962e-40ef-9cfe-85a6e5830387/units?limit=20&offset=0
2026-09-01T17:03:47.148+05:00 DEBUG 7520 --- [http-nio-8089-exec-2] o.s.web.servlet.DispatcherServlet        : GET "/api/v1/courses/0a2552cb-962e-40ef-9cfe-85a6e5830387/units?limit=20&offset=0", parameters={masked}
2026-09-01T17:03:47.148+05:00 DEBUG 7520 --- [http-nio-8089-exec-2] s.w.s.m.m.a.RequestMappingHandlerMapping : Mapped to com.codeneticx.nihaobackend.controller.V1Controller#getCourseUnits(String, int, int)
2026-09-01T17:03:47.163+05:00 DEBUG 7520 --- [http-nio-8089-exec-2] m.m.a.RequestResponseBodyMethodProcessor : Using 'application/json', given [application/json] and supported [application/json, application/*+json]
2026-09-01T17:03:47.163+05:00 DEBUG 7520 --- [http-nio-8089-exec-2] m.m.a.RequestResponseBodyMethodProcessor : Writing [ApiResponse(success=true, message=Units fetched successfully, data=[UnitJourneyNodeDto(id=f32cee8d-2 (truncated)...]
2026-09-01T17:03:47.164+05:00 DEBUG 7520 --- [http-nio-8089-exec-2] o.s.web.servlet.DispatcherServlet        : Completed 200 OK
2026-09-01T17:03:47.189+05:00 DEBUG 7520 --- [http-nio-8089-exec-3] o.s.security.web.FilterChainProxy        : Securing GET /v1/units/f32cee8d-264d-47e2-a3e0-6c4ede6e0e09/lessons
2026-09-01T17:03:47.193+05:00 DEBUG 7520 --- [http-nio-8089-exec-3] s.w.s.m.m.a.RequestMappingHandlerMapping : Mapped to com.codeneticx.nihaobackend.controller.V1Controller#getUnitLessons(String)
2026-09-01T17:03:47.195+05:00 DEBUG 7520 --- [http-nio-8089-exec-3] s.w.s.m.m.a.RequestMappingHandlerMapping : Mapped to com.codeneticx.nihaobackend.controller.V1Controller#getUnitLessons(String)
2026-09-01T17:03:47.195+05:00 DEBUG 7520 --- [http-nio-8089-exec-3] s.w.s.m.m.a.RequestMappingHandlerMapping : Mapped to com.codeneticx.nihaobackend.controller.V1Controller#getUnitLessons(String)
2026-09-01T17:03:47.196+05:00 DEBUG 7520 --- [http-nio-8089-exec-3] s.w.s.m.m.a.RequestMappingHandlerMapping : Mapped to com.codeneticx.nihaobackend.controller.V1Controller#getUnitLessons(String)
2026-09-01T17:03:47.196+05:00 DEBUG 7520 --- [http-nio-8089-exec-3] s.w.s.m.m.a.RequestMappingHandlerMapping : Mapped to com.codeneticx.nihaobackend.controller.V1Controller#getUnitLessons(String)
2026-09-01T17:03:47.196+05:00 DEBUG 7520 --- [http-nio-8089-exec-3] s.w.s.m.m.a.RequestMappingHandlerMapping : Mapped to com.codeneticx.nihaobackend.controller.V1Controller#getUnitLessons(String)
2026-09-01T17:03:47.196+05:00 DEBUG 7520 --- [http-nio-8089-exec-3] s.w.s.m.m.a.RequestMappingHandlerMapping : Mapped to com.codeneticx.nihaobackend.controller.V1Controller#getUnitLessons(String)
2026-09-01T17:03:47.197+05:00 DEBUG 7520 --- [http-nio-8089-exec-3] s.w.s.m.m.a.RequestMappingHandlerMapping : Mapped to com.codeneticx.nihaobackend.controller.V1Controller#getUnitLessons(String)
2026-09-01T17:03:47.197+05:00 DEBUG 7520 --- [http-nio-8089-exec-3] s.w.s.m.m.a.RequestMappingHandlerMapping : Mapped to com.codeneticx.nihaobackend.controller.V1Controller#getUnitLessons(String)
2026-09-01T17:03:47.197+05:00 DEBUG 7520 --- [http-nio-8089-exec-3] s.w.s.m.m.a.RequestMappingHandlerMapping : Mapped to com.codeneticx.nihaobackend.controller.V1Controller#getUnitLessons(String)
2026-09-01T17:03:47.197+05:00 DEBUG 7520 --- [http-nio-8089-exec-3] s.w.s.m.m.a.RequestMappingHandlerMapping : Mapped to com.codeneticx.nihaobackend.controller.V1Controller#getUnitLessons(String)
2026-09-01T17:03:47.197+05:00 DEBUG 7520 --- [http-nio-8089-exec-3] o.s.security.web.FilterChainProxy        : Secured GET /v1/units/f32cee8d-264d-47e2-a3e0-6c4ede6e0e09/lessons
2026-09-01T17:03:47.197+05:00 DEBUG 7520 --- [http-nio-8089-exec-3] o.s.web.servlet.DispatcherServlet        : GET "/api/v1/units/f32cee8d-264d-47e2-a3e0-6c4ede6e0e09/lessons", parameters={}
2026-09-01T17:03:47.198+05:00 DEBUG 7520 --- [http-nio-8089-exec-3] s.w.s.m.m.a.RequestMappingHandlerMapping : Mapped to com.codeneticx.nihaobackend.controller.V1Controller#getUnitLessons(String)
2026-09-01T17:03:47.210+05:00 DEBUG 7520 --- [http-nio-8089-exec-3] m.m.a.RequestResponseBodyMethodProcessor : Using 'application/json', given [application/json] and supported [application/json, application/*+json]
2026-09-01T17:03:47.211+05:00 DEBUG 7520 --- [http-nio-8089-exec-3] m.m.a.RequestResponseBodyMethodProcessor : Writing [ApiResponse(success=true, message=Lessons fetched successfully, data=[LessonJourneyNodeDto(id=780b13 (truncated)...]
2026-09-01T17:03:47.212+05:00 DEBUG 7520 --- [http-nio-8089-exec-3] o.s.web.servlet.DispatcherServlet        : Completed 200 OK
2026-09-01T17:03:47.237+05:00 DEBUG 7520 --- [http-nio-8089-exec-4] o.s.security.web.FilterChainProxy        : Securing GET /v1/courses/0a2552cb-962e-40ef-9cfe-85a6e5830387/progress
2026-09-01T17:03:47.242+05:00 DEBUG 7520 --- [http-nio-8089-exec-4] s.w.s.m.m.a.RequestMappingHandlerMapping : Mapped to com.codeneticx.nihaobackend.controller.V1Controller#getCourseProgress(String)
2026-09-01T17:03:47.242+05:00 DEBUG 7520 --- [http-nio-8089-exec-4] s.w.s.m.m.a.RequestMappingHandlerMapping : Mapped to com.codeneticx.nihaobackend.controller.V1Controller#getCourseProgress(String)
2026-09-01T17:03:47.242+05:00 DEBUG 7520 --- [http-nio-8089-exec-4] s.w.s.m.m.a.RequestMappingHandlerMapping : Mapped to com.codeneticx.nihaobackend.controller.V1Controller#getCourseProgress(String)
2026-09-01T17:03:47.242+05:00 DEBUG 7520 --- [http-nio-8089-exec-4] s.w.s.m.m.a.RequestMappingHandlerMapping : Mapped to com.codeneticx.nihaobackend.controller.V1Controller#getCourseProgress(String)
2026-09-01T17:03:47.243+05:00 DEBUG 7520 --- [http-nio-8089-exec-4] s.w.s.m.m.a.RequestMappingHandlerMapping : Mapped to com.codeneticx.nihaobackend.controller.V1Controller#getCourseProgress(String)
2026-09-01T17:03:47.243+05:00 DEBUG 7520 --- [http-nio-8089-exec-4] s.w.s.m.m.a.RequestMappingHandlerMapping : Mapped to com.codeneticx.nihaobackend.controller.V1Controller#getCourseProgress(String)
2026-09-01T17:03:47.243+05:00 DEBUG 7520 --- [http-nio-8089-exec-4] s.w.s.m.m.a.RequestMappingHandlerMapping : Mapped to com.codeneticx.nihaobackend.controller.V1Controller#getCourseProgress(String)
2026-09-01T17:03:47.243+05:00 DEBUG 7520 --- [http-nio-8089-exec-4] s.w.s.m.m.a.RequestMappingHandlerMapping : Mapped to com.codeneticx.nihaobackend.controller.V1Controller#getCourseProgress(String)
2026-09-01T17:03:47.243+05:00 DEBUG 7520 --- [http-nio-8089-exec-4] s.w.s.m.m.a.RequestMappingHandlerMapping : Mapped to com.codeneticx.nihaobackend.controller.V1Controller#getCourseProgress(String)
2026-09-01T17:03:47.243+05:00 DEBUG 7520 --- [http-nio-8089-exec-4] s.w.s.m.m.a.RequestMappingHandlerMapping : Mapped to com.codeneticx.nihaobackend.controller.V1Controller#getCourseProgress(String)
2026-09-01T17:03:47.245+05:00 DEBUG 7520 --- [http-nio-8089-exec-4] s.w.s.m.m.a.RequestMappingHandlerMapping : Mapped to com.codeneticx.nihaobackend.controller.V1Controller#getCourseProgress(String)
2026-09-01T17:03:47.245+05:00 DEBUG 7520 --- [http-nio-8089-exec-4] o.s.security.web.FilterChainProxy        : Secured GET /v1/courses/0a2552cb-962e-40ef-9cfe-85a6e5830387/progress
2026-09-01T17:03:47.245+05:00 DEBUG 7520 --- [http-nio-8089-exec-4] o.s.web.servlet.DispatcherServlet        : GET "/api/v1/courses/0a2552cb-962e-40ef-9cfe-85a6e5830387/progress", parameters={}
2026-09-01T17:03:47.245+05:00 DEBUG 7520 --- [http-nio-8089-exec-4] s.w.s.m.m.a.RequestMappingHandlerMapping : Mapped to com.codeneticx.nihaobackend.controller.V1Controller#getCourseProgress(String)
2026-09-01T17:03:47.267+05:00 DEBUG 7520 --- [http-nio-8089-exec-4] m.m.a.RequestResponseBodyMethodProcessor : Using 'application/json', given [application/json] and supported [application/json, application/*+json]
2026-09-01T17:03:47.267+05:00 DEBUG 7520 --- [http-nio-8089-exec-4] m.m.a.RequestResponseBodyMethodProcessor : Writing [ApiResponse(success=true, message=Course progress fetched successfully, data=CourseProgressDto(xp=40 (truncated)...]
2026-09-01T17:03:47.268+05:00 DEBUG 7520 --- [http-nio-8089-exec-4] o.s.web.servlet.DispatcherServlet        : Completed 200 OK
2026-09-01T17:03:51.454+05:00 DEBUG 7520 --- [http-nio-8089-exec-5] o.s.security.web.FilterChainProxy        : Securing GET /v1/courses
2026-09-01T17:03:51.463+05:00 DEBUG 7520 --- [http-nio-8089-exec-5] s.w.s.m.m.a.RequestMappingHandlerMapping : Mapped to com.codeneticx.nihaobackend.controller.V1Controller#getCourses()
2026-09-01T17:03:51.464+05:00 DEBUG 7520 --- [http-nio-8089-exec-5] s.w.s.m.m.a.RequestMappingHandlerMapping : Mapped to com.codeneticx.nihaobackend.controller.V1Controller#getCourses()
2026-09-01T17:03:51.464+05:00 DEBUG 7520 --- [http-nio-8089-exec-5] s.w.s.m.m.a.RequestMappingHandlerMapping : Mapped to com.codeneticx.nihaobackend.controller.V1Controller#getCourses()
2026-09-01T17:03:51.464+05:00 DEBUG 7520 --- [http-nio-8089-exec-5] s.w.s.m.m.a.RequestMappingHandlerMapping : Mapped to com.codeneticx.nihaobackend.controller.V1Controller#getCourses()
2026-09-01T17:03:51.464+05:00 DEBUG 7520 --- [http-nio-8089-exec-5] s.w.s.m.m.a.RequestMappingHandlerMapping : Mapped to com.codeneticx.nihaobackend.controller.V1Controller#getCourses()
2026-09-01T17:03:51.464+05:00 DEBUG 7520 --- [http-nio-8089-exec-5] s.w.s.m.m.a.RequestMappingHandlerMapping : Mapped to com.codeneticx.nihaobackend.controller.V1Controller#getCourses()
2026-09-01T17:03:51.464+05:00 DEBUG 7520 --- [http-nio-8089-exec-5] s.w.s.m.m.a.RequestMappingHandlerMapping : Mapped to com.codeneticx.nihaobackend.controller.V1Controller#getCourses()
2026-09-01T17:03:51.465+05:00 DEBUG 7520 --- [http-nio-8089-exec-5] s.w.s.m.m.a.RequestMappingHandlerMapping : Mapped to com.codeneticx.nihaobackend.controller.V1Controller#getCourses()
2026-09-01T17:03:51.465+05:00 DEBUG 7520 --- [http-nio-8089-exec-5] s.w.s.m.m.a.RequestMappingHandlerMapping : Mapped to com.codeneticx.nihaobackend.controller.V1Controller#getCourses()
2026-09-01T17:03:51.465+05:00 DEBUG 7520 --- [http-nio-8089-exec-5] s.w.s.m.m.a.RequestMappingHandlerMapping : Mapped to com.codeneticx.nihaobackend.controller.V1Controller#getCourses()
2026-09-01T17:03:51.465+05:00 DEBUG 7520 --- [http-nio-8089-exec-5] s.w.s.m.m.a.RequestMappingHandlerMapping : Mapped to com.codeneticx.nihaobackend.controller.V1Controller#getCourses()
2026-09-01T17:03:51.465+05:00 DEBUG 7520 --- [http-nio-8089-exec-5] o.s.security.web.FilterChainProxy        : Secured GET /v1/courses
2026-09-01T17:03:51.465+05:00 DEBUG 7520 --- [http-nio-8089-exec-5] o.s.web.servlet.DispatcherServlet        : GET "/api/v1/courses", parameters={}
2026-09-01T17:03:51.465+05:00 DEBUG 7520 --- [http-nio-8089-exec-5] s.w.s.m.m.a.RequestMappingHandlerMapping : Mapped to com.codeneticx.nihaobackend.controller.V1Controller#getCourses()
2026-09-01T17:03:51.491+05:00 DEBUG 7520 --- [http-nio-8089-exec-5] m.m.a.RequestResponseBodyMethodProcessor : Using 'application/json', given [application/json] and supported [application/json, application/*+json]
2026-09-01T17:03:51.493+05:00 DEBUG 7520 --- [http-nio-8089-exec-5] m.m.a.RequestResponseBodyMethodProcessor : Writing [ApiResponse(success=true, message=Courses fetched successfully, data=[CourseListItemDto(id=0a2552cb- (truncated)...]
2026-09-01T17:03:51.493+05:00 DEBUG 7520 --- [http-nio-8089-exec-5] o.s.web.servlet.DispatcherServlet        : Completed 200 OK
2026-09-01T17:03:51.531+05:00 DEBUG 7520 --- [http-nio-8089-exec-6] o.s.security.web.FilterChainProxy        : Securing GET /v1/courses/0a2552cb-962e-40ef-9cfe-85a6e5830387/units?limit=20&offset=0
2026-09-01T17:03:51.542+05:00 DEBUG 7520 --- [http-nio-8089-exec-6] s.w.s.m.m.a.RequestMappingHandlerMapping : Mapped to com.codeneticx.nihaobackend.controller.V1Controller#getCourseUnits(String, int, int)
2026-09-01T17:03:51.542+05:00 DEBUG 7520 --- [http-nio-8089-exec-6] s.w.s.m.m.a.RequestMappingHandlerMapping : Mapped to com.codeneticx.nihaobackend.controller.V1Controller#getCourseUnits(String, int, int)
2026-09-01T17:03:51.542+05:00 DEBUG 7520 --- [http-nio-8089-exec-6] s.w.s.m.m.a.RequestMappingHandlerMapping : Mapped to com.codeneticx.nihaobackend.controller.V1Controller#getCourseUnits(String, int, int)
2026-09-01T17:03:51.543+05:00 DEBUG 7520 --- [http-nio-8089-exec-6] s.w.s.m.m.a.RequestMappingHandlerMapping : Mapped to com.codeneticx.nihaobackend.controller.V1Controller#getCourseUnits(String, int, int)
2026-09-01T17:03:51.543+05:00 DEBUG 7520 --- [http-nio-8089-exec-6] s.w.s.m.m.a.RequestMappingHandlerMapping : Mapped to com.codeneticx.nihaobackend.controller.V1Controller#getCourseUnits(String, int, int)
2026-09-01T17:03:51.543+05:00 DEBUG 7520 --- [http-nio-8089-exec-6] s.w.s.m.m.a.RequestMappingHandlerMapping : Mapped to com.codeneticx.nihaobackend.controller.V1Controller#getCourseUnits(String, int, int)
2026-09-01T17:03:51.544+05:00 DEBUG 7520 --- [http-nio-8089-exec-6] s.w.s.m.m.a.RequestMappingHandlerMapping : Mapped to com.codeneticx.nihaobackend.controller.V1Controller#getCourseUnits(String, int, int)
2026-09-01T17:03:51.545+05:00 DEBUG 7520 --- [http-nio-8089-exec-6] s.w.s.m.m.a.RequestMappingHandlerMapping : Mapped to com.codeneticx.nihaobackend.controller.V1Controller#getCourseUnits(String, int, int)
2026-09-01T17:03:51.546+05:00 DEBUG 7520 --- [http-nio-8089-exec-6] s.w.s.m.m.a.RequestMappingHandlerMapping : Mapped to com.codeneticx.nihaobackend.controller.V1Controller#getCourseUnits(String, int, int)
2026-09-01T17:03:51.546+05:00 DEBUG 7520 --- [http-nio-8089-exec-6] s.w.s.m.m.a.RequestMappingHandlerMapping : Mapped to com.codeneticx.nihaobackend.controller.V1Controller#getCourseUnits(String, int, int)
2026-09-01T17:03:51.547+05:00 DEBUG 7520 --- [http-nio-8089-exec-6] s.w.s.m.m.a.RequestMappingHandlerMapping : Mapped to com.codeneticx.nihaobackend.controller.V1Controller#getCourseUnits(String, int, int)
2026-09-01T17:03:51.547+05:00 DEBUG 7520 --- [http-nio-8089-exec-6] o.s.security.web.FilterChainProxy        : Secured GET /v1/courses/0a2552cb-962e-40ef-9cfe-85a6e5830387/units?limit=20&offset=0
2026-09-01T17:03:51.548+05:00 DEBUG 7520 --- [http-nio-8089-exec-6] o.s.web.servlet.DispatcherServlet        : GET "/api/v1/courses/0a2552cb-962e-40ef-9cfe-85a6e5830387/units?limit=20&offset=0", parameters={masked}
2026-09-01T17:03:51.548+05:00 DEBUG 7520 --- [http-nio-8089-exec-6] s.w.s.m.m.a.RequestMappingHandlerMapping : Mapped to com.codeneticx.nihaobackend.controller.V1Controller#getCourseUnits(String, int, int)
2026-09-01T17:03:51.565+05:00 DEBUG 7520 --- [http-nio-8089-exec-6] m.m.a.RequestResponseBodyMethodProcessor : Using 'application/json', given [application/json] and supported [application/json, application/*+json]
2026-09-01T17:03:51.565+05:00 DEBUG 7520 --- [http-nio-8089-exec-6] m.m.a.RequestResponseBodyMethodProcessor : Writing [ApiResponse(success=true, message=Units fetched successfully, data=[UnitJourneyNodeDto(id=f32cee8d-2 (truncated)...]
2026-09-01T17:03:51.566+05:00 DEBUG 7520 --- [http-nio-8089-exec-6] o.s.web.servlet.DispatcherServlet        : Completed 200 OK
2026-09-01T17:03:51.613+05:00 DEBUG 7520 --- [http-nio-8089-exec-7] o.s.security.web.FilterChainProxy        : Securing GET /v1/units/f32cee8d-264d-47e2-a3e0-6c4ede6e0e09/lessons
2026-09-01T17:03:51.620+05:00 DEBUG 7520 --- [http-nio-8089-exec-7] s.w.s.m.m.a.RequestMappingHandlerMapping : Mapped to com.codeneticx.nihaobackend.controller.V1Controller#getUnitLessons(String)
2026-09-01T17:03:51.620+05:00 DEBUG 7520 --- [http-nio-8089-exec-7] s.w.s.m.m.a.RequestMappingHandlerMapping : Mapped to com.codeneticx.nihaobackend.controller.V1Controller#getUnitLessons(String)
2026-09-01T17:03:51.621+05:00 DEBUG 7520 --- [http-nio-8089-exec-7] s.w.s.m.m.a.RequestMappingHandlerMapping : Mapped to com.codeneticx.nihaobackend.controller.V1Controller#getUnitLessons(String)
2026-09-01T17:03:51.621+05:00 DEBUG 7520 --- [http-nio-8089-exec-7] s.w.s.m.m.a.RequestMappingHandlerMapping : Mapped to com.codeneticx.nihaobackend.controller.V1Controller#getUnitLessons(String)
2026-09-01T17:03:51.621+05:00 DEBUG 7520 --- [http-nio-8089-exec-7] s.w.s.m.m.a.RequestMappingHandlerMapping : Mapped to com.codeneticx.nihaobackend.controller.V1Controller#getUnitLessons(String)
2026-09-01T17:03:51.621+05:00 DEBUG 7520 --- [http-nio-8089-exec-7] s.w.s.m.m.a.RequestMappingHandlerMapping : Mapped to com.codeneticx.nihaobackend.controller.V1Controller#getUnitLessons(String)
2026-09-01T17:03:51.622+05:00 DEBUG 7520 --- [http-nio-8089-exec-7] s.w.s.m.m.a.RequestMappingHandlerMapping : Mapped to com.codeneticx.nihaobackend.controller.V1Controller#getUnitLessons(String)
2026-09-01T17:03:51.622+05:00 DEBUG 7520 --- [http-nio-8089-exec-7] s.w.s.m.m.a.RequestMappingHandlerMapping : Mapped to com.codeneticx.nihaobackend.controller.V1Controller#getUnitLessons(String)
2026-09-01T17:03:51.622+05:00 DEBUG 7520 --- [http-nio-8089-exec-7] s.w.s.m.m.a.RequestMappingHandlerMapping : Mapped to com.codeneticx.nihaobackend.controller.V1Controller#getUnitLessons(String)
2026-09-01T17:03:51.622+05:00 DEBUG 7520 --- [http-nio-8089-exec-7] s.w.s.m.m.a.RequestMappingHandlerMapping : Mapped to com.codeneticx.nihaobackend.controller.V1Controller#getUnitLessons(String)
2026-09-01T17:03:51.622+05:00 DEBUG 7520 --- [http-nio-8089-exec-7] s.w.s.m.m.a.RequestMappingHandlerMapping : Mapped to com.codeneticx.nihaobackend.controller.V1Controller#getUnitLessons(String)
2026-09-01T17:03:51.623+05:00 DEBUG 7520 --- [http-nio-8089-exec-7] o.s.security.web.FilterChainProxy        : Secured GET /v1/units/f32cee8d-264d-47e2-a3e0-6c4ede6e0e09/lessons
2026-09-01T17:03:51.623+05:00 DEBUG 7520 --- [http-nio-8089-exec-7] o.s.web.servlet.DispatcherServlet        : GET "/api/v1/units/f32cee8d-264d-47e2-a3e0-6c4ede6e0e09/lessons", parameters={}
2026-09-01T17:03:51.624+05:00 DEBUG 7520 --- [http-nio-8089-exec-7] s.w.s.m.m.a.RequestMappingHandlerMapping : Mapped to com.codeneticx.nihaobackend.controller.V1Controller#getUnitLessons(String)
2026-09-01T17:03:51.640+05:00 DEBUG 7520 --- [http-nio-8089-exec-7] m.m.a.RequestResponseBodyMethodProcessor : Using 'application/json', given [application/json] and supported [application/json, application/*+json]
2026-09-01T17:03:51.641+05:00 DEBUG 7520 --- [http-nio-8089-exec-7] m.m.a.RequestResponseBodyMethodProcessor : Writing [ApiResponse(success=true, message=Lessons fetched successfully, data=[LessonJourneyNodeDto(id=780b13 (truncated)...]
2026-09-01T17:03:51.642+05:00 DEBUG 7520 --- [http-nio-8089-exec-7] o.s.web.servlet.DispatcherServlet        : Completed 200 OK
2026-09-01T17:03:51.685+05:00 DEBUG 7520 --- [http-nio-8089-exec-8] o.s.security.web.FilterChainProxy        : Securing GET /v1/courses/0a2552cb-962e-40ef-9cfe-85a6e5830387/progress
2026-09-01T17:03:51.691+05:00 DEBUG 7520 --- [http-nio-8089-exec-8] s.w.s.m.m.a.RequestMappingHandlerMapping : Mapped to com.codeneticx.nihaobackend.controller.V1Controller#getCourseProgress(String)
2026-09-01T17:03:51.691+05:00 DEBUG 7520 --- [http-nio-8089-exec-8] s.w.s.m.m.a.RequestMappingHandlerMapping : Mapped to com.codeneticx.nihaobackend.controller.V1Controller#getCourseProgress(String)
2026-09-01T17:03:51.693+05:00 DEBUG 7520 --- [http-nio-8089-exec-8] s.w.s.m.m.a.RequestMappingHandlerMapping : Mapped to com.codeneticx.nihaobackend.controller.V1Controller#getCourseProgress(String)
2026-09-01T17:03:51.693+05:00 DEBUG 7520 --- [http-nio-8089-exec-8] s.w.s.m.m.a.RequestMappingHandlerMapping : Mapped to com.codeneticx.nihaobackend.controller.V1Controller#getCourseProgress(String)
2026-09-01T17:03:51.693+05:00 DEBUG 7520 --- [http-nio-8089-exec-8] s.w.s.m.m.a.RequestMappingHandlerMapping : Mapped to com.codeneticx.nihaobackend.controller.V1Controller#getCourseProgress(String)
2026-09-01T17:03:51.694+05:00 DEBUG 7520 --- [http-nio-8089-exec-8] s.w.s.m.m.a.RequestMappingHandlerMapping : Mapped to com.codeneticx.nihaobackend.controller.V1Controller#getCourseProgress(String)
2026-09-01T17:03:51.694+05:00 DEBUG 7520 --- [http-nio-8089-exec-8] s.w.s.m.m.a.RequestMappingHandlerMapping : Mapped to com.codeneticx.nihaobackend.controller.V1Controller#getCourseProgress(String)
2026-09-01T17:03:51.695+05:00 DEBUG 7520 --- [http-nio-8089-exec-8] s.w.s.m.m.a.RequestMappingHandlerMapping : Mapped to com.codeneticx.nihaobackend.controller.V1Controller#getCourseProgress(String)
2026-09-01T17:03:51.695+05:00 DEBUG 7520 --- [http-nio-8089-exec-8] s.w.s.m.m.a.RequestMappingHandlerMapping : Mapped to com.codeneticx.nihaobackend.controller.V1Controller#getCourseProgress(String)
2026-09-01T17:03:51.695+05:00 DEBUG 7520 --- [http-nio-8089-exec-8] s.w.s.m.m.a.RequestMappingHandlerMapping : Mapped to com.codeneticx.nihaobackend.controller.V1Controller#getCourseProgress(String)
2026-09-01T17:03:51.696+05:00 DEBUG 7520 --- [http-nio-8089-exec-8] s.w.s.m.m.a.RequestMappingHandlerMapping : Mapped to com.codeneticx.nihaobackend.controller.V1Controller#getCourseProgress(String)
2026-09-01T17:03:51.697+05:00 DEBUG 7520 --- [http-nio-8089-exec-8] o.s.security.web.FilterChainProxy        : Secured GET /v1/courses/0a2552cb-962e-40ef-9cfe-85a6e5830387/progress
2026-09-01T17:03:51.697+05:00 DEBUG 7520 --- [http-nio-8089-exec-8] o.s.web.servlet.DispatcherServlet        : GET "/api/v1/courses/0a2552cb-962e-40ef-9cfe-85a6e5830387/progress", parameters={}
2026-09-01T17:03:51.698+05:00 DEBUG 7520 --- [http-nio-8089-exec-8] s.w.s.m.m.a.RequestMappingHandlerMapping : Mapped to com.codeneticx.nihaobackend.controller.V1Controller#getCourseProgress(String)
2026-09-01T17:03:51.731+05:00 DEBUG 7520 --- [http-nio-8089-exec-8] m.m.a.RequestResponseBodyMethodProcessor : Using 'application/json', given [application/json] and supported [application/json, application/*+json]
2026-09-01T17:03:51.731+05:00 DEBUG 7520 --- [http-nio-8089-exec-8] m.m.a.RequestResponseBodyMethodProcessor : Writing [ApiResponse(success=true, message=Course progress fetched successfully, data=CourseProgressDto(xp=40 (truncated)...]
2026-09-01T17:03:51.732+05:00 DEBUG 7520 --- [http-nio-8089-exec-8] o.s.web.servlet.DispatcherServlet        : Completed 200 OK
2026-09-01T17:04:02.160+05:00 DEBUG 7520 --- [http-nio-8089-exec-9] o.s.security.web.FilterChainProxy        : Securing GET /v1/courses
2026-09-01T17:04:02.166+05:00 DEBUG 7520 --- [http-nio-8089-exec-9] s.w.s.m.m.a.RequestMappingHandlerMapping : Mapped to com.codeneticx.nihaobackend.controller.V1Controller#getCourses()
2026-09-01T17:04:02.166+05:00 DEBUG 7520 --- [http-nio-8089-exec-9] s.w.s.m.m.a.RequestMappingHandlerMapping : Mapped to com.codeneticx.nihaobackend.controller.V1Controller#getCourses()
2026-09-01T17:04:02.166+05:00 DEBUG 7520 --- [http-nio-8089-exec-9] s.w.s.m.m.a.RequestMappingHandlerMapping : Mapped to com.codeneticx.nihaobackend.controller.V1Controller#getCourses()
2026-09-01T17:04:02.166+05:00 DEBUG 7520 --- [http-nio-8089-exec-9] s.w.s.m.m.a.RequestMappingHandlerMapping : Mapped to com.codeneticx.nihaobackend.controller.V1Controller#getCourses()
2026-09-01T17:04:02.166+05:00 DEBUG 7520 --- [http-nio-8089-exec-9] s.w.s.m.m.a.RequestMappingHandlerMapping : Mapped to com.codeneticx.nihaobackend.controller.V1Controller#getCourses()
2026-09-01T17:04:02.166+05:00 DEBUG 7520 --- [http-nio-8089-exec-9] s.w.s.m.m.a.RequestMappingHandlerMapping : Mapped to com.codeneticx.nihaobackend.controller.V1Controller#getCourses()
2026-09-01T17:04:02.166+05:00 DEBUG 7520 --- [http-nio-8089-exec-9] s.w.s.m.m.a.RequestMappingHandlerMapping : Mapped to com.codeneticx.nihaobackend.controller.V1Controller#getCourses()
2026-09-01T17:04:02.166+05:00 DEBUG 7520 --- [http-nio-8089-exec-9] s.w.s.m.m.a.RequestMappingHandlerMapping : Mapped to com.codeneticx.nihaobackend.controller.V1Controller#getCourses()
2026-09-01T17:04:02.167+05:00 DEBUG 7520 --- [http-nio-8089-exec-9] s.w.s.m.m.a.RequestMappingHandlerMapping : Mapped to com.codeneticx.nihaobackend.controller.V1Controller#getCourses()
2026-09-01T17:04:02.167+05:00 DEBUG 7520 --- [http-nio-8089-exec-9] s.w.s.m.m.a.RequestMappingHandlerMapping : Mapped to com.codeneticx.nihaobackend.controller.V1Controller#getCourses()
2026-09-01T17:04:02.167+05:00 DEBUG 7520 --- [http-nio-8089-exec-9] s.w.s.m.m.a.RequestMappingHandlerMapping : Mapped to com.codeneticx.nihaobackend.controller.V1Controller#getCourses()
2026-09-01T17:04:02.167+05:00 DEBUG 7520 --- [http-nio-8089-exec-9] o.s.security.web.FilterChainProxy        : Secured GET /v1/courses
2026-09-01T17:04:02.167+05:00 DEBUG 7520 --- [http-nio-8089-exec-9] o.s.web.servlet.DispatcherServlet        : GET "/api/v1/courses", parameters={}
2026-09-01T17:04:02.167+05:00 DEBUG 7520 --- [http-nio-8089-exec-9] s.w.s.m.m.a.RequestMappingHandlerMapping : Mapped to com.codeneticx.nihaobackend.controller.V1Controller#getCourses()
2026-09-01T17:04:02.191+05:00 DEBUG 7520 --- [http-nio-8089-exec-9] m.m.a.RequestResponseBodyMethodProcessor : Using 'application/json', given [application/json] and supported [application/json, application/*+json]
2026-09-01T17:04:02.191+05:00 DEBUG 7520 --- [http-nio-8089-exec-9] m.m.a.RequestResponseBodyMethodProcessor : Writing [ApiResponse(success=true, message=Courses fetched successfully, data=[CourseListItemDto(id=0a2552cb- (truncated)...]
2026-09-01T17:04:02.192+05:00 DEBUG 7520 --- [http-nio-8089-exec-9] o.s.web.servlet.DispatcherServlet        : Completed 200 OK
2026-09-01T17:04:02.236+05:00 DEBUG 7520 --- [http-nio-8089-exec-10] o.s.security.web.FilterChainProxy        : Securing GET /v1/courses/0a2552cb-962e-40ef-9cfe-85a6e5830387/units?limit=20&offset=0
2026-09-01T17:04:02.243+05:00 DEBUG 7520 --- [http-nio-8089-exec-10] s.w.s.m.m.a.RequestMappingHandlerMapping : Mapped to com.codeneticx.nihaobackend.controller.V1Controller#getCourseUnits(String, int, int)
2026-09-01T17:04:02.246+05:00 DEBUG 7520 --- [http-nio-8089-exec-10] s.w.s.m.m.a.RequestMappingHandlerMapping : Mapped to com.codeneticx.nihaobackend.controller.V1Controller#getCourseUnits(String, int, int)
2026-09-01T17:04:02.247+05:00 DEBUG 7520 --- [http-nio-8089-exec-10] s.w.s.m.m.a.RequestMappingHandlerMapping : Mapped to com.codeneticx.nihaobackend.controller.V1Controller#getCourseUnits(String, int, int)
2026-09-01T17:04:02.248+05:00 DEBUG 7520 --- [http-nio-8089-exec-10] s.w.s.m.m.a.RequestMappingHandlerMapping : Mapped to com.codeneticx.nihaobackend.controller.V1Controller#getCourseUnits(String, int, int)
2026-09-01T17:04:02.248+05:00 DEBUG 7520 --- [http-nio-8089-exec-10] s.w.s.m.m.a.RequestMappingHandlerMapping : Mapped to com.codeneticx.nihaobackend.controller.V1Controller#getCourseUnits(String, int, int)
2026-09-01T17:04:02.249+05:00 DEBUG 7520 --- [http-nio-8089-exec-10] s.w.s.m.m.a.RequestMappingHandlerMapping : Mapped to com.codeneticx.nihaobackend.controller.V1Controller#getCourseUnits(String, int, int)
2026-09-01T17:04:02.249+05:00 DEBUG 7520 --- [http-nio-8089-exec-10] s.w.s.m.m.a.RequestMappingHandlerMapping : Mapped to com.codeneticx.nihaobackend.controller.V1Controller#getCourseUnits(String, int, int)
2026-09-01T17:04:02.249+05:00 DEBUG 7520 --- [http-nio-8089-exec-10] s.w.s.m.m.a.RequestMappingHandlerMapping : Mapped to com.codeneticx.nihaobackend.controller.V1Controller#getCourseUnits(String, int, int)
2026-09-01T17:04:02.250+05:00 DEBUG 7520 --- [http-nio-8089-exec-10] s.w.s.m.m.a.RequestMappingHandlerMapping : Mapped to com.codeneticx.nihaobackend.controller.V1Controller#getCourseUnits(String, int, int)
2026-09-01T17:04:02.250+05:00 DEBUG 7520 --- [http-nio-8089-exec-10] s.w.s.m.m.a.RequestMappingHandlerMapping : Mapped to com.codeneticx.nihaobackend.controller.V1Controller#getCourseUnits(String, int, int)
2026-09-01T17:04:02.250+05:00 DEBUG 7520 --- [http-nio-8089-exec-10] s.w.s.m.m.a.RequestMappingHandlerMapping : Mapped to com.codeneticx.nihaobackend.controller.V1Controller#getCourseUnits(String, int, int)
2026-09-01T17:04:02.250+05:00 DEBUG 7520 --- [http-nio-8089-exec-10] o.s.security.web.FilterChainProxy        : Secured GET /v1/courses/0a2552cb-962e-40ef-9cfe-85a6e5830387/units?limit=20&offset=0
2026-09-01T17:04:02.250+05:00 DEBUG 7520 --- [http-nio-8089-exec-10] o.s.web.servlet.DispatcherServlet        : GET "/api/v1/courses/0a2552cb-962e-40ef-9cfe-85a6e5830387/units?limit=20&offset=0", parameters={masked}
2026-09-01T17:04:02.250+05:00 DEBUG 7520 --- [http-nio-8089-exec-10] s.w.s.m.m.a.RequestMappingHandlerMapping : Mapped to com.codeneticx.nihaobackend.controller.V1Controller#getCourseUnits(String, int, int)
2026-09-01T17:04:02.271+05:00 DEBUG 7520 --- [http-nio-8089-exec-10] m.m.a.RequestResponseBodyMethodProcessor : Using 'application/json', given [application/json] and supported [application/json, application/*+json]
2026-09-01T17:04:02.271+05:00 DEBUG 7520 --- [http-nio-8089-exec-10] m.m.a.RequestResponseBodyMethodProcessor : Writing [ApiResponse(success=true, message=Units fetched successfully, data=[UnitJourneyNodeDto(id=f32cee8d-2 (truncated)...]
2026-09-01T17:04:02.272+05:00 DEBUG 7520 --- [http-nio-8089-exec-10] o.s.web.servlet.DispatcherServlet        : Completed 200 OK
2026-09-01T17:04:02.315+05:00 DEBUG 7520 --- [http-nio-8089-exec-1] o.s.security.web.FilterChainProxy        : Securing GET /v1/units/f32cee8d-264d-47e2-a3e0-6c4ede6e0e09/lessons
2026-09-01T17:04:02.322+05:00 DEBUG 7520 --- [http-nio-8089-exec-1] s.w.s.m.m.a.RequestMappingHandlerMapping : Mapped to com.codeneticx.nihaobackend.controller.V1Controller#getUnitLessons(String)
2026-09-01T17:04:02.323+05:00 DEBUG 7520 --- [http-nio-8089-exec-1] s.w.s.m.m.a.RequestMappingHandlerMapping : Mapped to com.codeneticx.nihaobackend.controller.V1Controller#getUnitLessons(String)
2026-09-01T17:04:02.323+05:00 DEBUG 7520 --- [http-nio-8089-exec-1] s.w.s.m.m.a.RequestMappingHandlerMapping : Mapped to com.codeneticx.nihaobackend.controller.V1Controller#getUnitLessons(String)
2026-09-01T17:04:02.323+05:00 DEBUG 7520 --- [http-nio-8089-exec-1] s.w.s.m.m.a.RequestMappingHandlerMapping : Mapped to com.codeneticx.nihaobackend.controller.V1Controller#getUnitLessons(String)
2026-09-01T17:04:02.323+05:00 DEBUG 7520 --- [http-nio-8089-exec-1] s.w.s.m.m.a.RequestMappingHandlerMapping : Mapped to com.codeneticx.nihaobackend.controller.V1Controller#getUnitLessons(String)
2026-09-01T17:04:02.323+05:00 DEBUG 7520 --- [http-nio-8089-exec-1] s.w.s.m.m.a.RequestMappingHandlerMapping : Mapped to com.codeneticx.nihaobackend.controller.V1Controller#getUnitLessons(String)
2026-09-01T17:04:02.323+05:00 DEBUG 7520 --- [http-nio-8089-exec-1] s.w.s.m.m.a.RequestMappingHandlerMapping : Mapped to com.codeneticx.nihaobackend.controller.V1Controller#getUnitLessons(String)
2026-09-01T17:04:02.323+05:00 DEBUG 7520 --- [http-nio-8089-exec-1] s.w.s.m.m.a.RequestMappingHandlerMapping : Mapped to com.codeneticx.nihaobackend.controller.V1Controller#getUnitLessons(String)
2026-09-01T17:04:02.324+05:00 DEBUG 7520 --- [http-nio-8089-exec-1] s.w.s.m.m.a.RequestMappingHandlerMapping : Mapped to com.codeneticx.nihaobackend.controller.V1Controller#getUnitLessons(String)
2026-09-01T17:04:02.324+05:00 DEBUG 7520 --- [http-nio-8089-exec-1] s.w.s.m.m.a.RequestMappingHandlerMapping : Mapped to com.codeneticx.nihaobackend.controller.V1Controller#getUnitLessons(String)
2026-09-01T17:04:02.324+05:00 DEBUG 7520 --- [http-nio-8089-exec-1] s.w.s.m.m.a.RequestMappingHandlerMapping : Mapped to com.codeneticx.nihaobackend.controller.V1Controller#getUnitLessons(String)
2026-09-01T17:04:02.325+05:00 DEBUG 7520 --- [http-nio-8089-exec-1] o.s.security.web.FilterChainProxy        : Secured GET /v1/units/f32cee8d-264d-47e2-a3e0-6c4ede6e0e09/lessons
2026-09-01T17:04:02.327+05:00 DEBUG 7520 --- [http-nio-8089-exec-1] o.s.web.servlet.DispatcherServlet        : GET "/api/v1/units/f32cee8d-264d-47e2-a3e0-6c4ede6e0e09/lessons", parameters={}
2026-09-01T17:04:02.327+05:00 DEBUG 7520 --- [http-nio-8089-exec-1] s.w.s.m.m.a.RequestMappingHandlerMapping : Mapped to com.codeneticx.nihaobackend.controller.V1Controller#getUnitLessons(String)
2026-09-01T17:04:02.339+05:00 DEBUG 7520 --- [http-nio-8089-exec-1] m.m.a.RequestResponseBodyMethodProcessor : Using 'application/json', given [application/json] and supported [application/json, application/*+json]
2026-09-01T17:04:02.340+05:00 DEBUG 7520 --- [http-nio-8089-exec-1] m.m.a.RequestResponseBodyMethodProcessor : Writing [ApiResponse(success=true, message=Lessons fetched successfully, data=[LessonJourneyNodeDto(id=780b13 (truncated)...]
2026-09-01T17:04:02.341+05:00 DEBUG 7520 --- [http-nio-8089-exec-1] o.s.web.servlet.DispatcherServlet        : Completed 200 OK
2026-09-01T17:04:02.396+05:00 DEBUG 7520 --- [http-nio-8089-exec-2] o.s.security.web.FilterChainProxy        : Securing GET /v1/courses/0a2552cb-962e-40ef-9cfe-85a6e5830387/progress
2026-09-01T17:04:02.401+05:00 DEBUG 7520 --- [http-nio-8089-exec-2] s.w.s.m.m.a.RequestMappingHandlerMapping : Mapped to com.codeneticx.nihaobackend.controller.V1Controller#getCourseProgress(String)
2026-09-01T17:04:02.402+05:00 DEBUG 7520 --- [http-nio-8089-exec-2] s.w.s.m.m.a.RequestMappingHandlerMapping : Mapped to com.codeneticx.nihaobackend.controller.V1Controller#getCourseProgress(String)
2026-09-01T17:04:02.402+05:00 DEBUG 7520 --- [http-nio-8089-exec-2] s.w.s.m.m.a.RequestMappingHandlerMapping : Mapped to com.codeneticx.nihaobackend.controller.V1Controller#getCourseProgress(String)
2026-09-01T17:04:02.402+05:00 DEBUG 7520 --- [http-nio-8089-exec-2] s.w.s.m.m.a.RequestMappingHandlerMapping : Mapped to com.codeneticx.nihaobackend.controller.V1Controller#getCourseProgress(String)
2026-09-01T17:04:02.403+05:00 DEBUG 7520 --- [http-nio-8089-exec-2] s.w.s.m.m.a.RequestMappingHandlerMapping : Mapped to com.codeneticx.nihaobackend.controller.V1Controller#getCourseProgress(String)
2026-09-01T17:04:02.403+05:00 DEBUG 7520 --- [http-nio-8089-exec-2] s.w.s.m.m.a.RequestMappingHandlerMapping : Mapped to com.codeneticx.nihaobackend.controller.V1Controller#getCourseProgress(String)
2026-09-01T17:04:02.403+05:00 DEBUG 7520 --- [http-nio-8089-exec-2] s.w.s.m.m.a.RequestMappingHandlerMapping : Mapped to com.codeneticx.nihaobackend.controller.V1Controller#getCourseProgress(String)
2026-09-01T17:04:02.403+05:00 DEBUG 7520 --- [http-nio-8089-exec-2] s.w.s.m.m.a.RequestMappingHandlerMapping : Mapped to com.codeneticx.nihaobackend.controller.V1Controller#getCourseProgress(String)
2026-09-01T17:04:02.403+05:00 DEBUG 7520 --- [http-nio-8089-exec-2] s.w.s.m.m.a.RequestMappingHandlerMapping : Mapped to com.codeneticx.nihaobackend.controller.V1Controller#getCourseProgress(String)
2026-09-01T17:04:02.403+05:00 DEBUG 7520 --- [http-nio-8089-exec-2] s.w.s.m.m.a.RequestMappingHandlerMapping : Mapped to com.codeneticx.nihaobackend.controller.V1Controller#getCourseProgress(String)
2026-09-01T17:04:02.403+05:00 DEBUG 7520 --- [http-nio-8089-exec-2] s.w.s.m.m.a.RequestMappingHandlerMapping : Mapped to com.codeneticx.nihaobackend.controller.V1Controller#getCourseProgress(String)
2026-09-01T17:04:02.403+05:00 DEBUG 7520 --- [http-nio-8089-exec-2] o.s.security.web.FilterChainProxy        : Secured GET /v1/courses/0a2552cb-962e-40ef-9cfe-85a6e5830387/progress
2026-09-01T17:04:02.405+05:00 DEBUG 7520 --- [http-nio-8089-exec-2] o.s.web.servlet.DispatcherServlet        : GET "/api/v1/courses/0a2552cb-962e-40ef-9cfe-85a6e5830387/progress", parameters={}
2026-09-01T17:04:02.405+05:00 DEBUG 7520 --- [http-nio-8089-exec-2] s.w.s.m.m.a.RequestMappingHandlerMapping : Mapped to com.codeneticx.nihaobackend.controller.V1Controller#getCourseProgress(String)
2026-09-01T17:04:02.427+05:00 DEBUG 7520 --- [http-nio-8089-exec-2] m.m.a.RequestResponseBodyMethodProcessor : Using 'application/json', given [application/json] and supported [application/json, application/*+json]
2026-09-01T17:04:02.427+05:00 DEBUG 7520 --- [http-nio-8089-exec-2] m.m.a.RequestResponseBodyMethodProcessor : Writing [ApiResponse(success=true, message=Course progress fetched successfully, data=CourseProgressDto(xp=40 (truncated)...]
2026-09-01T17:04:02.429+05:00 DEBUG 7520 --- [http-nio-8089-exec-2] o.s.web.servlet.DispatcherServlet        : Completed 200 OK
2026-09-01T17:04:11.813+05:00 DEBUG 7520 --- [HikariPool-1 housekeeper] com.zaxxer.hikari.pool.HikariPool        : HikariPool-1 - Pool stats (total=10, active=0, idle=10, waiting=0)
2026-09-01T17:04:11.813+05:00 DEBUG 7520 --- [HikariPool-1 housekeeper] com.zaxxer.hikari.pool.HikariPool        : HikariPool-1 - Fill pool skipped, pool has sufficient level or currently being filled (queueDepth=0).
2026-09-01T17:04:41.828+05:00 DEBUG 7520 --- [HikariPool-1 housekeeper] com.zaxxer.hikari.pool.HikariPool        : HikariPool-1 - Pool stats (total=10, active=0, idle=10, waiting=0)
2026-09-01T17:04:41.828+05:00 DEBUG 7520 --- [HikariPool-1 housekeeper] com.zaxxer.hikari.pool.HikariPool        : HikariPool-1 - Fill pool skipped, pool has sufficient level or currently being filled (queueDepth=0).
2026-09-01T17:04:50.845+05:00 DEBUG 7520 --- [http-nio-8089-exec-3] o.s.security.web.FilterChainProxy        : Securing GET /v1/lessons/ba3f33d6-3ad2-44fe-9e22-1c9e8d78a09a/exercises
2026-09-01T17:04:50.851+05:00 DEBUG 7520 --- [http-nio-8089-exec-3] s.w.s.m.m.a.RequestMappingHandlerMapping : Mapped to com.codeneticx.nihaobackend.controller.V1Controller#getLessonExercises(String)
2026-09-01T17:04:50.852+05:00 DEBUG 7520 --- [http-nio-8089-exec-3] s.w.s.m.m.a.RequestMappingHandlerMapping : Mapped to com.codeneticx.nihaobackend.controller.V1Controller#getLessonExercises(String)
2026-09-01T17:04:50.852+05:00 DEBUG 7520 --- [http-nio-8089-exec-3] s.w.s.m.m.a.RequestMappingHandlerMapping : Mapped to com.codeneticx.nihaobackend.controller.V1Controller#getLessonExercises(String)
2026-09-01T17:04:50.852+05:00 DEBUG 7520 --- [http-nio-8089-exec-3] s.w.s.m.m.a.RequestMappingHandlerMapping : Mapped to com.codeneticx.nihaobackend.controller.V1Controller#getLessonExercises(String)
2026-09-01T17:04:50.853+05:00 DEBUG 7520 --- [http-nio-8089-exec-3] s.w.s.m.m.a.RequestMappingHandlerMapping : Mapped to com.codeneticx.nihaobackend.controller.V1Controller#getLessonExercises(String)
2026-09-01T17:04:50.853+05:00 DEBUG 7520 --- [http-nio-8089-exec-3] s.w.s.m.m.a.RequestMappingHandlerMapping : Mapped to com.codeneticx.nihaobackend.controller.V1Controller#getLessonExercises(String)
2026-09-01T17:04:50.853+05:00 DEBUG 7520 --- [http-nio-8089-exec-3] s.w.s.m.m.a.RequestMappingHandlerMapping : Mapped to com.codeneticx.nihaobackend.controller.V1Controller#getLessonExercises(String)
2026-09-01T17:04:50.854+05:00 DEBUG 7520 --- [http-nio-8089-exec-3] s.w.s.m.m.a.RequestMappingHandlerMapping : Mapped to com.codeneticx.nihaobackend.controller.V1Controller#getLessonExercises(String)
2026-09-01T17:04:50.854+05:00 DEBUG 7520 --- [http-nio-8089-exec-3] s.w.s.m.m.a.RequestMappingHandlerMapping : Mapped to com.codeneticx.nihaobackend.controller.V1Controller#getLessonExercises(String)
2026-09-01T17:04:50.855+05:00 DEBUG 7520 --- [http-nio-8089-exec-3] s.w.s.m.m.a.RequestMappingHandlerMapping : Mapped to com.codeneticx.nihaobackend.controller.V1Controller#getLessonExercises(String)
2026-09-01T17:04:50.855+05:00 DEBUG 7520 --- [http-nio-8089-exec-3] s.w.s.m.m.a.RequestMappingHandlerMapping : Mapped to com.codeneticx.nihaobackend.controller.V1Controller#getLessonExercises(String)
2026-09-01T17:04:50.855+05:00 DEBUG 7520 --- [http-nio-8089-exec-3] o.s.security.web.FilterChainProxy        : Secured GET /v1/lessons/ba3f33d6-3ad2-44fe-9e22-1c9e8d78a09a/exercises
2026-09-01T17:04:50.856+05:00 DEBUG 7520 --- [http-nio-8089-exec-3] o.s.web.servlet.DispatcherServlet        : GET "/api/v1/lessons/ba3f33d6-3ad2-44fe-9e22-1c9e8d78a09a/exercises", parameters={}
2026-09-01T17:04:50.856+05:00 DEBUG 7520 --- [http-nio-8089-exec-3] s.w.s.m.m.a.RequestMappingHandlerMapping : Mapped to com.codeneticx.nihaobackend.controller.V1Controller#getLessonExercises(String)
2026-09-01T17:04:50.862+05:00 DEBUG 7520 --- [http-nio-8089-exec-3] m.m.a.RequestResponseBodyMethodProcessor : Using 'application/json', given [application/json] and supported [application/json, application/*+json]
2026-09-01T17:04:50.863+05:00 DEBUG 7520 --- [http-nio-8089-exec-3] m.m.a.RequestResponseBodyMethodProcessor : Writing [ApiResponse(success=true, message=Exercises fetched successfully, data=[ExerciseNodeDto(id=3ff4944b- (truncated)...]
2026-09-01T17:04:50.863+05:00 DEBUG 7520 --- [http-nio-8089-exec-3] o.s.web.servlet.DispatcherServlet        : Completed 200 OK
2026-09-01T17:05:05.293+05:00 DEBUG 7520 --- [http-nio-8089-exec-4] o.s.security.web.FilterChainProxy        : Securing GET /v1/courses
2026-09-01T17:05:05.298+05:00 DEBUG 7520 --- [http-nio-8089-exec-4] s.w.s.m.m.a.RequestMappingHandlerMapping : Mapped to com.codeneticx.nihaobackend.controller.V1Controller#getCourses()
2026-09-01T17:05:05.298+05:00 DEBUG 7520 --- [http-nio-8089-exec-4] s.w.s.m.m.a.RequestMappingHandlerMapping : Mapped to com.codeneticx.nihaobackend.controller.V1Controller#getCourses()
2026-09-01T17:05:05.298+05:00 DEBUG 7520 --- [http-nio-8089-exec-4] s.w.s.m.m.a.RequestMappingHandlerMapping : Mapped to com.codeneticx.nihaobackend.controller.V1Controller#getCourses()
2026-09-01T17:05:05.298+05:00 DEBUG 7520 --- [http-nio-8089-exec-4] s.w.s.m.m.a.RequestMappingHandlerMapping : Mapped to com.codeneticx.nihaobackend.controller.V1Controller#getCourses()
2026-09-01T17:05:05.298+05:00 DEBUG 7520 --- [http-nio-8089-exec-4] s.w.s.m.m.a.RequestMappingHandlerMapping : Mapped to com.codeneticx.nihaobackend.controller.V1Controller#getCourses()
2026-09-01T17:05:05.300+05:00 DEBUG 7520 --- [http-nio-8089-exec-4] s.w.s.m.m.a.RequestMappingHandlerMapping : Mapped to com.codeneticx.nihaobackend.controller.V1Controller#getCourses()
2026-09-01T17:05:05.300+05:00 DEBUG 7520 --- [http-nio-8089-exec-4] s.w.s.m.m.a.RequestMappingHandlerMapping : Mapped to com.codeneticx.nihaobackend.controller.V1Controller#getCourses()
2026-09-01T17:05:05.300+05:00 DEBUG 7520 --- [http-nio-8089-exec-4] s.w.s.m.m.a.RequestMappingHandlerMapping : Mapped to com.codeneticx.nihaobackend.controller.V1Controller#getCourses()
2026-09-01T17:05:05.300+05:00 DEBUG 7520 --- [http-nio-8089-exec-4] s.w.s.m.m.a.RequestMappingHandlerMapping : Mapped to com.codeneticx.nihaobackend.controller.V1Controller#getCourses()
2026-09-01T17:05:05.300+05:00 DEBUG 7520 --- [http-nio-8089-exec-4] s.w.s.m.m.a.RequestMappingHandlerMapping : Mapped to com.codeneticx.nihaobackend.controller.V1Controller#getCourses()
2026-09-01T17:05:05.300+05:00 DEBUG 7520 --- [http-nio-8089-exec-4] s.w.s.m.m.a.RequestMappingHandlerMapping : Mapped to com.codeneticx.nihaobackend.controller.V1Controller#getCourses()
2026-09-01T17:05:05.300+05:00 DEBUG 7520 --- [http-nio-8089-exec-4] o.s.security.web.FilterChainProxy        : Secured GET /v1/courses
2026-09-01T17:05:05.300+05:00 DEBUG 7520 --- [http-nio-8089-exec-4] o.s.web.servlet.DispatcherServlet        : GET "/api/v1/courses", parameters={}
2026-09-01T17:05:05.301+05:00 DEBUG 7520 --- [http-nio-8089-exec-4] s.w.s.m.m.a.RequestMappingHandlerMapping : Mapped to com.codeneticx.nihaobackend.controller.V1Controller#getCourses()
2026-09-01T17:05:05.323+05:00 DEBUG 7520 --- [http-nio-8089-exec-4] m.m.a.RequestResponseBodyMethodProcessor : Using 'application/json', given [application/json] and supported [application/json, application/*+json]
2026-09-01T17:05:05.323+05:00 DEBUG 7520 --- [http-nio-8089-exec-4] m.m.a.RequestResponseBodyMethodProcessor : Writing [ApiResponse(success=true, message=Courses fetched successfully, data=[CourseListItemDto(id=0a2552cb- (truncated)...]
2026-09-01T17:05:05.324+05:00 DEBUG 7520 --- [http-nio-8089-exec-4] o.s.web.servlet.DispatcherServlet        : Completed 200 OK
2026-09-01T17:05:05.348+05:00 DEBUG 7520 --- [http-nio-8089-exec-5] o.s.security.web.FilterChainProxy        : Securing GET /v1/courses/0a2552cb-962e-40ef-9cfe-85a6e5830387/units?limit=20&offset=0
2026-09-01T17:05:05.358+05:00 DEBUG 7520 --- [http-nio-8089-exec-5] s.w.s.m.m.a.RequestMappingHandlerMapping : Mapped to com.codeneticx.nihaobackend.controller.V1Controller#getCourseUnits(String, int, int)
2026-09-01T17:05:05.358+05:00 DEBUG 7520 --- [http-nio-8089-exec-5] s.w.s.m.m.a.RequestMappingHandlerMapping : Mapped to com.codeneticx.nihaobackend.controller.V1Controller#getCourseUnits(String, int, int)
2026-09-01T17:05:05.358+05:00 DEBUG 7520 --- [http-nio-8089-exec-5] s.w.s.m.m.a.RequestMappingHandlerMapping : Mapped to com.codeneticx.nihaobackend.controller.V1Controller#getCourseUnits(String, int, int)
2026-09-01T17:05:05.358+05:00 DEBUG 7520 --- [http-nio-8089-exec-5] s.w.s.m.m.a.RequestMappingHandlerMapping : Mapped to com.codeneticx.nihaobackend.controller.V1Controller#getCourseUnits(String, int, int)
2026-09-01T17:05:05.358+05:00 DEBUG 7520 --- [http-nio-8089-exec-5] s.w.s.m.m.a.RequestMappingHandlerMapping : Mapped to com.codeneticx.nihaobackend.controller.V1Controller#getCourseUnits(String, int, int)
2026-09-01T17:05:05.359+05:00 DEBUG 7520 --- [http-nio-8089-exec-5] s.w.s.m.m.a.RequestMappingHandlerMapping : Mapped to com.codeneticx.nihaobackend.controller.V1Controller#getCourseUnits(String, int, int)
2026-09-01T17:05:05.359+05:00 DEBUG 7520 --- [http-nio-8089-exec-5] s.w.s.m.m.a.RequestMappingHandlerMapping : Mapped to com.codeneticx.nihaobackend.controller.V1Controller#getCourseUnits(String, int, int)
2026-09-01T17:05:05.359+05:00 DEBUG 7520 --- [http-nio-8089-exec-5] s.w.s.m.m.a.RequestMappingHandlerMapping : Mapped to com.codeneticx.nihaobackend.controller.V1Controller#getCourseUnits(String, int, int)
2026-09-01T17:05:05.359+05:00 DEBUG 7520 --- [http-nio-8089-exec-5] s.w.s.m.m.a.RequestMappingHandlerMapping : Mapped to com.codeneticx.nihaobackend.controller.V1Controller#getCourseUnits(String, int, int)
2026-09-01T17:05:05.359+05:00 DEBUG 7520 --- [http-nio-8089-exec-5] s.w.s.m.m.a.RequestMappingHandlerMapping : Mapped to com.codeneticx.nihaobackend.controller.V1Controller#getCourseUnits(String, int, int)
2026-09-01T17:05:05.359+05:00 DEBUG 7520 --- [http-nio-8089-exec-5] s.w.s.m.m.a.RequestMappingHandlerMapping : Mapped to com.codeneticx.nihaobackend.controller.V1Controller#getCourseUnits(String, int, int)
2026-09-01T17:05:05.360+05:00 DEBUG 7520 --- [http-nio-8089-exec-5] o.s.security.web.FilterChainProxy        : Secured GET /v1/courses/0a2552cb-962e-40ef-9cfe-85a6e5830387/units?limit=20&offset=0
2026-09-01T17:05:05.360+05:00 DEBUG 7520 --- [http-nio-8089-exec-5] o.s.web.servlet.DispatcherServlet        : GET "/api/v1/courses/0a2552cb-962e-40ef-9cfe-85a6e5830387/units?limit=20&offset=0", parameters={masked}
2026-09-01T17:05:05.360+05:00 DEBUG 7520 --- [http-nio-8089-exec-5] s.w.s.m.m.a.RequestMappingHandlerMapping : Mapped to com.codeneticx.nihaobackend.controller.V1Controller#getCourseUnits(String, int, int)
2026-09-01T17:05:05.376+05:00 DEBUG 7520 --- [http-nio-8089-exec-5] m.m.a.RequestResponseBodyMethodProcessor : Using 'application/json', given [application/json] and supported [application/json, application/*+json]
2026-09-01T17:05:05.376+05:00 DEBUG 7520 --- [http-nio-8089-exec-5] m.m.a.RequestResponseBodyMethodProcessor : Writing [ApiResponse(success=true, message=Units fetched successfully, data=[UnitJourneyNodeDto(id=f32cee8d-2 (truncated)...]
2026-09-01T17:05:05.377+05:00 DEBUG 7520 --- [http-nio-8089-exec-5] o.s.web.servlet.DispatcherServlet        : Completed 200 OK
2026-09-01T17:05:05.405+05:00 DEBUG 7520 --- [http-nio-8089-exec-6] o.s.security.web.FilterChainProxy        : Securing GET /v1/units/f32cee8d-264d-47e2-a3e0-6c4ede6e0e09/lessons
2026-09-01T17:05:05.415+05:00 DEBUG 7520 --- [http-nio-8089-exec-6] s.w.s.m.m.a.RequestMappingHandlerMapping : Mapped to com.codeneticx.nihaobackend.controller.V1Controller#getUnitLessons(String)
2026-09-01T17:05:05.416+05:00 DEBUG 7520 --- [http-nio-8089-exec-6] s.w.s.m.m.a.RequestMappingHandlerMapping : Mapped to com.codeneticx.nihaobackend.controller.V1Controller#getUnitLessons(String)
2026-09-01T17:05:05.416+05:00 DEBUG 7520 --- [http-nio-8089-exec-6] s.w.s.m.m.a.RequestMappingHandlerMapping : Mapped to com.codeneticx.nihaobackend.controller.V1Controller#getUnitLessons(String)
2026-09-01T17:05:05.416+05:00 DEBUG 7520 --- [http-nio-8089-exec-6] s.w.s.m.m.a.RequestMappingHandlerMapping : Mapped to com.codeneticx.nihaobackend.controller.V1Controller#getUnitLessons(String)
2026-09-01T17:05:05.416+05:00 DEBUG 7520 --- [http-nio-8089-exec-6] s.w.s.m.m.a.RequestMappingHandlerMapping : Mapped to com.codeneticx.nihaobackend.controller.V1Controller#getUnitLessons(String)
2026-09-01T17:05:05.417+05:00 DEBUG 7520 --- [http-nio-8089-exec-6] s.w.s.m.m.a.RequestMappingHandlerMapping : Mapped to com.codeneticx.nihaobackend.controller.V1Controller#getUnitLessons(String)
2026-09-01T17:05:05.417+05:00 DEBUG 7520 --- [http-nio-8089-exec-6] s.w.s.m.m.a.RequestMappingHandlerMapping : Mapped to com.codeneticx.nihaobackend.controller.V1Controller#getUnitLessons(String)
2026-09-01T17:05:05.417+05:00 DEBUG 7520 --- [http-nio-8089-exec-6] s.w.s.m.m.a.RequestMappingHandlerMapping : Mapped to com.codeneticx.nihaobackend.controller.V1Controller#getUnitLessons(String)
2026-09-01T17:05:05.418+05:00 DEBUG 7520 --- [http-nio-8089-exec-6] s.w.s.m.m.a.RequestMappingHandlerMapping : Mapped to com.codeneticx.nihaobackend.controller.V1Controller#getUnitLessons(String)
2026-09-01T17:05:05.418+05:00 DEBUG 7520 --- [http-nio-8089-exec-6] s.w.s.m.m.a.RequestMappingHandlerMapping : Mapped to com.codeneticx.nihaobackend.controller.V1Controller#getUnitLessons(String)
2026-09-01T17:05:05.418+05:00 DEBUG 7520 --- [http-nio-8089-exec-6] s.w.s.m.m.a.RequestMappingHandlerMapping : Mapped to com.codeneticx.nihaobackend.controller.V1Controller#getUnitLessons(String)
2026-09-01T17:05:05.418+05:00 DEBUG 7520 --- [http-nio-8089-exec-6] o.s.security.web.FilterChainProxy        : Secured GET /v1/units/f32cee8d-264d-47e2-a3e0-6c4ede6e0e09/lessons
2026-09-01T17:05:05.418+05:00 DEBUG 7520 --- [http-nio-8089-exec-6] o.s.web.servlet.DispatcherServlet        : GET "/api/v1/units/f32cee8d-264d-47e2-a3e0-6c4ede6e0e09/lessons", parameters={}
2026-09-01T17:05:05.419+05:00 DEBUG 7520 --- [http-nio-8089-exec-6] s.w.s.m.m.a.RequestMappingHandlerMapping : Mapped to com.codeneticx.nihaobackend.controller.V1Controller#getUnitLessons(String)
2026-09-01T17:05:05.431+05:00 DEBUG 7520 --- [http-nio-8089-exec-6] m.m.a.RequestResponseBodyMethodProcessor : Using 'application/json', given [application/json] and supported [application/json, application/*+json]
2026-09-01T17:05:05.432+05:00 DEBUG 7520 --- [http-nio-8089-exec-6] m.m.a.RequestResponseBodyMethodProcessor : Writing [ApiResponse(success=true, message=Lessons fetched successfully, data=[LessonJourneyNodeDto(id=780b13 (truncated)...]
2026-09-01T17:05:05.432+05:00 DEBUG 7520 --- [http-nio-8089-exec-6] o.s.web.servlet.DispatcherServlet        : Completed 200 OK
2026-09-01T17:05:05.464+05:00 DEBUG 7520 --- [http-nio-8089-exec-7] o.s.security.web.FilterChainProxy        : Securing GET /v1/courses/0a2552cb-962e-40ef-9cfe-85a6e5830387/progress
2026-09-01T17:05:05.471+05:00 DEBUG 7520 --- [http-nio-8089-exec-7] s.w.s.m.m.a.RequestMappingHandlerMapping : Mapped to com.codeneticx.nihaobackend.controller.V1Controller#getCourseProgress(String)
2026-09-01T17:05:05.471+05:00 DEBUG 7520 --- [http-nio-8089-exec-7] s.w.s.m.m.a.RequestMappingHandlerMapping : Mapped to com.codeneticx.nihaobackend.controller.V1Controller#getCourseProgress(String)
2026-09-01T17:05:05.472+05:00 DEBUG 7520 --- [http-nio-8089-exec-7] s.w.s.m.m.a.RequestMappingHandlerMapping : Mapped to com.codeneticx.nihaobackend.controller.V1Controller#getCourseProgress(String)
2026-09-01T17:05:05.472+05:00 DEBUG 7520 --- [http-nio-8089-exec-7] s.w.s.m.m.a.RequestMappingHandlerMapping : Mapped to com.codeneticx.nihaobackend.controller.V1Controller#getCourseProgress(String)
2026-09-01T17:05:05.472+05:00 DEBUG 7520 --- [http-nio-8089-exec-7] s.w.s.m.m.a.RequestMappingHandlerMapping : Mapped to com.codeneticx.nihaobackend.controller.V1Controller#getCourseProgress(String)
2026-09-01T17:05:05.472+05:00 DEBUG 7520 --- [http-nio-8089-exec-7] s.w.s.m.m.a.RequestMappingHandlerMapping : Mapped to com.codeneticx.nihaobackend.controller.V1Controller#getCourseProgress(String)
2026-09-01T17:05:05.473+05:00 DEBUG 7520 --- [http-nio-8089-exec-7] s.w.s.m.m.a.RequestMappingHandlerMapping : Mapped to com.codeneticx.nihaobackend.controller.V1Controller#getCourseProgress(String)
2026-09-01T17:05:05.473+05:00 DEBUG 7520 --- [http-nio-8089-exec-7] s.w.s.m.m.a.RequestMappingHandlerMapping : Mapped to com.codeneticx.nihaobackend.controller.V1Controller#getCourseProgress(String)
2026-09-01T17:05:05.473+05:00 DEBUG 7520 --- [http-nio-8089-exec-7] s.w.s.m.m.a.RequestMappingHandlerMapping : Mapped to com.codeneticx.nihaobackend.controller.V1Controller#getCourseProgress(String)
2026-09-01T17:05:05.473+05:00 DEBUG 7520 --- [http-nio-8089-exec-7] s.w.s.m.m.a.RequestMappingHandlerMapping : Mapped to com.codeneticx.nihaobackend.controller.V1Controller#getCourseProgress(String)
2026-09-01T17:05:05.474+05:00 DEBUG 7520 --- [http-nio-8089-exec-7] s.w.s.m.m.a.RequestMappingHandlerMapping : Mapped to com.codeneticx.nihaobackend.controller.V1Controller#getCourseProgress(String)
2026-09-01T17:05:05.474+05:00 DEBUG 7520 --- [http-nio-8089-exec-7] o.s.security.web.FilterChainProxy        : Secured GET /v1/courses/0a2552cb-962e-40ef-9cfe-85a6e5830387/progress
2026-09-01T17:05:05.474+05:00 DEBUG 7520 --- [http-nio-8089-exec-7] o.s.web.servlet.DispatcherServlet        : GET "/api/v1/courses/0a2552cb-962e-40ef-9cfe-85a6e5830387/progress", parameters={}
2026-09-01T17:05:05.474+05:00 DEBUG 7520 --- [http-nio-8089-exec-7] s.w.s.m.m.a.RequestMappingHandlerMapping : Mapped to com.codeneticx.nihaobackend.controller.V1Controller#getCourseProgress(String)
2026-09-01T17:05:05.487+05:00 DEBUG 7520 --- [http-nio-8089-exec-7] m.m.a.RequestResponseBodyMethodProcessor : Using 'application/json', given [application/json] and supported [application/json, application/*+json]
2026-09-01T17:05:05.487+05:00 DEBUG 7520 --- [http-nio-8089-exec-7] m.m.a.RequestResponseBodyMethodProcessor : Writing [ApiResponse(success=true, message=Course progress fetched successfully, data=CourseProgressDto(xp=40 (truncated)...]
2026-09-01T17:05:05.488+05:00 DEBUG 7520 --- [http-nio-8089-exec-7] o.s.web.servlet.DispatcherServlet        : Completed 200 OK
2026-09-01T17:05:11.832+05:00 DEBUG 7520 --- [HikariPool-1 housekeeper] com.zaxxer.hikari.pool.HikariPool        : HikariPool-1 - Pool stats (total=10, active=0, idle=10, waiting=0)
2026-09-01T17:05:11.832+05:00 DEBUG 7520 --- [HikariPool-1 housekeeper] com.zaxxer.hikari.pool.HikariPool        : HikariPool-1 - Fill pool skipped, pool has sufficient level or currently being filled (queueDepth=0).
2026-09-01T17:05:41.842+05:00 DEBUG 7520 --- [HikariPool-1 housekeeper] com.zaxxer.hikari.pool.HikariPool        : HikariPool-1 - Pool stats (total=10, active=0, idle=10, waiting=0)
2026-09-01T17:05:41.843+05:00 DEBUG 7520 --- [HikariPool-1 housekeeper] com.zaxxer.hikari.pool.HikariPool        : HikariPool-1 - Fill pool skipped, pool has sufficient level or currently being filled (queueDepth=0).
2026-09-01T17:05:50.559+05:00 DEBUG 7520 --- [http-nio-8089-exec-8] o.s.security.web.FilterChainProxy        : Securing GET /v1/courses
2026-09-01T17:05:50.568+05:00 DEBUG 7520 --- [http-nio-8089-exec-8] s.w.s.m.m.a.RequestMappingHandlerMapping : Mapped to com.codeneticx.nihaobackend.controller.V1Controller#getCourses()
2026-09-01T17:05:50.568+05:00 DEBUG 7520 --- [http-nio-8089-exec-8] s.w.s.m.m.a.RequestMappingHandlerMapping : Mapped to com.codeneticx.nihaobackend.controller.V1Controller#getCourses()
2026-09-01T17:05:50.568+05:00 DEBUG 7520 --- [http-nio-8089-exec-8] s.w.s.m.m.a.RequestMappingHandlerMapping : Mapped to com.codeneticx.nihaobackend.controller.V1Controller#getCourses()
2026-09-01T17:05:50.568+05:00 DEBUG 7520 --- [http-nio-8089-exec-8] s.w.s.m.m.a.RequestMappingHandlerMapping : Mapped to com.codeneticx.nihaobackend.controller.V1Controller#getCourses()
2026-09-01T17:05:50.568+05:00 DEBUG 7520 --- [http-nio-8089-exec-8] s.w.s.m.m.a.RequestMappingHandlerMapping : Mapped to com.codeneticx.nihaobackend.controller.V1Controller#getCourses()
2026-09-01T17:05:50.568+05:00 DEBUG 7520 --- [http-nio-8089-exec-8] s.w.s.m.m.a.RequestMappingHandlerMapping : Mapped to com.codeneticx.nihaobackend.controller.V1Controller#getCourses()
2026-09-01T17:05:50.569+05:00 DEBUG 7520 --- [http-nio-8089-exec-8] s.w.s.m.m.a.RequestMappingHandlerMapping : Mapped to com.codeneticx.nihaobackend.controller.V1Controller#getCourses()
2026-09-01T17:05:50.569+05:00 DEBUG 7520 --- [http-nio-8089-exec-8] s.w.s.m.m.a.RequestMappingHandlerMapping : Mapped to com.codeneticx.nihaobackend.controller.V1Controller#getCourses()
2026-09-01T17:05:50.569+05:00 DEBUG 7520 --- [http-nio-8089-exec-8] s.w.s.m.m.a.RequestMappingHandlerMapping : Mapped to com.codeneticx.nihaobackend.controller.V1Controller#getCourses()
2026-09-01T17:05:50.569+05:00 DEBUG 7520 --- [http-nio-8089-exec-8] s.w.s.m.m.a.RequestMappingHandlerMapping : Mapped to com.codeneticx.nihaobackend.controller.V1Controller#getCourses()
2026-09-01T17:05:50.569+05:00 DEBUG 7520 --- [http-nio-8089-exec-8] s.w.s.m.m.a.RequestMappingHandlerMapping : Mapped to com.codeneticx.nihaobackend.controller.V1Controller#getCourses()
2026-09-01T17:05:50.569+05:00 DEBUG 7520 --- [http-nio-8089-exec-8] o.s.security.web.FilterChainProxy        : Secured GET /v1/courses
2026-09-01T17:05:50.569+05:00 DEBUG 7520 --- [http-nio-8089-exec-8] o.s.web.servlet.DispatcherServlet        : GET "/api/v1/courses", parameters={}
2026-09-01T17:05:50.569+05:00 DEBUG 7520 --- [http-nio-8089-exec-8] s.w.s.m.m.a.RequestMappingHandlerMapping : Mapped to com.codeneticx.nihaobackend.controller.V1Controller#getCourses()
2026-09-01T17:05:50.587+05:00 DEBUG 7520 --- [http-nio-8089-exec-8] m.m.a.RequestResponseBodyMethodProcessor : Using 'application/json', given [application/json] and supported [application/json, application/*+json]
2026-09-01T17:05:50.588+05:00 DEBUG 7520 --- [http-nio-8089-exec-8] m.m.a.RequestResponseBodyMethodProcessor : Writing [ApiResponse(success=true, message=Courses fetched successfully, data=[CourseListItemDto(id=0a2552cb- (truncated)...]
2026-09-01T17:05:50.588+05:00 DEBUG 7520 --- [http-nio-8089-exec-8] o.s.web.servlet.DispatcherServlet        : Completed 200 OK
2026-09-01T17:05:50.622+05:00 DEBUG 7520 --- [http-nio-8089-exec-9] o.s.security.web.FilterChainProxy        : Securing GET /v1/courses/0a2552cb-962e-40ef-9cfe-85a6e5830387/units?limit=20&offset=0
2026-09-01T17:05:50.629+05:00 DEBUG 7520 --- [http-nio-8089-exec-9] s.w.s.m.m.a.RequestMappingHandlerMapping : Mapped to com.codeneticx.nihaobackend.controller.V1Controller#getCourseUnits(String, int, int)
2026-09-01T17:05:50.630+05:00 DEBUG 7520 --- [http-nio-8089-exec-9] s.w.s.m.m.a.RequestMappingHandlerMapping : Mapped to com.codeneticx.nihaobackend.controller.V1Controller#getCourseUnits(String, int, int)
2026-09-01T17:05:50.631+05:00 DEBUG 7520 --- [http-nio-8089-exec-9] s.w.s.m.m.a.RequestMappingHandlerMapping : Mapped to com.codeneticx.nihaobackend.controller.V1Controller#getCourseUnits(String, int, int)
2026-09-01T17:05:50.631+05:00 DEBUG 7520 --- [http-nio-8089-exec-9] s.w.s.m.m.a.RequestMappingHandlerMapping : Mapped to com.codeneticx.nihaobackend.controller.V1Controller#getCourseUnits(String, int, int)
2026-09-01T17:05:50.632+05:00 DEBUG 7520 --- [http-nio-8089-exec-9] s.w.s.m.m.a.RequestMappingHandlerMapping : Mapped to com.codeneticx.nihaobackend.controller.V1Controller#getCourseUnits(String, int, int)
2026-09-01T17:05:50.632+05:00 DEBUG 7520 --- [http-nio-8089-exec-9] s.w.s.m.m.a.RequestMappingHandlerMapping : Mapped to com.codeneticx.nihaobackend.controller.V1Controller#getCourseUnits(String, int, int)
2026-09-01T17:05:50.632+05:00 DEBUG 7520 --- [http-nio-8089-exec-9] s.w.s.m.m.a.RequestMappingHandlerMapping : Mapped to com.codeneticx.nihaobackend.controller.V1Controller#getCourseUnits(String, int, int)
2026-09-01T17:05:50.632+05:00 DEBUG 7520 --- [http-nio-8089-exec-9] s.w.s.m.m.a.RequestMappingHandlerMapping : Mapped to com.codeneticx.nihaobackend.controller.V1Controller#getCourseUnits(String, int, int)
2026-09-01T17:05:50.634+05:00 DEBUG 7520 --- [http-nio-8089-exec-9] s.w.s.m.m.a.RequestMappingHandlerMapping : Mapped to com.codeneticx.nihaobackend.controller.V1Controller#getCourseUnits(String, int, int)
2026-09-01T17:05:50.634+05:00 DEBUG 7520 --- [http-nio-8089-exec-9] s.w.s.m.m.a.RequestMappingHandlerMapping : Mapped to com.codeneticx.nihaobackend.controller.V1Controller#getCourseUnits(String, int, int)
2026-09-01T17:05:50.635+05:00 DEBUG 7520 --- [http-nio-8089-exec-9] s.w.s.m.m.a.RequestMappingHandlerMapping : Mapped to com.codeneticx.nihaobackend.controller.V1Controller#getCourseUnits(String, int, int)
2026-09-01T17:05:50.636+05:00 DEBUG 7520 --- [http-nio-8089-exec-9] o.s.security.web.FilterChainProxy        : Secured GET /v1/courses/0a2552cb-962e-40ef-9cfe-85a6e5830387/units?limit=20&offset=0
2026-09-01T17:05:50.636+05:00 DEBUG 7520 --- [http-nio-8089-exec-9] o.s.web.servlet.DispatcherServlet        : GET "/api/v1/courses/0a2552cb-962e-40ef-9cfe-85a6e5830387/units?limit=20&offset=0", parameters={masked}
2026-09-01T17:05:50.636+05:00 DEBUG 7520 --- [http-nio-8089-exec-9] s.w.s.m.m.a.RequestMappingHandlerMapping : Mapped to com.codeneticx.nihaobackend.controller.V1Controller#getCourseUnits(String, int, int)
2026-09-01T17:05:50.655+05:00 DEBUG 7520 --- [http-nio-8089-exec-9] m.m.a.RequestResponseBodyMethodProcessor : Using 'application/json', given [application/json] and supported [application/json, application/*+json]
2026-09-01T17:05:50.655+05:00 DEBUG 7520 --- [http-nio-8089-exec-9] m.m.a.RequestResponseBodyMethodProcessor : Writing [ApiResponse(success=true, message=Units fetched successfully, data=[UnitJourneyNodeDto(id=f32cee8d-2 (truncated)...]
2026-09-01T17:05:50.656+05:00 DEBUG 7520 --- [http-nio-8089-exec-9] o.s.web.servlet.DispatcherServlet        : Completed 200 OK
2026-09-01T17:05:50.684+05:00 DEBUG 7520 --- [http-nio-8089-exec-10] o.s.security.web.FilterChainProxy        : Securing GET /v1/units/f32cee8d-264d-47e2-a3e0-6c4ede6e0e09/lessons
2026-09-01T17:05:50.692+05:00 DEBUG 7520 --- [http-nio-8089-exec-10] s.w.s.m.m.a.RequestMappingHandlerMapping : Mapped to com.codeneticx.nihaobackend.controller.V1Controller#getUnitLessons(String)
2026-09-01T17:05:50.693+05:00 DEBUG 7520 --- [http-nio-8089-exec-10] s.w.s.m.m.a.RequestMappingHandlerMapping : Mapped to com.codeneticx.nihaobackend.controller.V1Controller#getUnitLessons(String)
2026-09-01T17:05:50.693+05:00 DEBUG 7520 --- [http-nio-8089-exec-10] s.w.s.m.m.a.RequestMappingHandlerMapping : Mapped to com.codeneticx.nihaobackend.controller.V1Controller#getUnitLessons(String)
2026-09-01T17:05:50.693+05:00 DEBUG 7520 --- [http-nio-8089-exec-10] s.w.s.m.m.a.RequestMappingHandlerMapping : Mapped to com.codeneticx.nihaobackend.controller.V1Controller#getUnitLessons(String)
2026-09-01T17:05:50.693+05:00 DEBUG 7520 --- [http-nio-8089-exec-10] s.w.s.m.m.a.RequestMappingHandlerMapping : Mapped to com.codeneticx.nihaobackend.controller.V1Controller#getUnitLessons(String)
2026-09-01T17:05:50.693+05:00 DEBUG 7520 --- [http-nio-8089-exec-10] s.w.s.m.m.a.RequestMappingHandlerMapping : Mapped to com.codeneticx.nihaobackend.controller.V1Controller#getUnitLessons(String)
2026-09-01T17:05:50.693+05:00 DEBUG 7520 --- [http-nio-8089-exec-10] s.w.s.m.m.a.RequestMappingHandlerMapping : Mapped to com.codeneticx.nihaobackend.controller.V1Controller#getUnitLessons(String)
2026-09-01T17:05:50.694+05:00 DEBUG 7520 --- [http-nio-8089-exec-10] s.w.s.m.m.a.RequestMappingHandlerMapping : Mapped to com.codeneticx.nihaobackend.controller.V1Controller#getUnitLessons(String)
2026-09-01T17:05:50.694+05:00 DEBUG 7520 --- [http-nio-8089-exec-10] s.w.s.m.m.a.RequestMappingHandlerMapping : Mapped to com.codeneticx.nihaobackend.controller.V1Controller#getUnitLessons(String)
2026-09-01T17:05:50.695+05:00 DEBUG 7520 --- [http-nio-8089-exec-10] s.w.s.m.m.a.RequestMappingHandlerMapping : Mapped to com.codeneticx.nihaobackend.controller.V1Controller#getUnitLessons(String)
2026-09-01T17:05:50.695+05:00 DEBUG 7520 --- [http-nio-8089-exec-10] s.w.s.m.m.a.RequestMappingHandlerMapping : Mapped to com.codeneticx.nihaobackend.controller.V1Controller#getUnitLessons(String)
2026-09-01T17:05:50.696+05:00 DEBUG 7520 --- [http-nio-8089-exec-10] o.s.security.web.FilterChainProxy        : Secured GET /v1/units/f32cee8d-264d-47e2-a3e0-6c4ede6e0e09/lessons
2026-09-01T17:05:50.696+05:00 DEBUG 7520 --- [http-nio-8089-exec-10] o.s.web.servlet.DispatcherServlet        : GET "/api/v1/units/f32cee8d-264d-47e2-a3e0-6c4ede6e0e09/lessons", parameters={}
2026-09-01T17:05:50.696+05:00 DEBUG 7520 --- [http-nio-8089-exec-10] s.w.s.m.m.a.RequestMappingHandlerMapping : Mapped to com.codeneticx.nihaobackend.controller.V1Controller#getUnitLessons(String)
2026-09-01T17:05:50.709+05:00 DEBUG 7520 --- [http-nio-8089-exec-10] m.m.a.RequestResponseBodyMethodProcessor : Using 'application/json', given [application/json] and supported [application/json, application/*+json]
2026-09-01T17:05:50.709+05:00 DEBUG 7520 --- [http-nio-8089-exec-10] m.m.a.RequestResponseBodyMethodProcessor : Writing [ApiResponse(success=true, message=Lessons fetched successfully, data=[LessonJourneyNodeDto(id=780b13 (truncated)...]
2026-09-01T17:05:50.709+05:00 DEBUG 7520 --- [http-nio-8089-exec-10] o.s.web.servlet.DispatcherServlet        : Completed 200 OK
2026-09-01T17:05:50.753+05:00 DEBUG 7520 --- [http-nio-8089-exec-1] o.s.security.web.FilterChainProxy        : Securing GET /v1/courses/0a2552cb-962e-40ef-9cfe-85a6e5830387/progress
2026-09-01T17:05:50.758+05:00 DEBUG 7520 --- [http-nio-8089-exec-1] s.w.s.m.m.a.RequestMappingHandlerMapping : Mapped to com.codeneticx.nihaobackend.controller.V1Controller#getCourseProgress(String)
2026-09-01T17:05:50.758+05:00 DEBUG 7520 --- [http-nio-8089-exec-1] s.w.s.m.m.a.RequestMappingHandlerMapping : Mapped to com.codeneticx.nihaobackend.controller.V1Controller#getCourseProgress(String)
2026-09-01T17:05:50.758+05:00 DEBUG 7520 --- [http-nio-8089-exec-1] s.w.s.m.m.a.RequestMappingHandlerMapping : Mapped to com.codeneticx.nihaobackend.controller.V1Controller#getCourseProgress(String)
2026-09-01T17:05:50.759+05:00 DEBUG 7520 --- [http-nio-8089-exec-1] s.w.s.m.m.a.RequestMappingHandlerMapping : Mapped to com.codeneticx.nihaobackend.controller.V1Controller#getCourseProgress(String)
2026-09-01T17:05:50.759+05:00 DEBUG 7520 --- [http-nio-8089-exec-1] s.w.s.m.m.a.RequestMappingHandlerMapping : Mapped to com.codeneticx.nihaobackend.controller.V1Controller#getCourseProgress(String)
2026-09-01T17:05:50.759+05:00 DEBUG 7520 --- [http-nio-8089-exec-1] s.w.s.m.m.a.RequestMappingHandlerMapping : Mapped to com.codeneticx.nihaobackend.controller.V1Controller#getCourseProgress(String)
2026-09-01T17:05:50.760+05:00 DEBUG 7520 --- [http-nio-8089-exec-1] s.w.s.m.m.a.RequestMappingHandlerMapping : Mapped to com.codeneticx.nihaobackend.controller.V1Controller#getCourseProgress(String)
2026-09-01T17:05:50.760+05:00 DEBUG 7520 --- [http-nio-8089-exec-1] s.w.s.m.m.a.RequestMappingHandlerMapping : Mapped to com.codeneticx.nihaobackend.controller.V1Controller#getCourseProgress(String)
2026-09-01T17:05:50.760+05:00 DEBUG 7520 --- [http-nio-8089-exec-1] s.w.s.m.m.a.RequestMappingHandlerMapping : Mapped to com.codeneticx.nihaobackend.controller.V1Controller#getCourseProgress(String)
2026-09-01T17:05:50.760+05:00 DEBUG 7520 --- [http-nio-8089-exec-1] s.w.s.m.m.a.RequestMappingHandlerMapping : Mapped to com.codeneticx.nihaobackend.controller.V1Controller#getCourseProgress(String)
2026-09-01T17:05:50.761+05:00 DEBUG 7520 --- [http-nio-8089-exec-1] s.w.s.m.m.a.RequestMappingHandlerMapping : Mapped to com.codeneticx.nihaobackend.controller.V1Controller#getCourseProgress(String)
2026-09-01T17:05:50.761+05:00 DEBUG 7520 --- [http-nio-8089-exec-1] o.s.security.web.FilterChainProxy        : Secured GET /v1/courses/0a2552cb-962e-40ef-9cfe-85a6e5830387/progress
2026-09-01T17:05:50.761+05:00 DEBUG 7520 --- [http-nio-8089-exec-1] o.s.web.servlet.DispatcherServlet        : GET "/api/v1/courses/0a2552cb-962e-40ef-9cfe-85a6e5830387/progress", parameters={}
2026-09-01T17:05:50.762+05:00 DEBUG 7520 --- [http-nio-8089-exec-1] s.w.s.m.m.a.RequestMappingHandlerMapping : Mapped to com.codeneticx.nihaobackend.controller.V1Controller#getCourseProgress(String)
2026-09-01T17:05:50.783+05:00 DEBUG 7520 --- [http-nio-8089-exec-1] m.m.a.RequestResponseBodyMethodProcessor : Using 'application/json', given [application/json] and supported [application/json, application/*+json]
2026-09-01T17:05:50.783+05:00 DEBUG 7520 --- [http-nio-8089-exec-1] m.m.a.RequestResponseBodyMethodProcessor : Writing [ApiResponse(success=true, message=Course progress fetched successfully, data=CourseProgressDto(xp=40 (truncated)...]
2026-09-01T17:05:50.785+05:00 DEBUG 7520 --- [http-nio-8089-exec-1] o.s.web.servlet.DispatcherServlet        : Completed 200 OK
2026-09-01T17:05:58.432+05:00 DEBUG 7520 --- [http-nio-8089-exec-2] o.s.security.web.FilterChainProxy        : Securing GET /v1/courses
2026-09-01T17:05:58.436+05:00 DEBUG 7520 --- [http-nio-8089-exec-2] s.w.s.m.m.a.RequestMappingHandlerMapping : Mapped to com.codeneticx.nihaobackend.controller.V1Controller#getCourses()
2026-09-01T17:05:58.436+05:00 DEBUG 7520 --- [http-nio-8089-exec-2] s.w.s.m.m.a.RequestMappingHandlerMapping : Mapped to com.codeneticx.nihaobackend.controller.V1Controller#getCourses()
2026-09-01T17:05:58.436+05:00 DEBUG 7520 --- [http-nio-8089-exec-2] s.w.s.m.m.a.RequestMappingHandlerMapping : Mapped to com.codeneticx.nihaobackend.controller.V1Controller#getCourses()
2026-09-01T17:05:58.436+05:00 DEBUG 7520 --- [http-nio-8089-exec-2] s.w.s.m.m.a.RequestMappingHandlerMapping : Mapped to com.codeneticx.nihaobackend.controller.V1Controller#getCourses()
2026-09-01T17:05:58.437+05:00 DEBUG 7520 --- [http-nio-8089-exec-2] s.w.s.m.m.a.RequestMappingHandlerMapping : Mapped to com.codeneticx.nihaobackend.controller.V1Controller#getCourses()
2026-09-01T17:05:58.437+05:00 DEBUG 7520 --- [http-nio-8089-exec-2] s.w.s.m.m.a.RequestMappingHandlerMapping : Mapped to com.codeneticx.nihaobackend.controller.V1Controller#getCourses()
2026-09-01T17:05:58.437+05:00 DEBUG 7520 --- [http-nio-8089-exec-2] s.w.s.m.m.a.RequestMappingHandlerMapping : Mapped to com.codeneticx.nihaobackend.controller.V1Controller#getCourses()
2026-09-01T17:05:58.437+05:00 DEBUG 7520 --- [http-nio-8089-exec-2] s.w.s.m.m.a.RequestMappingHandlerMapping : Mapped to com.codeneticx.nihaobackend.controller.V1Controller#getCourses()
2026-09-01T17:05:58.437+05:00 DEBUG 7520 --- [http-nio-8089-exec-2] s.w.s.m.m.a.RequestMappingHandlerMapping : Mapped to com.codeneticx.nihaobackend.controller.V1Controller#getCourses()
2026-09-01T17:05:58.437+05:00 DEBUG 7520 --- [http-nio-8089-exec-2] s.w.s.m.m.a.RequestMappingHandlerMapping : Mapped to com.codeneticx.nihaobackend.controller.V1Controller#getCourses()
2026-09-01T17:05:58.437+05:00 DEBUG 7520 --- [http-nio-8089-exec-2] s.w.s.m.m.a.RequestMappingHandlerMapping : Mapped to com.codeneticx.nihaobackend.controller.V1Controller#getCourses()
2026-09-01T17:05:58.437+05:00 DEBUG 7520 --- [http-nio-8089-exec-2] o.s.security.web.FilterChainProxy        : Secured GET /v1/courses
2026-09-01T17:05:58.437+05:00 DEBUG 7520 --- [http-nio-8089-exec-2] o.s.web.servlet.DispatcherServlet        : GET "/api/v1/courses", parameters={}
2026-09-01T17:05:58.438+05:00 DEBUG 7520 --- [http-nio-8089-exec-2] s.w.s.m.m.a.RequestMappingHandlerMapping : Mapped to com.codeneticx.nihaobackend.controller.V1Controller#getCourses()
2026-09-01T17:05:58.456+05:00 DEBUG 7520 --- [http-nio-8089-exec-2] m.m.a.RequestResponseBodyMethodProcessor : Using 'application/json', given [application/json] and supported [application/json, application/*+json]
2026-09-01T17:05:58.456+05:00 DEBUG 7520 --- [http-nio-8089-exec-2] m.m.a.RequestResponseBodyMethodProcessor : Writing [ApiResponse(success=true, message=Courses fetched successfully, data=[CourseListItemDto(id=0a2552cb- (truncated)...]
2026-09-01T17:05:58.456+05:00 DEBUG 7520 --- [http-nio-8089-exec-2] o.s.web.servlet.DispatcherServlet        : Completed 200 OK
2026-09-01T17:05:58.477+05:00 DEBUG 7520 --- [http-nio-8089-exec-3] o.s.security.web.FilterChainProxy        : Securing GET /v1/courses/0a2552cb-962e-40ef-9cfe-85a6e5830387/units?limit=20&offset=0
2026-09-01T17:05:58.486+05:00 DEBUG 7520 --- [http-nio-8089-exec-3] s.w.s.m.m.a.RequestMappingHandlerMapping : Mapped to com.codeneticx.nihaobackend.controller.V1Controller#getCourseUnits(String, int, int)
2026-09-01T17:05:58.487+05:00 DEBUG 7520 --- [http-nio-8089-exec-3] s.w.s.m.m.a.RequestMappingHandlerMapping : Mapped to com.codeneticx.nihaobackend.controller.V1Controller#getCourseUnits(String, int, int)
2026-09-01T17:05:58.487+05:00 DEBUG 7520 --- [http-nio-8089-exec-3] s.w.s.m.m.a.RequestMappingHandlerMapping : Mapped to com.codeneticx.nihaobackend.controller.V1Controller#getCourseUnits(String, int, int)
2026-09-01T17:05:58.488+05:00 DEBUG 7520 --- [http-nio-8089-exec-3] s.w.s.m.m.a.RequestMappingHandlerMapping : Mapped to com.codeneticx.nihaobackend.controller.V1Controller#getCourseUnits(String, int, int)
2026-09-01T17:05:58.488+05:00 DEBUG 7520 --- [http-nio-8089-exec-3] s.w.s.m.m.a.RequestMappingHandlerMapping : Mapped to com.codeneticx.nihaobackend.controller.V1Controller#getCourseUnits(String, int, int)
2026-09-01T17:05:58.488+05:00 DEBUG 7520 --- [http-nio-8089-exec-3] s.w.s.m.m.a.RequestMappingHandlerMapping : Mapped to com.codeneticx.nihaobackend.controller.V1Controller#getCourseUnits(String, int, int)
2026-09-01T17:05:58.488+05:00 DEBUG 7520 --- [http-nio-8089-exec-3] s.w.s.m.m.a.RequestMappingHandlerMapping : Mapped to com.codeneticx.nihaobackend.controller.V1Controller#getCourseUnits(String, int, int)
2026-09-01T17:05:58.488+05:00 DEBUG 7520 --- [http-nio-8089-exec-3] s.w.s.m.m.a.RequestMappingHandlerMapping : Mapped to com.codeneticx.nihaobackend.controller.V1Controller#getCourseUnits(String, int, int)
2026-09-01T17:05:58.488+05:00 DEBUG 7520 --- [http-nio-8089-exec-3] s.w.s.m.m.a.RequestMappingHandlerMapping : Mapped to com.codeneticx.nihaobackend.controller.V1Controller#getCourseUnits(String, int, int)
2026-09-01T17:05:58.488+05:00 DEBUG 7520 --- [http-nio-8089-exec-3] s.w.s.m.m.a.RequestMappingHandlerMapping : Mapped to com.codeneticx.nihaobackend.controller.V1Controller#getCourseUnits(String, int, int)
2026-09-01T17:05:58.488+05:00 DEBUG 7520 --- [http-nio-8089-exec-3] s.w.s.m.m.a.RequestMappingHandlerMapping : Mapped to com.codeneticx.nihaobackend.controller.V1Controller#getCourseUnits(String, int, int)
2026-09-01T17:05:58.488+05:00 DEBUG 7520 --- [http-nio-8089-exec-3] o.s.security.web.FilterChainProxy        : Secured GET /v1/courses/0a2552cb-962e-40ef-9cfe-85a6e5830387/units?limit=20&offset=0
2026-09-01T17:05:58.489+05:00 DEBUG 7520 --- [http-nio-8089-exec-3] o.s.web.servlet.DispatcherServlet        : GET "/api/v1/courses/0a2552cb-962e-40ef-9cfe-85a6e5830387/units?limit=20&offset=0", parameters={masked}
2026-09-01T17:05:58.489+05:00 DEBUG 7520 --- [http-nio-8089-exec-3] s.w.s.m.m.a.RequestMappingHandlerMapping : Mapped to com.codeneticx.nihaobackend.controller.V1Controller#getCourseUnits(String, int, int)
2026-09-01T17:05:58.501+05:00 DEBUG 7520 --- [http-nio-8089-exec-3] m.m.a.RequestResponseBodyMethodProcessor : Using 'application/json', given [application/json] and supported [application/json, application/*+json]
2026-09-01T17:05:58.502+05:00 DEBUG 7520 --- [http-nio-8089-exec-3] m.m.a.RequestResponseBodyMethodProcessor : Writing [ApiResponse(success=true, message=Units fetched successfully, data=[UnitJourneyNodeDto(id=f32cee8d-2 (truncated)...]
2026-09-01T17:05:58.502+05:00 DEBUG 7520 --- [http-nio-8089-exec-3] o.s.web.servlet.DispatcherServlet        : Completed 200 OK
2026-09-01T17:05:58.524+05:00 DEBUG 7520 --- [http-nio-8089-exec-4] o.s.security.web.FilterChainProxy        : Securing GET /v1/units/f32cee8d-264d-47e2-a3e0-6c4ede6e0e09/lessons
2026-09-01T17:05:58.528+05:00 DEBUG 7520 --- [http-nio-8089-exec-4] s.w.s.m.m.a.RequestMappingHandlerMapping : Mapped to com.codeneticx.nihaobackend.controller.V1Controller#getUnitLessons(String)
2026-09-01T17:05:58.529+05:00 DEBUG 7520 --- [http-nio-8089-exec-4] s.w.s.m.m.a.RequestMappingHandlerMapping : Mapped to com.codeneticx.nihaobackend.controller.V1Controller#getUnitLessons(String)
2026-09-01T17:05:58.529+05:00 DEBUG 7520 --- [http-nio-8089-exec-4] s.w.s.m.m.a.RequestMappingHandlerMapping : Mapped to com.codeneticx.nihaobackend.controller.V1Controller#getUnitLessons(String)
2026-09-01T17:05:58.529+05:00 DEBUG 7520 --- [http-nio-8089-exec-4] s.w.s.m.m.a.RequestMappingHandlerMapping : Mapped to com.codeneticx.nihaobackend.controller.V1Controller#getUnitLessons(String)
2026-09-01T17:05:58.529+05:00 DEBUG 7520 --- [http-nio-8089-exec-4] s.w.s.m.m.a.RequestMappingHandlerMapping : Mapped to com.codeneticx.nihaobackend.controller.V1Controller#getUnitLessons(String)
2026-09-01T17:05:58.529+05:00 DEBUG 7520 --- [http-nio-8089-exec-4] s.w.s.m.m.a.RequestMappingHandlerMapping : Mapped to com.codeneticx.nihaobackend.controller.V1Controller#getUnitLessons(String)
2026-09-01T17:05:58.529+05:00 DEBUG 7520 --- [http-nio-8089-exec-4] s.w.s.m.m.a.RequestMappingHandlerMapping : Mapped to com.codeneticx.nihaobackend.controller.V1Controller#getUnitLessons(String)
2026-09-01T17:05:58.530+05:00 DEBUG 7520 --- [http-nio-8089-exec-4] s.w.s.m.m.a.RequestMappingHandlerMapping : Mapped to com.codeneticx.nihaobackend.controller.V1Controller#getUnitLessons(String)
2026-09-01T17:05:58.530+05:00 DEBUG 7520 --- [http-nio-8089-exec-4] s.w.s.m.m.a.RequestMappingHandlerMapping : Mapped to com.codeneticx.nihaobackend.controller.V1Controller#getUnitLessons(String)
2026-09-01T17:05:58.530+05:00 DEBUG 7520 --- [http-nio-8089-exec-4] s.w.s.m.m.a.RequestMappingHandlerMapping : Mapped to com.codeneticx.nihaobackend.controller.V1Controller#getUnitLessons(String)
2026-09-01T17:05:58.530+05:00 DEBUG 7520 --- [http-nio-8089-exec-4] s.w.s.m.m.a.RequestMappingHandlerMapping : Mapped to com.codeneticx.nihaobackend.controller.V1Controller#getUnitLessons(String)
2026-09-01T17:05:58.530+05:00 DEBUG 7520 --- [http-nio-8089-exec-4] o.s.security.web.FilterChainProxy        : Secured GET /v1/units/f32cee8d-264d-47e2-a3e0-6c4ede6e0e09/lessons
2026-09-01T17:05:58.531+05:00 DEBUG 7520 --- [http-nio-8089-exec-4] o.s.web.servlet.DispatcherServlet        : GET "/api/v1/units/f32cee8d-264d-47e2-a3e0-6c4ede6e0e09/lessons", parameters={}
2026-09-01T17:05:58.531+05:00 DEBUG 7520 --- [http-nio-8089-exec-4] s.w.s.m.m.a.RequestMappingHandlerMapping : Mapped to com.codeneticx.nihaobackend.controller.V1Controller#getUnitLessons(String)
2026-09-01T17:05:58.539+05:00 DEBUG 7520 --- [http-nio-8089-exec-4] m.m.a.RequestResponseBodyMethodProcessor : Using 'application/json', given [application/json] and supported [application/json, application/*+json]
2026-09-01T17:05:58.540+05:00 DEBUG 7520 --- [http-nio-8089-exec-4] m.m.a.RequestResponseBodyMethodProcessor : Writing [ApiResponse(success=true, message=Lessons fetched successfully, data=[LessonJourneyNodeDto(id=780b13 (truncated)...]
2026-09-01T17:05:58.540+05:00 DEBUG 7520 --- [http-nio-8089-exec-4] o.s.web.servlet.DispatcherServlet        : Completed 200 OK
2026-09-01T17:05:58.560+05:00 DEBUG 7520 --- [http-nio-8089-exec-5] o.s.security.web.FilterChainProxy        : Securing GET /v1/courses/0a2552cb-962e-40ef-9cfe-85a6e5830387/progress
2026-09-01T17:05:58.566+05:00 DEBUG 7520 --- [http-nio-8089-exec-5] s.w.s.m.m.a.RequestMappingHandlerMapping : Mapped to com.codeneticx.nihaobackend.controller.V1Controller#getCourseProgress(String)
2026-09-01T17:05:58.566+05:00 DEBUG 7520 --- [http-nio-8089-exec-5] s.w.s.m.m.a.RequestMappingHandlerMapping : Mapped to com.codeneticx.nihaobackend.controller.V1Controller#getCourseProgress(String)
2026-09-01T17:05:58.567+05:00 DEBUG 7520 --- [http-nio-8089-exec-5] s.w.s.m.m.a.RequestMappingHandlerMapping : Mapped to com.codeneticx.nihaobackend.controller.V1Controller#getCourseProgress(String)
2026-09-01T17:05:58.567+05:00 DEBUG 7520 --- [http-nio-8089-exec-5] s.w.s.m.m.a.RequestMappingHandlerMapping : Mapped to com.codeneticx.nihaobackend.controller.V1Controller#getCourseProgress(String)
2026-09-01T17:05:58.567+05:00 DEBUG 7520 --- [http-nio-8089-exec-5] s.w.s.m.m.a.RequestMappingHandlerMapping : Mapped to com.codeneticx.nihaobackend.controller.V1Controller#getCourseProgress(String)
2026-09-01T17:05:58.567+05:00 DEBUG 7520 --- [http-nio-8089-exec-5] s.w.s.m.m.a.RequestMappingHandlerMapping : Mapped to com.codeneticx.nihaobackend.controller.V1Controller#getCourseProgress(String)
2026-09-01T17:05:58.567+05:00 DEBUG 7520 --- [http-nio-8089-exec-5] s.w.s.m.m.a.RequestMappingHandlerMapping : Mapped to com.codeneticx.nihaobackend.controller.V1Controller#getCourseProgress(String)
2026-09-01T17:05:58.567+05:00 DEBUG 7520 --- [http-nio-8089-exec-5] s.w.s.m.m.a.RequestMappingHandlerMapping : Mapped to com.codeneticx.nihaobackend.controller.V1Controller#getCourseProgress(String)
2026-09-01T17:05:58.568+05:00 DEBUG 7520 --- [http-nio-8089-exec-5] s.w.s.m.m.a.RequestMappingHandlerMapping : Mapped to com.codeneticx.nihaobackend.controller.V1Controller#getCourseProgress(String)
2026-09-01T17:05:58.568+05:00 DEBUG 7520 --- [http-nio-8089-exec-5] s.w.s.m.m.a.RequestMappingHandlerMapping : Mapped to com.codeneticx.nihaobackend.controller.V1Controller#getCourseProgress(String)
2026-09-01T17:05:58.568+05:00 DEBUG 7520 --- [http-nio-8089-exec-5] s.w.s.m.m.a.RequestMappingHandlerMapping : Mapped to com.codeneticx.nihaobackend.controller.V1Controller#getCourseProgress(String)
2026-09-01T17:05:58.568+05:00 DEBUG 7520 --- [http-nio-8089-exec-5] o.s.security.web.FilterChainProxy        : Secured GET /v1/courses/0a2552cb-962e-40ef-9cfe-85a6e5830387/progress
2026-09-01T17:05:58.568+05:00 DEBUG 7520 --- [http-nio-8089-exec-5] o.s.web.servlet.DispatcherServlet        : GET "/api/v1/courses/0a2552cb-962e-40ef-9cfe-85a6e5830387/progress", parameters={}
2026-09-01T17:05:58.568+05:00 DEBUG 7520 --- [http-nio-8089-exec-5] s.w.s.m.m.a.RequestMappingHandlerMapping : Mapped to com.codeneticx.nihaobackend.controller.V1Controller#getCourseProgress(String)
2026-09-01T17:05:58.584+05:00 DEBUG 7520 --- [http-nio-8089-exec-5] m.m.a.RequestResponseBodyMethodProcessor : Using 'application/json', given [application/json] and supported [application/json, application/*+json]
2026-09-01T17:05:58.585+05:00 DEBUG 7520 --- [http-nio-8089-exec-5] m.m.a.RequestResponseBodyMethodProcessor : Writing [ApiResponse(success=true, message=Course progress fetched successfully, data=CourseProgressDto(xp=40 (truncated)...]
2026-09-01T17:05:58.585+05:00 DEBUG 7520 --- [http-nio-8089-exec-5] o.s.web.servlet.DispatcherServlet        : Completed 200 OK
2026-09-01T17:06:03.934+05:00 DEBUG 7520 --- [http-nio-8089-exec-6] o.s.security.web.FilterChainProxy        : Securing GET /v1/courses
2026-09-01T17:06:03.938+05:00 DEBUG 7520 --- [http-nio-8089-exec-6] s.w.s.m.m.a.RequestMappingHandlerMapping : Mapped to com.codeneticx.nihaobackend.controller.V1Controller#getCourses()
2026-09-01T17:06:03.938+05:00 DEBUG 7520 --- [http-nio-8089-exec-6] s.w.s.m.m.a.RequestMappingHandlerMapping : Mapped to com.codeneticx.nihaobackend.controller.V1Controller#getCourses()
2026-09-01T17:06:03.939+05:00 DEBUG 7520 --- [http-nio-8089-exec-6] s.w.s.m.m.a.RequestMappingHandlerMapping : Mapped to com.codeneticx.nihaobackend.controller.V1Controller#getCourses()
2026-09-01T17:06:03.939+05:00 DEBUG 7520 --- [http-nio-8089-exec-6] s.w.s.m.m.a.RequestMappingHandlerMapping : Mapped to com.codeneticx.nihaobackend.controller.V1Controller#getCourses()
2026-09-01T17:06:03.939+05:00 DEBUG 7520 --- [http-nio-8089-exec-6] s.w.s.m.m.a.RequestMappingHandlerMapping : Mapped to com.codeneticx.nihaobackend.controller.V1Controller#getCourses()
2026-09-01T17:06:03.939+05:00 DEBUG 7520 --- [http-nio-8089-exec-6] s.w.s.m.m.a.RequestMappingHandlerMapping : Mapped to com.codeneticx.nihaobackend.controller.V1Controller#getCourses()
2026-09-01T17:06:03.939+05:00 DEBUG 7520 --- [http-nio-8089-exec-6] s.w.s.m.m.a.RequestMappingHandlerMapping : Mapped to com.codeneticx.nihaobackend.controller.V1Controller#getCourses()
2026-09-01T17:06:03.939+05:00 DEBUG 7520 --- [http-nio-8089-exec-6] s.w.s.m.m.a.RequestMappingHandlerMapping : Mapped to com.codeneticx.nihaobackend.controller.V1Controller#getCourses()
2026-09-01T17:06:03.939+05:00 DEBUG 7520 --- [http-nio-8089-exec-6] s.w.s.m.m.a.RequestMappingHandlerMapping : Mapped to com.codeneticx.nihaobackend.controller.V1Controller#getCourses()
2026-09-01T17:06:03.939+05:00 DEBUG 7520 --- [http-nio-8089-exec-6] s.w.s.m.m.a.RequestMappingHandlerMapping : Mapped to com.codeneticx.nihaobackend.controller.V1Controller#getCourses()
2026-09-01T17:06:03.939+05:00 DEBUG 7520 --- [http-nio-8089-exec-6] s.w.s.m.m.a.RequestMappingHandlerMapping : Mapped to com.codeneticx.nihaobackend.controller.V1Controller#getCourses()
2026-09-01T17:06:03.939+05:00 DEBUG 7520 --- [http-nio-8089-exec-6] o.s.security.web.FilterChainProxy        : Secured GET /v1/courses
2026-09-01T17:06:03.939+05:00 DEBUG 7520 --- [http-nio-8089-exec-6] o.s.web.servlet.DispatcherServlet        : GET "/api/v1/courses", parameters={}
2026-09-01T17:06:03.939+05:00 DEBUG 7520 --- [http-nio-8089-exec-6] s.w.s.m.m.a.RequestMappingHandlerMapping : Mapped to com.codeneticx.nihaobackend.controller.V1Controller#getCourses()
2026-09-01T17:06:03.953+05:00 DEBUG 7520 --- [http-nio-8089-exec-6] m.m.a.RequestResponseBodyMethodProcessor : Using 'application/json', given [application/json] and supported [application/json, application/*+json]
2026-09-01T17:06:03.953+05:00 DEBUG 7520 --- [http-nio-8089-exec-6] m.m.a.RequestResponseBodyMethodProcessor : Writing [ApiResponse(success=true, message=Courses fetched successfully, data=[CourseListItemDto(id=0a2552cb- (truncated)...]
2026-09-01T17:06:03.953+05:00 DEBUG 7520 --- [http-nio-8089-exec-6] o.s.web.servlet.DispatcherServlet        : Completed 200 OK
2026-09-01T17:06:03.969+05:00 DEBUG 7520 --- [http-nio-8089-exec-7] o.s.security.web.FilterChainProxy        : Securing GET /v1/courses/0a2552cb-962e-40ef-9cfe-85a6e5830387/units?limit=20&offset=0
2026-09-01T17:06:03.973+05:00 DEBUG 7520 --- [http-nio-8089-exec-7] s.w.s.m.m.a.RequestMappingHandlerMapping : Mapped to com.codeneticx.nihaobackend.controller.V1Controller#getCourseUnits(String, int, int)
2026-09-01T17:06:03.973+05:00 DEBUG 7520 --- [http-nio-8089-exec-7] s.w.s.m.m.a.RequestMappingHandlerMapping : Mapped to com.codeneticx.nihaobackend.controller.V1Controller#getCourseUnits(String, int, int)
2026-09-01T17:06:03.973+05:00 DEBUG 7520 --- [http-nio-8089-exec-7] s.w.s.m.m.a.RequestMappingHandlerMapping : Mapped to com.codeneticx.nihaobackend.controller.V1Controller#getCourseUnits(String, int, int)
2026-09-01T17:06:03.974+05:00 DEBUG 7520 --- [http-nio-8089-exec-7] s.w.s.m.m.a.RequestMappingHandlerMapping : Mapped to com.codeneticx.nihaobackend.controller.V1Controller#getCourseUnits(String, int, int)
2026-09-01T17:06:03.974+05:00 DEBUG 7520 --- [http-nio-8089-exec-7] s.w.s.m.m.a.RequestMappingHandlerMapping : Mapped to com.codeneticx.nihaobackend.controller.V1Controller#getCourseUnits(String, int, int)
2026-09-01T17:06:03.974+05:00 DEBUG 7520 --- [http-nio-8089-exec-7] s.w.s.m.m.a.RequestMappingHandlerMapping : Mapped to com.codeneticx.nihaobackend.controller.V1Controller#getCourseUnits(String, int, int)
2026-09-01T17:06:03.974+05:00 DEBUG 7520 --- [http-nio-8089-exec-7] s.w.s.m.m.a.RequestMappingHandlerMapping : Mapped to com.codeneticx.nihaobackend.controller.V1Controller#getCourseUnits(String, int, int)
2026-09-01T17:06:03.974+05:00 DEBUG 7520 --- [http-nio-8089-exec-7] s.w.s.m.m.a.RequestMappingHandlerMapping : Mapped to com.codeneticx.nihaobackend.controller.V1Controller#getCourseUnits(String, int, int)
2026-09-01T17:06:03.974+05:00 DEBUG 7520 --- [http-nio-8089-exec-7] s.w.s.m.m.a.RequestMappingHandlerMapping : Mapped to com.codeneticx.nihaobackend.controller.V1Controller#getCourseUnits(String, int, int)
2026-09-01T17:06:03.974+05:00 DEBUG 7520 --- [http-nio-8089-exec-7] s.w.s.m.m.a.RequestMappingHandlerMapping : Mapped to com.codeneticx.nihaobackend.controller.V1Controller#getCourseUnits(String, int, int)
2026-09-01T17:06:03.974+05:00 DEBUG 7520 --- [http-nio-8089-exec-7] s.w.s.m.m.a.RequestMappingHandlerMapping : Mapped to com.codeneticx.nihaobackend.controller.V1Controller#getCourseUnits(String, int, int)
2026-09-01T17:06:03.975+05:00 DEBUG 7520 --- [http-nio-8089-exec-7] o.s.security.web.FilterChainProxy        : Secured GET /v1/courses/0a2552cb-962e-40ef-9cfe-85a6e5830387/units?limit=20&offset=0
2026-09-01T17:06:03.975+05:00 DEBUG 7520 --- [http-nio-8089-exec-7] o.s.web.servlet.DispatcherServlet        : GET "/api/v1/courses/0a2552cb-962e-40ef-9cfe-85a6e5830387/units?limit=20&offset=0", parameters={masked}
2026-09-01T17:06:03.975+05:00 DEBUG 7520 --- [http-nio-8089-exec-7] s.w.s.m.m.a.RequestMappingHandlerMapping : Mapped to com.codeneticx.nihaobackend.controller.V1Controller#getCourseUnits(String, int, int)
2026-09-01T17:06:03.984+05:00 DEBUG 7520 --- [http-nio-8089-exec-7] m.m.a.RequestResponseBodyMethodProcessor : Using 'application/json', given [application/json] and supported [application/json, application/*+json]
2026-09-01T17:06:03.984+05:00 DEBUG 7520 --- [http-nio-8089-exec-7] m.m.a.RequestResponseBodyMethodProcessor : Writing [ApiResponse(success=true, message=Units fetched successfully, data=[UnitJourneyNodeDto(id=f32cee8d-2 (truncated)...]
2026-09-01T17:06:03.985+05:00 DEBUG 7520 --- [http-nio-8089-exec-7] o.s.web.servlet.DispatcherServlet        : Completed 200 OK
2026-09-01T17:06:04.001+05:00 DEBUG 7520 --- [http-nio-8089-exec-8] o.s.security.web.FilterChainProxy        : Securing GET /v1/units/f32cee8d-264d-47e2-a3e0-6c4ede6e0e09/lessons
2026-09-01T17:06:04.005+05:00 DEBUG 7520 --- [http-nio-8089-exec-8] s.w.s.m.m.a.RequestMappingHandlerMapping : Mapped to com.codeneticx.nihaobackend.controller.V1Controller#getUnitLessons(String)
2026-09-01T17:06:04.005+05:00 DEBUG 7520 --- [http-nio-8089-exec-8] s.w.s.m.m.a.RequestMappingHandlerMapping : Mapped to com.codeneticx.nihaobackend.controller.V1Controller#getUnitLessons(String)
2026-09-01T17:06:04.005+05:00 DEBUG 7520 --- [http-nio-8089-exec-8] s.w.s.m.m.a.RequestMappingHandlerMapping : Mapped to com.codeneticx.nihaobackend.controller.V1Controller#getUnitLessons(String)
2026-09-01T17:06:04.006+05:00 DEBUG 7520 --- [http-nio-8089-exec-8] s.w.s.m.m.a.RequestMappingHandlerMapping : Mapped to com.codeneticx.nihaobackend.controller.V1Controller#getUnitLessons(String)
2026-09-01T17:06:04.006+05:00 DEBUG 7520 --- [http-nio-8089-exec-8] s.w.s.m.m.a.RequestMappingHandlerMapping : Mapped to com.codeneticx.nihaobackend.controller.V1Controller#getUnitLessons(String)
2026-09-01T17:06:04.006+05:00 DEBUG 7520 --- [http-nio-8089-exec-8] s.w.s.m.m.a.RequestMappingHandlerMapping : Mapped to com.codeneticx.nihaobackend.controller.V1Controller#getUnitLessons(String)
2026-09-01T17:06:04.006+05:00 DEBUG 7520 --- [http-nio-8089-exec-8] s.w.s.m.m.a.RequestMappingHandlerMapping : Mapped to com.codeneticx.nihaobackend.controller.V1Controller#getUnitLessons(String)
2026-09-01T17:06:04.006+05:00 DEBUG 7520 --- [http-nio-8089-exec-8] s.w.s.m.m.a.RequestMappingHandlerMapping : Mapped to com.codeneticx.nihaobackend.controller.V1Controller#getUnitLessons(String)
2026-09-01T17:06:04.006+05:00 DEBUG 7520 --- [http-nio-8089-exec-8] s.w.s.m.m.a.RequestMappingHandlerMapping : Mapped to com.codeneticx.nihaobackend.controller.V1Controller#getUnitLessons(String)
2026-09-01T17:06:04.006+05:00 DEBUG 7520 --- [http-nio-8089-exec-8] s.w.s.m.m.a.RequestMappingHandlerMapping : Mapped to com.codeneticx.nihaobackend.controller.V1Controller#getUnitLessons(String)
2026-09-01T17:06:04.007+05:00 DEBUG 7520 --- [http-nio-8089-exec-8] s.w.s.m.m.a.RequestMappingHandlerMapping : Mapped to com.codeneticx.nihaobackend.controller.V1Controller#getUnitLessons(String)
2026-09-01T17:06:04.007+05:00 DEBUG 7520 --- [http-nio-8089-exec-8] o.s.security.web.FilterChainProxy        : Secured GET /v1/units/f32cee8d-264d-47e2-a3e0-6c4ede6e0e09/lessons
2026-09-01T17:06:04.007+05:00 DEBUG 7520 --- [http-nio-8089-exec-8] o.s.web.servlet.DispatcherServlet        : GET "/api/v1/units/f32cee8d-264d-47e2-a3e0-6c4ede6e0e09/lessons", parameters={}
2026-09-01T17:06:04.007+05:00 DEBUG 7520 --- [http-nio-8089-exec-8] s.w.s.m.m.a.RequestMappingHandlerMapping : Mapped to com.codeneticx.nihaobackend.controller.V1Controller#getUnitLessons(String)
2026-09-01T17:06:04.014+05:00 DEBUG 7520 --- [http-nio-8089-exec-8] m.m.a.RequestResponseBodyMethodProcessor : Using 'application/json', given [application/json] and supported [application/json, application/*+json]
2026-09-01T17:06:04.015+05:00 DEBUG 7520 --- [http-nio-8089-exec-8] m.m.a.RequestResponseBodyMethodProcessor : Writing [ApiResponse(success=true, message=Lessons fetched successfully, data=[LessonJourneyNodeDto(id=780b13 (truncated)...]
2026-09-01T17:06:04.015+05:00 DEBUG 7520 --- [http-nio-8089-exec-8] o.s.web.servlet.DispatcherServlet        : Completed 200 OK
2026-09-01T17:06:04.029+05:00 DEBUG 7520 --- [http-nio-8089-exec-9] o.s.security.web.FilterChainProxy        : Securing GET /v1/courses/0a2552cb-962e-40ef-9cfe-85a6e5830387/progress
2026-09-01T17:06:04.032+05:00 DEBUG 7520 --- [http-nio-8089-exec-9] s.w.s.m.m.a.RequestMappingHandlerMapping : Mapped to com.codeneticx.nihaobackend.controller.V1Controller#getCourseProgress(String)
2026-09-01T17:06:04.032+05:00 DEBUG 7520 --- [http-nio-8089-exec-9] s.w.s.m.m.a.RequestMappingHandlerMapping : Mapped to com.codeneticx.nihaobackend.controller.V1Controller#getCourseProgress(String)
2026-09-01T17:06:04.032+05:00 DEBUG 7520 --- [http-nio-8089-exec-9] s.w.s.m.m.a.RequestMappingHandlerMapping : Mapped to com.codeneticx.nihaobackend.controller.V1Controller#getCourseProgress(String)
2026-09-01T17:06:04.032+05:00 DEBUG 7520 --- [http-nio-8089-exec-9] s.w.s.m.m.a.RequestMappingHandlerMapping : Mapped to com.codeneticx.nihaobackend.controller.V1Controller#getCourseProgress(String)
2026-09-01T17:06:04.033+05:00 DEBUG 7520 --- [http-nio-8089-exec-9] s.w.s.m.m.a.RequestMappingHandlerMapping : Mapped to com.codeneticx.nihaobackend.controller.V1Controller#getCourseProgress(String)
2026-09-01T17:06:04.033+05:00 DEBUG 7520 --- [http-nio-8089-exec-9] s.w.s.m.m.a.RequestMappingHandlerMapping : Mapped to com.codeneticx.nihaobackend.controller.V1Controller#getCourseProgress(String)
2026-09-01T17:06:04.033+05:00 DEBUG 7520 --- [http-nio-8089-exec-9] s.w.s.m.m.a.RequestMappingHandlerMapping : Mapped to com.codeneticx.nihaobackend.controller.V1Controller#getCourseProgress(String)
2026-09-01T17:06:04.033+05:00 DEBUG 7520 --- [http-nio-8089-exec-9] s.w.s.m.m.a.RequestMappingHandlerMapping : Mapped to com.codeneticx.nihaobackend.controller.V1Controller#getCourseProgress(String)
2026-09-01T17:06:04.033+05:00 DEBUG 7520 --- [http-nio-8089-exec-9] s.w.s.m.m.a.RequestMappingHandlerMapping : Mapped to com.codeneticx.nihaobackend.controller.V1Controller#getCourseProgress(String)
2026-09-01T17:06:04.033+05:00 DEBUG 7520 --- [http-nio-8089-exec-9] s.w.s.m.m.a.RequestMappingHandlerMapping : Mapped to com.codeneticx.nihaobackend.controller.V1Controller#getCourseProgress(String)
2026-09-01T17:06:04.033+05:00 DEBUG 7520 --- [http-nio-8089-exec-9] s.w.s.m.m.a.RequestMappingHandlerMapping : Mapped to com.codeneticx.nihaobackend.controller.V1Controller#getCourseProgress(String)
2026-09-01T17:06:04.034+05:00 DEBUG 7520 --- [http-nio-8089-exec-9] o.s.security.web.FilterChainProxy        : Secured GET /v1/courses/0a2552cb-962e-40ef-9cfe-85a6e5830387/progress
2026-09-01T17:06:04.034+05:00 DEBUG 7520 --- [http-nio-8089-exec-9] o.s.web.servlet.DispatcherServlet        : GET "/api/v1/courses/0a2552cb-962e-40ef-9cfe-85a6e5830387/progress", parameters={}
2026-09-01T17:06:04.034+05:00 DEBUG 7520 --- [http-nio-8089-exec-9] s.w.s.m.m.a.RequestMappingHandlerMapping : Mapped to com.codeneticx.nihaobackend.controller.V1Controller#getCourseProgress(String)
2026-09-01T17:06:04.045+05:00 DEBUG 7520 --- [http-nio-8089-exec-9] m.m.a.RequestResponseBodyMethodProcessor : Using 'application/json', given [application/json] and supported [application/json, application/*+json]
2026-09-01T17:06:04.045+05:00 DEBUG 7520 --- [http-nio-8089-exec-9] m.m.a.RequestResponseBodyMethodProcessor : Writing [ApiResponse(success=true, message=Course progress fetched successfully, data=CourseProgressDto(xp=40 (truncated)...]
2026-09-01T17:06:04.046+05:00 DEBUG 7520 --- [http-nio-8089-exec-9] o.s.web.servlet.DispatcherServlet        : Completed 200 OK
2026-09-01T17:06:11.857+05:00 DEBUG 7520 --- [HikariPool-1 housekeeper] com.zaxxer.hikari.pool.HikariPool        : HikariPool-1 - Pool stats (total=10, active=0, idle=10, waiting=0)
2026-09-01T17:06:11.857+05:00 DEBUG 7520 --- [HikariPool-1 housekeeper] com.zaxxer.hikari.pool.HikariPool        : HikariPool-1 - Fill pool skipped, pool has sufficient level or currently being filled (queueDepth=0).
2026-09-01T17:06:41.861+05:00 DEBUG 7520 --- [HikariPool-1 housekeeper] com.zaxxer.hikari.pool.HikariPool        : HikariPool-1 - Pool stats (total=10, active=0, idle=10, waiting=0)
2026-09-01T17:06:41.861+05:00 DEBUG 7520 --- [HikariPool-1 housekeeper] com.zaxxer.hikari.pool.HikariPool        : HikariPool-1 - Fill pool skipped, pool has sufficient level or currently being filled (queueDepth=0).
2026-09-01T17:07:11.875+05:00 DEBUG 7520 --- [HikariPool-1 housekeeper] com.zaxxer.hikari.pool.HikariPool        : HikariPool-1 - Pool stats (total=10, active=0, idle=10, waiting=0)
2026-09-01T17:07:11.876+05:00 DEBUG 7520 --- [HikariPool-1 housekeeper] com.zaxxer.hikari.pool.HikariPool        : HikariPool-1 - Fill pool skipped, pool has sufficient level or currently being filled (queueDepth=0).
2026-09-01T17:07:41.879+05:00 DEBUG 7520 --- [HikariPool-1 housekeeper] com.zaxxer.hikari.pool.HikariPool        : HikariPool-1 - Pool stats (total=10, active=0, idle=10, waiting=0)
2026-09-01T17:07:41.879+05:00 DEBUG 7520 --- [HikariPool-1 housekeeper] com.zaxxer.hikari.pool.HikariPool        : HikariPool-1 - Fill pool skipped, pool has sufficient level or currently being filled (queueDepth=0).
2026-09-01T17:08:11.884+05:00 DEBUG 7520 --- [HikariPool-1 housekeeper] com.zaxxer.hikari.pool.HikariPool        : HikariPool-1 - Pool stats (total=10, active=0, idle=10, waiting=0)
2026-09-01T17:08:11.884+05:00 DEBUG 7520 --- [HikariPool-1 housekeeper] com.zaxxer.hikari.pool.HikariPool        : HikariPool-1 - Fill pool skipped, pool has sufficient level or currently being filled (queueDepth=0).
2026-09-01T17:08:41.891+05:00 DEBUG 7520 --- [HikariPool-1 housekeeper] com.zaxxer.hikari.pool.HikariPool        : HikariPool-1 - Pool stats (total=10, active=0, idle=10, waiting=0)
2026-09-01T17:08:41.891+05:00 DEBUG 7520 --- [HikariPool-1 housekeeper] com.zaxxer.hikari.pool.HikariPool        : HikariPool-1 - Fill pool skipped, pool has sufficient level or currently being filled (queueDepth=0).
2026-09-01T17:09:07.964+05:00  INFO 7520 --- [SpringApplicationShutdownHook] j.LocalContainerEntityManagerFactoryBean : Closing JPA EntityManagerFactory for persistence unit 'default'
2026-09-01T17:09:07.967+05:00  INFO 7520 --- [SpringApplicationShutdownHook] com.zaxxer.hikari.HikariDataSource       : HikariPool-1 - Shutdown initiated...
2026-09-01T17:09:07.967+05:00 DEBUG 7520 --- [SpringApplicationShutdownHook] com.zaxxer.hikari.pool.HikariPool        : HikariPool-1 - Before shutdown stats (total=10, active=0, idle=10, waiting=0)
2026-09-01T17:09:07.969+05:00 DEBUG 7520 --- [HikariPool-1 connection closer] com.zaxxer.hikari.pool.PoolBase          : HikariPool-1 - Closing connection com.mysql.cj.jdbc.ConnectionImpl@2a3785a: (connection evicted)
2026-09-01T17:09:07.969+05:00 DEBUG 7520 --- [HikariPool-1 connection closer] com.zaxxer.hikari.pool.PoolBase          : HikariPool-1 - Closing connection com.mysql.cj.jdbc.ConnectionImpl@4816f372: (connection evicted)
2026-09-01T17:09:07.970+05:00 DEBUG 7520 --- [HikariPool-1 connection closer] com.zaxxer.hikari.pool.PoolBase          : HikariPool-1 - Closing connection com.mysql.cj.jdbc.ConnectionImpl@471a5261: (connection evicted)
2026-09-01T17:09:07.970+05:00 DEBUG 7520 --- [HikariPool-1 connection closer] com.zaxxer.hikari.pool.PoolBase          : HikariPool-1 - Closing connection com.mysql.cj.jdbc.ConnectionImpl@3fb34108: (connection evicted)
2026-09-01T17:09:07.970+05:00 DEBUG 7520 --- [HikariPool-1 connection closer] com.zaxxer.hikari.pool.PoolBase          : HikariPool-1 - Closing connection com.mysql.cj.jdbc.ConnectionImpl@7c18c81d: (connection evicted)
2026-09-01T17:09:07.970+05:00 DEBUG 7520 --- [HikariPool-1 connection closer] com.zaxxer.hikari.pool.PoolBase          : HikariPool-1 - Closing connection com.mysql.cj.jdbc.ConnectionImpl@24b78d0d: (connection evicted)
2026-09-01T17:09:07.970+05:00 DEBUG 7520 --- [HikariPool-1 connection closer] com.zaxxer.hikari.pool.PoolBase          : HikariPool-1 - Closing connection com.mysql.cj.jdbc.ConnectionImpl@57a8ee3f: (connection evicted)
2026-09-01T17:09:07.970+05:00 DEBUG 7520 --- [HikariPool-1 connection closer] com.zaxxer.hikari.pool.PoolBase          : HikariPool-1 - Closing connection com.mysql.cj.jdbc.ConnectionImpl@7b7f2c2: (connection evicted)
2026-09-01T17:09:07.971+05:00 DEBUG 7520 --- [HikariPool-1 connection closer] com.zaxxer.hikari.pool.PoolBase          : HikariPool-1 - Closing connection com.mysql.cj.jdbc.ConnectionImpl@2e506eb6: (connection evicted)
2026-09-01T17:09:07.972+05:00 DEBUG 7520 --- [HikariPool-1 connection closer] com.zaxxer.hikari.pool.PoolBase          : HikariPool-1 - Closing connection com.mysql.cj.jdbc.ConnectionImpl@f7e7b8f: (connection evicted)
2026-09-01T17:09:07.972+05:00 DEBUG 7520 --- [SpringApplicationShutdownHook] com.zaxxer.hikari.pool.HikariPool        : HikariPool-1 - After shutdown stats (total=0, active=0, idle=0, waiting=0)
2026-09-01T17:09:07.972+05:00  INFO 7520 --- [SpringApplicationShutdownHook] com.zaxxer.hikari.HikariDataSource       : HikariPool-1 - Shutdown completed.
