2026-09-02T14:57:10.195+05:00  INFO 1848 --- [restartedMain] c.c.n.NihaoBackendApplication            : Starting NihaoBackendApplication using Java 21.0.2 with PID 1848 (C:\Users\Baloch\Desktop\Nihao backend\target\classes started by Baloch in C:\Users\Baloch\Desktop\Nihao backend)
2026-09-02T14:57:10.202+05:00 DEBUG 1848 --- [restartedMain] c.c.n.NihaoBackendApplication            : Running with Spring Boot v3.1.5, Spring v6.0.13
2026-09-02T14:57:10.204+05:00  INFO 1848 --- [restartedMain] c.c.n.NihaoBackendApplication            : No active profile set, falling back to 1 default profile: "default"
2026-09-02T14:57:10.255+05:00  INFO 1848 --- [restartedMain] .e.DevToolsPropertyDefaultsPostProcessor : Devtools property defaults active! Set 'spring.devtools.add-properties' to 'false' to disable
2026-09-02T14:57:10.255+05:00  INFO 1848 --- [restartedMain] .e.DevToolsPropertyDefaultsPostProcessor : For additional web related logging consider setting the 'logging.level.web' property to 'DEBUG'
2026-09-02T14:57:12.650+05:00  INFO 1848 --- [restartedMain] .s.d.r.c.RepositoryConfigurationDelegate : Bootstrapping Spring Data JPA repositories in DEFAULT mode.
2026-09-02T14:57:12.750+05:00  INFO 1848 --- [restartedMain] .s.d.r.c.RepositoryConfigurationDelegate : Finished Spring Data repository scanning in 94 ms. Found 10 JPA repository interfaces.
2026-09-02T14:57:13.399+05:00  INFO 1848 --- [restartedMain] o.s.b.w.embedded.tomcat.TomcatWebServer  : Tomcat initialized with port(s): 8089 (http)
2026-09-02T14:57:13.407+05:00  INFO 1848 --- [restartedMain] o.apache.catalina.core.StandardService   : Starting service [Tomcat]
2026-09-02T14:57:13.407+05:00  INFO 1848 --- [restartedMain] o.apache.catalina.core.StandardEngine    : Starting Servlet engine: [Apache Tomcat/10.1.15]
2026-09-02T14:57:13.479+05:00  INFO 1848 --- [restartedMain] o.a.c.c.C.[Tomcat].[localhost].[/api]    : Initializing Spring embedded WebApplicationContext
2026-09-02T14:57:13.479+05:00  INFO 1848 --- [restartedMain] w.s.c.ServletWebServerApplicationContext : Root WebApplicationContext: initialization completed in 3223 ms
2026-09-02T14:57:13.541+05:00 DEBUG 1848 --- [restartedMain] com.zaxxer.hikari.HikariConfig           : Driver class com.mysql.cj.jdbc.Driver found in Thread context class loader TomcatEmbeddedWebappClassLoader
  context: api
  delegate: true
----------> Parent Classloader:
org.springframework.boot.devtools.restart.classloader.RestartClassLoader@331e094e

2026-09-02T14:57:13.604+05:00  INFO 1848 --- [restartedMain] o.f.c.internal.license.VersionPrinter    : Flyway Community Edition 9.16.3 by Redgate
2026-09-02T14:57:13.605+05:00  INFO 1848 --- [restartedMain] o.f.c.internal.license.VersionPrinter    : See release notes here: https://rd.gt/416ObMi
2026-09-02T14:57:13.605+05:00  INFO 1848 --- [restartedMain] o.f.c.internal.license.VersionPrinter    : 
2026-09-02T14:57:13.618+05:00 DEBUG 1848 --- [restartedMain] com.zaxxer.hikari.HikariConfig           : HikariPool-1 - configuration:
2026-09-02T14:57:13.620+05:00 DEBUG 1848 --- [restartedMain] com.zaxxer.hikari.HikariConfig           : allowPoolSuspension.............false
2026-09-02T14:57:13.621+05:00 DEBUG 1848 --- [restartedMain] com.zaxxer.hikari.HikariConfig           : autoCommit......................true
2026-09-02T14:57:13.621+05:00 DEBUG 1848 --- [restartedMain] com.zaxxer.hikari.HikariConfig           : catalog.........................none
2026-09-02T14:57:13.621+05:00 DEBUG 1848 --- [restartedMain] com.zaxxer.hikari.HikariConfig           : connectionInitSql...............none
2026-09-02T14:57:13.621+05:00 DEBUG 1848 --- [restartedMain] com.zaxxer.hikari.HikariConfig           : connectionTestQuery.............none
2026-09-02T14:57:13.622+05:00 DEBUG 1848 --- [restartedMain] com.zaxxer.hikari.HikariConfig           : connectionTimeout...............30000
2026-09-02T14:57:13.622+05:00 DEBUG 1848 --- [restartedMain] com.zaxxer.hikari.HikariConfig           : dataSource......................none
2026-09-02T14:57:13.622+05:00 DEBUG 1848 --- [restartedMain] com.zaxxer.hikari.HikariConfig           : dataSourceClassName.............none
2026-09-02T14:57:13.622+05:00 DEBUG 1848 --- [restartedMain] com.zaxxer.hikari.HikariConfig           : dataSourceJNDI..................none
2026-09-02T14:57:13.623+05:00 DEBUG 1848 --- [restartedMain] com.zaxxer.hikari.HikariConfig           : dataSourceProperties............{password=<masked>}
2026-09-02T14:57:13.623+05:00 DEBUG 1848 --- [restartedMain] com.zaxxer.hikari.HikariConfig           : driverClassName................."com.mysql.cj.jdbc.Driver"
2026-09-02T14:57:13.623+05:00 DEBUG 1848 --- [restartedMain] com.zaxxer.hikari.HikariConfig           : exceptionOverrideClassName......none
2026-09-02T14:57:13.623+05:00 DEBUG 1848 --- [restartedMain] com.zaxxer.hikari.HikariConfig           : healthCheckProperties...........{}
2026-09-02T14:57:13.623+05:00 DEBUG 1848 --- [restartedMain] com.zaxxer.hikari.HikariConfig           : healthCheckRegistry.............none
2026-09-02T14:57:13.624+05:00 DEBUG 1848 --- [restartedMain] com.zaxxer.hikari.HikariConfig           : idleTimeout.....................600000
2026-09-02T14:57:13.624+05:00 DEBUG 1848 --- [restartedMain] com.zaxxer.hikari.HikariConfig           : initializationFailTimeout.......1
2026-09-02T14:57:13.624+05:00 DEBUG 1848 --- [restartedMain] com.zaxxer.hikari.HikariConfig           : isolateInternalQueries..........false
2026-09-02T14:57:13.625+05:00 DEBUG 1848 --- [restartedMain] com.zaxxer.hikari.HikariConfig           : jdbcUrl.........................jdbc:mysql://localhost:3306/nihao_urdu?useSSL=false&allowPublicKeyRetrieval=true&serverTimezone=UTC
2026-09-02T14:57:13.625+05:00 DEBUG 1848 --- [restartedMain] com.zaxxer.hikari.HikariConfig           : keepaliveTime...................0
2026-09-02T14:57:13.625+05:00 DEBUG 1848 --- [restartedMain] com.zaxxer.hikari.HikariConfig           : leakDetectionThreshold..........0
2026-09-02T14:57:13.625+05:00 DEBUG 1848 --- [restartedMain] com.zaxxer.hikari.HikariConfig           : maxLifetime.....................1800000
2026-09-02T14:57:13.625+05:00 DEBUG 1848 --- [restartedMain] com.zaxxer.hikari.HikariConfig           : maximumPoolSize.................10
2026-09-02T14:57:13.625+05:00 DEBUG 1848 --- [restartedMain] com.zaxxer.hikari.HikariConfig           : metricRegistry..................none
2026-09-02T14:57:13.626+05:00 DEBUG 1848 --- [restartedMain] com.zaxxer.hikari.HikariConfig           : metricsTrackerFactory...........none
2026-09-02T14:57:13.626+05:00 DEBUG 1848 --- [restartedMain] com.zaxxer.hikari.HikariConfig           : minimumIdle.....................10
2026-09-02T14:57:13.626+05:00 DEBUG 1848 --- [restartedMain] com.zaxxer.hikari.HikariConfig           : password........................<masked>
2026-09-02T14:57:13.627+05:00 DEBUG 1848 --- [restartedMain] com.zaxxer.hikari.HikariConfig           : poolName........................"HikariPool-1"
2026-09-02T14:57:13.627+05:00 DEBUG 1848 --- [restartedMain] com.zaxxer.hikari.HikariConfig           : readOnly........................false
2026-09-02T14:57:13.627+05:00 DEBUG 1848 --- [restartedMain] com.zaxxer.hikari.HikariConfig           : registerMbeans..................false
2026-09-02T14:57:13.627+05:00 DEBUG 1848 --- [restartedMain] com.zaxxer.hikari.HikariConfig           : scheduledExecutor...............none
2026-09-02T14:57:13.627+05:00 DEBUG 1848 --- [restartedMain] com.zaxxer.hikari.HikariConfig           : schema..........................none
2026-09-02T14:57:13.627+05:00 DEBUG 1848 --- [restartedMain] com.zaxxer.hikari.HikariConfig           : threadFactory...................internal
2026-09-02T14:57:13.627+05:00 DEBUG 1848 --- [restartedMain] com.zaxxer.hikari.HikariConfig           : transactionIsolation............default
2026-09-02T14:57:13.628+05:00 DEBUG 1848 --- [restartedMain] com.zaxxer.hikari.HikariConfig           : username........................"root"
2026-09-02T14:57:13.628+05:00 DEBUG 1848 --- [restartedMain] com.zaxxer.hikari.HikariConfig           : validationTimeout...............5000
2026-09-02T14:57:13.628+05:00  INFO 1848 --- [restartedMain] com.zaxxer.hikari.HikariDataSource       : HikariPool-1 - Starting...
2026-09-02T14:57:13.845+05:00  INFO 1848 --- [restartedMain] com.zaxxer.hikari.pool.HikariPool        : HikariPool-1 - Added connection com.mysql.cj.jdbc.ConnectionImpl@4d496ff9
2026-09-02T14:57:13.849+05:00  INFO 1848 --- [restartedMain] com.zaxxer.hikari.HikariDataSource       : HikariPool-1 - Start completed.
2026-09-02T14:57:13.885+05:00  INFO 1848 --- [restartedMain] o.f.c.i.database.base.BaseDatabaseType   : Database: jdbc:mysql://localhost:3306/nihao_urdu (MySQL 8.0)
2026-09-02T14:57:13.963+05:00 DEBUG 1848 --- [HikariPool-1 housekeeper] com.zaxxer.hikari.pool.HikariPool        : HikariPool-1 - Pool stats (total=1, active=1, idle=0, waiting=0)
2026-09-02T14:57:13.971+05:00 DEBUG 1848 --- [HikariPool-1 connection adder] com.zaxxer.hikari.pool.HikariPool        : HikariPool-1 - Added connection com.mysql.cj.jdbc.ConnectionImpl@2f4383f6
2026-09-02T14:57:13.987+05:00 DEBUG 1848 --- [HikariPool-1 connection adder] com.zaxxer.hikari.pool.HikariPool        : HikariPool-1 - Added connection com.mysql.cj.jdbc.ConnectionImpl@6c35946d
2026-09-02T14:57:14.003+05:00 DEBUG 1848 --- [HikariPool-1 connection adder] com.zaxxer.hikari.pool.HikariPool        : HikariPool-1 - Added connection com.mysql.cj.jdbc.ConnectionImpl@14fba531
2026-09-02T14:57:14.020+05:00 DEBUG 1848 --- [HikariPool-1 connection adder] com.zaxxer.hikari.pool.HikariPool        : HikariPool-1 - Added connection com.mysql.cj.jdbc.ConnectionImpl@4e870dd9
2026-09-02T14:57:14.034+05:00  INFO 1848 --- [restartedMain] o.f.core.internal.command.DbValidate     : Successfully validated 5 migrations (execution time 00:00.076s)
2026-09-02T14:57:14.035+05:00 DEBUG 1848 --- [HikariPool-1 connection adder] com.zaxxer.hikari.pool.HikariPool        : HikariPool-1 - Added connection com.mysql.cj.jdbc.ConnectionImpl@fff0e71
2026-09-02T14:57:14.049+05:00  INFO 1848 --- [restartedMain] o.f.core.internal.command.DbMigrate      : Current version of schema `nihao_urdu`: 4
2026-09-02T14:57:14.050+05:00  INFO 1848 --- [restartedMain] o.f.core.internal.command.DbMigrate      : Schema `nihao_urdu` is up to date. No migration necessary.
2026-09-02T14:57:14.053+05:00 DEBUG 1848 --- [HikariPool-1 connection adder] com.zaxxer.hikari.pool.HikariPool        : HikariPool-1 - Added connection com.mysql.cj.jdbc.ConnectionImpl@7c00a135
2026-09-02T14:57:14.082+05:00 DEBUG 1848 --- [HikariPool-1 connection adder] com.zaxxer.hikari.pool.HikariPool        : HikariPool-1 - Added connection com.mysql.cj.jdbc.ConnectionImpl@6a337f3b
2026-09-02T14:57:14.100+05:00 DEBUG 1848 --- [HikariPool-1 connection adder] com.zaxxer.hikari.pool.HikariPool        : HikariPool-1 - Added connection com.mysql.cj.jdbc.ConnectionImpl@6549c160
2026-09-02T14:57:14.127+05:00 DEBUG 1848 --- [HikariPool-1 connection adder] com.zaxxer.hikari.pool.HikariPool        : HikariPool-1 - Added connection com.mysql.cj.jdbc.ConnectionImpl@4a570213
2026-09-02T14:57:14.146+05:00 DEBUG 1848 --- [HikariPool-1 connection adder] com.zaxxer.hikari.pool.HikariPool        : HikariPool-1 - After adding stats (total=10, active=0, idle=10, waiting=0)
2026-09-02T14:57:14.187+05:00  INFO 1848 --- [restartedMain] o.hibernate.jpa.internal.util.LogHelper  : HHH000204: Processing PersistenceUnitInfo [name: default]
2026-09-02T14:57:14.272+05:00  INFO 1848 --- [restartedMain] org.hibernate.Version                    : HHH000412: Hibernate ORM core version 6.2.13.Final
2026-09-02T14:57:14.275+05:00  INFO 1848 --- [restartedMain] org.hibernate.cfg.Environment            : HHH000406: Using bytecode reflection optimizer
2026-09-02T14:57:14.580+05:00  INFO 1848 --- [restartedMain] o.s.o.j.p.SpringPersistenceUnitInfo      : No LoadTimeWeaver setup: ignoring JPA class transformer
2026-09-02T14:57:14.634+05:00  WARN 1848 --- [restartedMain] org.hibernate.orm.deprecation            : HHH90000025: MySQL8Dialect does not need to be specified explicitly using 'hibernate.dialect' (remove the property setting and it will be selected by default)
2026-09-02T14:57:14.634+05:00  WARN 1848 --- [restartedMain] org.hibernate.orm.deprecation            : HHH90000026: MySQL8Dialect has been deprecated; use org.hibernate.dialect.MySQLDialect instead
2026-09-02T14:57:15.706+05:00  INFO 1848 --- [restartedMain] o.h.e.t.j.p.i.JtaPlatformInitiator       : HHH000489: No JTA platform available (set 'hibernate.transaction.jta.platform' to enable JTA platform integration)
2026-09-02T14:57:15.708+05:00  INFO 1848 --- [restartedMain] j.LocalContainerEntityManagerFactoryBean : Initialized JPA EntityManagerFactory for persistence unit 'default'
2026-09-02T14:57:16.002+05:00  INFO 1848 --- [restartedMain] o.s.d.j.r.query.QueryEnhancerFactory     : Hibernate is in classpath; If applicable, HQL parser will be used.
2026-09-02T14:57:16.489+05:00 DEBUG 1848 --- [restartedMain] c.c.n.config.JwtAuthenticationFilter     : Filter 'jwtAuthenticationFilter' configured for use
2026-09-02T14:57:16.489+05:00 DEBUG 1848 --- [restartedMain] c.c.nihaobackend.config.CorsConfig       : Filter 'corsConfig' configured for use
2026-09-02T14:57:17.216+05:00 DEBUG 1848 --- [restartedMain] s.w.s.m.m.a.RequestMappingHandlerMapping : 60 mappings in 'requestMappingHandlerMapping'
2026-09-02T14:57:17.243+05:00 DEBUG 1848 --- [restartedMain] o.s.w.s.handler.SimpleUrlHandlerMapping  : Patterns [/webjars/**, /static, /swagger-ui*/*swagger-initializer.js, /swagger-ui*/**] in 'resourceHandlerMapping'
2026-09-02T14:57:17.268+05:00  INFO 1848 --- [restartedMain] o.s.s.web.DefaultSecurityFilterChain     : Will secure any request with [org.springframework.security.web.session.DisableEncodeUrlFilter@3a44bb62, org.springframework.security.web.context.request.async.WebAsyncManagerIntegrationFilter@34d0c645, org.springframework.security.web.context.SecurityContextHolderFilter@6269a15b, org.springframework.security.web.header.HeaderWriterFilter@4c376fd2, org.springframework.security.web.authentication.logout.LogoutFilter@591c5386, com.codeneticx.nihaobackend.config.JwtAuthenticationFilter@486d41e, org.springframework.security.web.savedrequest.RequestCacheAwareFilter@5bf6e466, org.springframework.security.web.servletapi.SecurityContextHolderAwareRequestFilter@7802c34b, org.springframework.security.web.authentication.AnonymousAuthenticationFilter@7819418d, org.springframework.security.web.session.SessionManagementFilter@693fedb3, org.springframework.security.web.access.ExceptionTranslationFilter@3dd0dbd7, org.springframework.security.web.access.intercept.AuthorizationFilter@7ede089f]
2026-09-02T14:57:17.337+05:00 DEBUG 1848 --- [restartedMain] s.w.s.m.m.a.RequestMappingHandlerAdapter : ControllerAdvice beans: 0 @ModelAttribute, 0 @InitBinder, 1 RequestBodyAdvice, 1 ResponseBodyAdvice
2026-09-02T14:57:17.372+05:00 DEBUG 1848 --- [restartedMain] .m.m.a.ExceptionHandlerExceptionResolver : ControllerAdvice beans: 2 @ExceptionHandler, 1 ResponseBodyAdvice
2026-09-02T14:57:17.521+05:00  INFO 1848 --- [restartedMain] o.s.b.d.a.OptionalLiveReloadServer       : LiveReload server is running on port 35729
2026-09-02T14:57:17.554+05:00  INFO 1848 --- [restartedMain] o.s.b.w.embedded.tomcat.TomcatWebServer  : Tomcat started on port(s): 8089 (http) with context path '/api'
2026-09-02T14:57:17.567+05:00  INFO 1848 --- [restartedMain] c.c.n.NihaoBackendApplication            : Started NihaoBackendApplication in 7.859 seconds (process running for 9.129)
2026-09-02T14:57:23.390+05:00  INFO 1848 --- [http-nio-8089-exec-1] o.a.c.c.C.[Tomcat].[localhost].[/api]    : Initializing Spring DispatcherServlet 'dispatcherServlet'
2026-09-02T14:57:23.391+05:00  INFO 1848 --- [http-nio-8089-exec-1] o.s.web.servlet.DispatcherServlet        : Initializing Servlet 'dispatcherServlet'
2026-09-02T14:57:23.391+05:00 DEBUG 1848 --- [http-nio-8089-exec-1] o.s.web.servlet.DispatcherServlet        : Detected StandardServletMultipartResolver
2026-09-02T14:57:23.392+05:00 DEBUG 1848 --- [http-nio-8089-exec-1] o.s.web.servlet.DispatcherServlet        : Detected AcceptHeaderLocaleResolver
2026-09-02T14:57:23.392+05:00 DEBUG 1848 --- [http-nio-8089-exec-1] o.s.web.servlet.DispatcherServlet        : Detected FixedThemeResolver
2026-09-02T14:57:23.393+05:00 DEBUG 1848 --- [http-nio-8089-exec-1] o.s.web.servlet.DispatcherServlet        : Detected org.springframework.web.servlet.view.DefaultRequestToViewNameTranslator@31efe65e
2026-09-02T14:57:23.393+05:00 DEBUG 1848 --- [http-nio-8089-exec-1] o.s.web.servlet.DispatcherServlet        : Detected org.springframework.web.servlet.support.SessionFlashMapManager@2051492c
2026-09-02T14:57:23.394+05:00 DEBUG 1848 --- [http-nio-8089-exec-1] o.s.web.servlet.DispatcherServlet        : enableLoggingRequestDetails='false': request parameters and headers will be masked to prevent unsafe logging of potentially sensitive data
2026-09-02T14:57:23.394+05:00  INFO 1848 --- [http-nio-8089-exec-1] o.s.web.servlet.DispatcherServlet        : Completed initialization in 3 ms
2026-09-02T14:57:23.403+05:00 DEBUG 1848 --- [http-nio-8089-exec-1] o.s.security.web.FilterChainProxy        : Securing GET /v1/courses
2026-09-02T14:57:23.409+05:00 DEBUG 1848 --- [http-nio-8089-exec-1] o.s.s.w.a.AnonymousAuthenticationFilter  : Set SecurityContextHolder to anonymous SecurityContext
2026-09-02T14:57:23.419+05:00 DEBUG 1848 --- [http-nio-8089-exec-1] s.w.s.m.m.a.RequestMappingHandlerMapping : Mapped to com.codeneticx.nihaobackend.controller.V1Controller#getCourses()
2026-09-02T14:57:23.420+05:00 DEBUG 1848 --- [http-nio-8089-exec-1] s.w.s.m.m.a.RequestMappingHandlerMapping : Mapped to com.codeneticx.nihaobackend.controller.V1Controller#getCourses()
2026-09-02T14:57:23.420+05:00 DEBUG 1848 --- [http-nio-8089-exec-1] s.w.s.m.m.a.RequestMappingHandlerMapping : Mapped to com.codeneticx.nihaobackend.controller.V1Controller#getCourses()
2026-09-02T14:57:23.420+05:00 DEBUG 1848 --- [http-nio-8089-exec-1] s.w.s.m.m.a.RequestMappingHandlerMapping : Mapped to com.codeneticx.nihaobackend.controller.V1Controller#getCourses()
2026-09-02T14:57:23.420+05:00 DEBUG 1848 --- [http-nio-8089-exec-1] s.w.s.m.m.a.RequestMappingHandlerMapping : Mapped to com.codeneticx.nihaobackend.controller.V1Controller#getCourses()
2026-09-02T14:57:23.421+05:00 DEBUG 1848 --- [http-nio-8089-exec-1] s.w.s.m.m.a.RequestMappingHandlerMapping : Mapped to com.codeneticx.nihaobackend.controller.V1Controller#getCourses()
2026-09-02T14:57:23.421+05:00 DEBUG 1848 --- [http-nio-8089-exec-1] s.w.s.m.m.a.RequestMappingHandlerMapping : Mapped to com.codeneticx.nihaobackend.controller.V1Controller#getCourses()
2026-09-02T14:57:23.421+05:00 DEBUG 1848 --- [http-nio-8089-exec-1] s.w.s.m.m.a.RequestMappingHandlerMapping : Mapped to com.codeneticx.nihaobackend.controller.V1Controller#getCourses()
2026-09-02T14:57:23.421+05:00 DEBUG 1848 --- [http-nio-8089-exec-1] s.w.s.m.m.a.RequestMappingHandlerMapping : Mapped to com.codeneticx.nihaobackend.controller.V1Controller#getCourses()
2026-09-02T14:57:23.422+05:00 DEBUG 1848 --- [http-nio-8089-exec-1] s.w.s.m.m.a.RequestMappingHandlerMapping : Mapped to com.codeneticx.nihaobackend.controller.V1Controller#getCourses()
2026-09-02T14:57:23.422+05:00 DEBUG 1848 --- [http-nio-8089-exec-1] s.w.s.m.m.a.RequestMappingHandlerMapping : Mapped to com.codeneticx.nihaobackend.controller.V1Controller#getCourses()
2026-09-02T14:57:23.423+05:00 DEBUG 1848 --- [http-nio-8089-exec-1] o.s.s.w.a.Http403ForbiddenEntryPoint     : Pre-authenticated entry point called. Rejecting access
2026-09-02T14:57:23.426+05:00 DEBUG 1848 --- [http-nio-8089-exec-1] o.s.security.web.FilterChainProxy        : Securing GET /error
2026-09-02T14:57:23.428+05:00 DEBUG 1848 --- [http-nio-8089-exec-1] s.w.s.m.m.a.RequestMappingHandlerMapping : Mapped to org.springframework.boot.autoconfigure.web.servlet.error.BasicErrorController#error(HttpServletRequest)
2026-09-02T14:57:23.429+05:00 DEBUG 1848 --- [http-nio-8089-exec-1] s.w.s.m.m.a.RequestMappingHandlerMapping : Mapped to org.springframework.boot.autoconfigure.web.servlet.error.BasicErrorController#error(HttpServletRequest)
2026-09-02T14:57:23.430+05:00 DEBUG 1848 --- [http-nio-8089-exec-1] s.w.s.m.m.a.RequestMappingHandlerMapping : Mapped to org.springframework.boot.autoconfigure.web.servlet.error.BasicErrorController#error(HttpServletRequest)
2026-09-02T14:57:23.432+05:00 DEBUG 1848 --- [http-nio-8089-exec-1] s.w.s.m.m.a.RequestMappingHandlerMapping : Mapped to org.springframework.boot.autoconfigure.web.servlet.error.BasicErrorController#error(HttpServletRequest)
2026-09-02T14:57:23.434+05:00 DEBUG 1848 --- [http-nio-8089-exec-1] s.w.s.m.m.a.RequestMappingHandlerMapping : Mapped to org.springframework.boot.autoconfigure.web.servlet.error.BasicErrorController#error(HttpServletRequest)
2026-09-02T14:57:23.434+05:00 DEBUG 1848 --- [http-nio-8089-exec-1] s.w.s.m.m.a.RequestMappingHandlerMapping : Mapped to org.springframework.boot.autoconfigure.web.servlet.error.BasicErrorController#error(HttpServletRequest)
2026-09-02T14:57:23.435+05:00 DEBUG 1848 --- [http-nio-8089-exec-1] s.w.s.m.m.a.RequestMappingHandlerMapping : Mapped to org.springframework.boot.autoconfigure.web.servlet.error.BasicErrorController#error(HttpServletRequest)
2026-09-02T14:57:23.435+05:00 DEBUG 1848 --- [http-nio-8089-exec-1] s.w.s.m.m.a.RequestMappingHandlerMapping : Mapped to org.springframework.boot.autoconfigure.web.servlet.error.BasicErrorController#error(HttpServletRequest)
2026-09-02T14:57:23.435+05:00 DEBUG 1848 --- [http-nio-8089-exec-1] s.w.s.m.m.a.RequestMappingHandlerMapping : Mapped to org.springframework.boot.autoconfigure.web.servlet.error.BasicErrorController#error(HttpServletRequest)
2026-09-02T14:57:23.436+05:00 DEBUG 1848 --- [http-nio-8089-exec-1] s.w.s.m.m.a.RequestMappingHandlerMapping : Mapped to org.springframework.boot.autoconfigure.web.servlet.error.BasicErrorController#error(HttpServletRequest)
2026-09-02T14:57:23.436+05:00 DEBUG 1848 --- [http-nio-8089-exec-1] s.w.s.m.m.a.RequestMappingHandlerMapping : Mapped to org.springframework.boot.autoconfigure.web.servlet.error.BasicErrorController#error(HttpServletRequest)
2026-09-02T14:57:23.436+05:00 DEBUG 1848 --- [http-nio-8089-exec-1] o.s.s.w.a.AnonymousAuthenticationFilter  : Set SecurityContextHolder to anonymous SecurityContext
2026-09-02T14:57:23.436+05:00 DEBUG 1848 --- [http-nio-8089-exec-1] o.s.s.w.a.Http403ForbiddenEntryPoint     : Pre-authenticated entry point called. Rejecting access
2026-09-02T14:57:23.502+05:00 DEBUG 1848 --- [http-nio-8089-exec-2] o.s.security.web.FilterChainProxy        : Securing GET /v1/api/vocabulary
2026-09-02T14:57:23.502+05:00 DEBUG 1848 --- [http-nio-8089-exec-2] o.s.s.w.a.AnonymousAuthenticationFilter  : Set SecurityContextHolder to anonymous SecurityContext
2026-09-02T14:57:23.502+05:00 DEBUG 1848 --- [http-nio-8089-exec-2] s.w.s.m.m.a.RequestMappingHandlerMapping : Mapped to com.codeneticx.nihaobackend.controller.V1ApiController#getVocabulary(Integer, String)
2026-09-02T14:57:23.503+05:00 DEBUG 1848 --- [http-nio-8089-exec-2] s.w.s.m.m.a.RequestMappingHandlerMapping : Mapped to com.codeneticx.nihaobackend.controller.V1ApiController#getVocabulary(Integer, String)
2026-09-02T14:57:23.503+05:00 DEBUG 1848 --- [http-nio-8089-exec-2] s.w.s.m.m.a.RequestMappingHandlerMapping : Mapped to com.codeneticx.nihaobackend.controller.V1ApiController#getVocabulary(Integer, String)
2026-09-02T14:57:23.503+05:00 DEBUG 1848 --- [http-nio-8089-exec-2] s.w.s.m.m.a.RequestMappingHandlerMapping : Mapped to com.codeneticx.nihaobackend.controller.V1ApiController#getVocabulary(Integer, String)
2026-09-02T14:57:23.504+05:00 DEBUG 1848 --- [http-nio-8089-exec-2] s.w.s.m.m.a.RequestMappingHandlerMapping : Mapped to com.codeneticx.nihaobackend.controller.V1ApiController#getVocabulary(Integer, String)
2026-09-02T14:57:23.504+05:00 DEBUG 1848 --- [http-nio-8089-exec-2] s.w.s.m.m.a.RequestMappingHandlerMapping : Mapped to com.codeneticx.nihaobackend.controller.V1ApiController#getVocabulary(Integer, String)
2026-09-02T14:57:23.504+05:00 DEBUG 1848 --- [http-nio-8089-exec-2] s.w.s.m.m.a.RequestMappingHandlerMapping : Mapped to com.codeneticx.nihaobackend.controller.V1ApiController#getVocabulary(Integer, String)
2026-09-02T14:57:23.505+05:00 DEBUG 1848 --- [http-nio-8089-exec-2] s.w.s.m.m.a.RequestMappingHandlerMapping : Mapped to com.codeneticx.nihaobackend.controller.V1ApiController#getVocabulary(Integer, String)
2026-09-02T14:57:23.505+05:00 DEBUG 1848 --- [http-nio-8089-exec-2] s.w.s.m.m.a.RequestMappingHandlerMapping : Mapped to com.codeneticx.nihaobackend.controller.V1ApiController#getVocabulary(Integer, String)
2026-09-02T14:57:23.505+05:00 DEBUG 1848 --- [http-nio-8089-exec-2] s.w.s.m.m.a.RequestMappingHandlerMapping : Mapped to com.codeneticx.nihaobackend.controller.V1ApiController#getVocabulary(Integer, String)
2026-09-02T14:57:23.506+05:00 DEBUG 1848 --- [http-nio-8089-exec-2] s.w.s.m.m.a.RequestMappingHandlerMapping : Mapped to com.codeneticx.nihaobackend.controller.V1ApiController#getVocabulary(Integer, String)
2026-09-02T14:57:23.506+05:00 DEBUG 1848 --- [http-nio-8089-exec-2] o.s.s.w.a.Http403ForbiddenEntryPoint     : Pre-authenticated entry point called. Rejecting access
2026-09-02T14:57:23.507+05:00 DEBUG 1848 --- [http-nio-8089-exec-2] o.s.security.web.FilterChainProxy        : Securing GET /error
2026-09-02T14:57:23.507+05:00 DEBUG 1848 --- [http-nio-8089-exec-2] s.w.s.m.m.a.RequestMappingHandlerMapping : Mapped to org.springframework.boot.autoconfigure.web.servlet.error.BasicErrorController#error(HttpServletRequest)
2026-09-02T14:57:23.508+05:00 DEBUG 1848 --- [http-nio-8089-exec-2] s.w.s.m.m.a.RequestMappingHandlerMapping : Mapped to org.springframework.boot.autoconfigure.web.servlet.error.BasicErrorController#error(HttpServletRequest)
2026-09-02T14:57:23.508+05:00 DEBUG 1848 --- [http-nio-8089-exec-2] s.w.s.m.m.a.RequestMappingHandlerMapping : Mapped to org.springframework.boot.autoconfigure.web.servlet.error.BasicErrorController#error(HttpServletRequest)
2026-09-02T14:57:23.508+05:00 DEBUG 1848 --- [http-nio-8089-exec-2] s.w.s.m.m.a.RequestMappingHandlerMapping : Mapped to org.springframework.boot.autoconfigure.web.servlet.error.BasicErrorController#error(HttpServletRequest)
2026-09-02T14:57:23.509+05:00 DEBUG 1848 --- [http-nio-8089-exec-2] s.w.s.m.m.a.RequestMappingHandlerMapping : Mapped to org.springframework.boot.autoconfigure.web.servlet.error.BasicErrorController#error(HttpServletRequest)
2026-09-02T14:57:23.509+05:00 DEBUG 1848 --- [http-nio-8089-exec-2] s.w.s.m.m.a.RequestMappingHandlerMapping : Mapped to org.springframework.boot.autoconfigure.web.servlet.error.BasicErrorController#error(HttpServletRequest)
2026-09-02T14:57:23.509+05:00 DEBUG 1848 --- [http-nio-8089-exec-2] s.w.s.m.m.a.RequestMappingHandlerMapping : Mapped to org.springframework.boot.autoconfigure.web.servlet.error.BasicErrorController#error(HttpServletRequest)
2026-09-02T14:57:23.509+05:00 DEBUG 1848 --- [http-nio-8089-exec-2] s.w.s.m.m.a.RequestMappingHandlerMapping : Mapped to org.springframework.boot.autoconfigure.web.servlet.error.BasicErrorController#error(HttpServletRequest)
2026-09-02T14:57:23.510+05:00 DEBUG 1848 --- [http-nio-8089-exec-2] s.w.s.m.m.a.RequestMappingHandlerMapping : Mapped to org.springframework.boot.autoconfigure.web.servlet.error.BasicErrorController#error(HttpServletRequest)
2026-09-02T14:57:23.510+05:00 DEBUG 1848 --- [http-nio-8089-exec-2] s.w.s.m.m.a.RequestMappingHandlerMapping : Mapped to org.springframework.boot.autoconfigure.web.servlet.error.BasicErrorController#error(HttpServletRequest)
2026-09-02T14:57:23.510+05:00 DEBUG 1848 --- [http-nio-8089-exec-2] s.w.s.m.m.a.RequestMappingHandlerMapping : Mapped to org.springframework.boot.autoconfigure.web.servlet.error.BasicErrorController#error(HttpServletRequest)
2026-09-02T14:57:23.510+05:00 DEBUG 1848 --- [http-nio-8089-exec-2] o.s.s.w.a.AnonymousAuthenticationFilter  : Set SecurityContextHolder to anonymous SecurityContext
2026-09-02T14:57:23.510+05:00 DEBUG 1848 --- [http-nio-8089-exec-2] o.s.s.w.a.Http403ForbiddenEntryPoint     : Pre-authenticated entry point called. Rejecting access
2026-09-02T14:57:23.918+05:00 DEBUG 1848 --- [http-nio-8089-exec-3] o.s.security.web.FilterChainProxy        : Securing GET /v1/courses
2026-09-02T14:57:23.919+05:00 DEBUG 1848 --- [http-nio-8089-exec-3] o.s.s.w.a.AnonymousAuthenticationFilter  : Set SecurityContextHolder to anonymous SecurityContext
2026-09-02T14:57:23.919+05:00 DEBUG 1848 --- [http-nio-8089-exec-3] s.w.s.m.m.a.RequestMappingHandlerMapping : Mapped to com.codeneticx.nihaobackend.controller.V1Controller#getCourses()
2026-09-02T14:57:23.919+05:00 DEBUG 1848 --- [http-nio-8089-exec-3] s.w.s.m.m.a.RequestMappingHandlerMapping : Mapped to com.codeneticx.nihaobackend.controller.V1Controller#getCourses()
2026-09-02T14:57:23.919+05:00 DEBUG 1848 --- [http-nio-8089-exec-3] s.w.s.m.m.a.RequestMappingHandlerMapping : Mapped to com.codeneticx.nihaobackend.controller.V1Controller#getCourses()
2026-09-02T14:57:23.919+05:00 DEBUG 1848 --- [http-nio-8089-exec-3] s.w.s.m.m.a.RequestMappingHandlerMapping : Mapped to com.codeneticx.nihaobackend.controller.V1Controller#getCourses()
2026-09-02T14:57:23.919+05:00 DEBUG 1848 --- [http-nio-8089-exec-3] s.w.s.m.m.a.RequestMappingHandlerMapping : Mapped to com.codeneticx.nihaobackend.controller.V1Controller#getCourses()
2026-09-02T14:57:23.919+05:00 DEBUG 1848 --- [http-nio-8089-exec-3] s.w.s.m.m.a.RequestMappingHandlerMapping : Mapped to com.codeneticx.nihaobackend.controller.V1Controller#getCourses()
2026-09-02T14:57:23.919+05:00 DEBUG 1848 --- [http-nio-8089-exec-3] s.w.s.m.m.a.RequestMappingHandlerMapping : Mapped to com.codeneticx.nihaobackend.controller.V1Controller#getCourses()
2026-09-02T14:57:23.920+05:00 DEBUG 1848 --- [http-nio-8089-exec-3] s.w.s.m.m.a.RequestMappingHandlerMapping : Mapped to com.codeneticx.nihaobackend.controller.V1Controller#getCourses()
2026-09-02T14:57:23.920+05:00 DEBUG 1848 --- [http-nio-8089-exec-3] s.w.s.m.m.a.RequestMappingHandlerMapping : Mapped to com.codeneticx.nihaobackend.controller.V1Controller#getCourses()
2026-09-02T14:57:23.920+05:00 DEBUG 1848 --- [http-nio-8089-exec-3] s.w.s.m.m.a.RequestMappingHandlerMapping : Mapped to com.codeneticx.nihaobackend.controller.V1Controller#getCourses()
2026-09-02T14:57:23.920+05:00 DEBUG 1848 --- [http-nio-8089-exec-3] s.w.s.m.m.a.RequestMappingHandlerMapping : Mapped to com.codeneticx.nihaobackend.controller.V1Controller#getCourses()
2026-09-02T14:57:23.920+05:00 DEBUG 1848 --- [http-nio-8089-exec-3] o.s.s.w.a.Http403ForbiddenEntryPoint     : Pre-authenticated entry point called. Rejecting access
2026-09-02T14:57:23.921+05:00 DEBUG 1848 --- [http-nio-8089-exec-3] o.s.security.web.FilterChainProxy        : Securing GET /error
2026-09-02T14:57:23.921+05:00 DEBUG 1848 --- [http-nio-8089-exec-3] s.w.s.m.m.a.RequestMappingHandlerMapping : Mapped to org.springframework.boot.autoconfigure.web.servlet.error.BasicErrorController#error(HttpServletRequest)
2026-09-02T14:57:23.921+05:00 DEBUG 1848 --- [http-nio-8089-exec-3] s.w.s.m.m.a.RequestMappingHandlerMapping : Mapped to org.springframework.boot.autoconfigure.web.servlet.error.BasicErrorController#error(HttpServletRequest)
2026-09-02T14:57:23.921+05:00 DEBUG 1848 --- [http-nio-8089-exec-3] s.w.s.m.m.a.RequestMappingHandlerMapping : Mapped to org.springframework.boot.autoconfigure.web.servlet.error.BasicErrorController#error(HttpServletRequest)
2026-09-02T14:57:23.921+05:00 DEBUG 1848 --- [http-nio-8089-exec-3] s.w.s.m.m.a.RequestMappingHandlerMapping : Mapped to org.springframework.boot.autoconfigure.web.servlet.error.BasicErrorController#error(HttpServletRequest)
2026-09-02T14:57:23.922+05:00 DEBUG 1848 --- [http-nio-8089-exec-3] s.w.s.m.m.a.RequestMappingHandlerMapping : Mapped to org.springframework.boot.autoconfigure.web.servlet.error.BasicErrorController#error(HttpServletRequest)
2026-09-02T14:57:23.922+05:00 DEBUG 1848 --- [http-nio-8089-exec-3] s.w.s.m.m.a.RequestMappingHandlerMapping : Mapped to org.springframework.boot.autoconfigure.web.servlet.error.BasicErrorController#error(HttpServletRequest)
2026-09-02T14:57:23.922+05:00 DEBUG 1848 --- [http-nio-8089-exec-3] s.w.s.m.m.a.RequestMappingHandlerMapping : Mapped to org.springframework.boot.autoconfigure.web.servlet.error.BasicErrorController#error(HttpServletRequest)
2026-09-02T14:57:23.922+05:00 DEBUG 1848 --- [http-nio-8089-exec-3] s.w.s.m.m.a.RequestMappingHandlerMapping : Mapped to org.springframework.boot.autoconfigure.web.servlet.error.BasicErrorController#error(HttpServletRequest)
2026-09-02T14:57:23.922+05:00 DEBUG 1848 --- [http-nio-8089-exec-3] s.w.s.m.m.a.RequestMappingHandlerMapping : Mapped to org.springframework.boot.autoconfigure.web.servlet.error.BasicErrorController#error(HttpServletRequest)
2026-09-02T14:57:23.923+05:00 DEBUG 1848 --- [http-nio-8089-exec-3] s.w.s.m.m.a.RequestMappingHandlerMapping : Mapped to org.springframework.boot.autoconfigure.web.servlet.error.BasicErrorController#error(HttpServletRequest)
2026-09-02T14:57:23.923+05:00 DEBUG 1848 --- [http-nio-8089-exec-3] s.w.s.m.m.a.RequestMappingHandlerMapping : Mapped to org.springframework.boot.autoconfigure.web.servlet.error.BasicErrorController#error(HttpServletRequest)
2026-09-02T14:57:23.923+05:00 DEBUG 1848 --- [http-nio-8089-exec-3] o.s.s.w.a.AnonymousAuthenticationFilter  : Set SecurityContextHolder to anonymous SecurityContext
2026-09-02T14:57:23.923+05:00 DEBUG 1848 --- [http-nio-8089-exec-3] o.s.s.w.a.Http403ForbiddenEntryPoint     : Pre-authenticated entry point called. Rejecting access
2026-09-02T14:57:25.005+05:00 DEBUG 1848 --- [http-nio-8089-exec-4] o.s.security.web.FilterChainProxy        : Securing GET /v1/courses
2026-09-02T14:57:25.005+05:00 DEBUG 1848 --- [http-nio-8089-exec-4] o.s.s.w.a.AnonymousAuthenticationFilter  : Set SecurityContextHolder to anonymous SecurityContext
2026-09-02T14:57:25.006+05:00 DEBUG 1848 --- [http-nio-8089-exec-4] s.w.s.m.m.a.RequestMappingHandlerMapping : Mapped to com.codeneticx.nihaobackend.controller.V1Controller#getCourses()
2026-09-02T14:57:25.006+05:00 DEBUG 1848 --- [http-nio-8089-exec-4] s.w.s.m.m.a.RequestMappingHandlerMapping : Mapped to com.codeneticx.nihaobackend.controller.V1Controller#getCourses()
2026-09-02T14:57:25.006+05:00 DEBUG 1848 --- [http-nio-8089-exec-4] s.w.s.m.m.a.RequestMappingHandlerMapping : Mapped to com.codeneticx.nihaobackend.controller.V1Controller#getCourses()
2026-09-02T14:57:25.007+05:00 DEBUG 1848 --- [http-nio-8089-exec-4] s.w.s.m.m.a.RequestMappingHandlerMapping : Mapped to com.codeneticx.nihaobackend.controller.V1Controller#getCourses()
2026-09-02T14:57:25.007+05:00 DEBUG 1848 --- [http-nio-8089-exec-4] s.w.s.m.m.a.RequestMappingHandlerMapping : Mapped to com.codeneticx.nihaobackend.controller.V1Controller#getCourses()
2026-09-02T14:57:25.008+05:00 DEBUG 1848 --- [http-nio-8089-exec-4] s.w.s.m.m.a.RequestMappingHandlerMapping : Mapped to com.codeneticx.nihaobackend.controller.V1Controller#getCourses()
2026-09-02T14:57:25.008+05:00 DEBUG 1848 --- [http-nio-8089-exec-4] s.w.s.m.m.a.RequestMappingHandlerMapping : Mapped to com.codeneticx.nihaobackend.controller.V1Controller#getCourses()
2026-09-02T14:57:25.008+05:00 DEBUG 1848 --- [http-nio-8089-exec-4] s.w.s.m.m.a.RequestMappingHandlerMapping : Mapped to com.codeneticx.nihaobackend.controller.V1Controller#getCourses()
2026-09-02T14:57:25.009+05:00 DEBUG 1848 --- [http-nio-8089-exec-4] s.w.s.m.m.a.RequestMappingHandlerMapping : Mapped to com.codeneticx.nihaobackend.controller.V1Controller#getCourses()
2026-09-02T14:57:25.010+05:00 DEBUG 1848 --- [http-nio-8089-exec-4] s.w.s.m.m.a.RequestMappingHandlerMapping : Mapped to com.codeneticx.nihaobackend.controller.V1Controller#getCourses()
2026-09-02T14:57:25.011+05:00 DEBUG 1848 --- [http-nio-8089-exec-4] s.w.s.m.m.a.RequestMappingHandlerMapping : Mapped to com.codeneticx.nihaobackend.controller.V1Controller#getCourses()
2026-09-02T14:57:25.011+05:00 DEBUG 1848 --- [http-nio-8089-exec-4] o.s.s.w.a.Http403ForbiddenEntryPoint     : Pre-authenticated entry point called. Rejecting access
2026-09-02T14:57:25.011+05:00 DEBUG 1848 --- [http-nio-8089-exec-4] o.s.security.web.FilterChainProxy        : Securing GET /error
2026-09-02T14:57:25.012+05:00 DEBUG 1848 --- [http-nio-8089-exec-4] s.w.s.m.m.a.RequestMappingHandlerMapping : Mapped to org.springframework.boot.autoconfigure.web.servlet.error.BasicErrorController#error(HttpServletRequest)
2026-09-02T14:57:25.012+05:00 DEBUG 1848 --- [http-nio-8089-exec-4] s.w.s.m.m.a.RequestMappingHandlerMapping : Mapped to org.springframework.boot.autoconfigure.web.servlet.error.BasicErrorController#error(HttpServletRequest)
2026-09-02T14:57:25.013+05:00 DEBUG 1848 --- [http-nio-8089-exec-4] s.w.s.m.m.a.RequestMappingHandlerMapping : Mapped to org.springframework.boot.autoconfigure.web.servlet.error.BasicErrorController#error(HttpServletRequest)
2026-09-02T14:57:25.013+05:00 DEBUG 1848 --- [http-nio-8089-exec-4] s.w.s.m.m.a.RequestMappingHandlerMapping : Mapped to org.springframework.boot.autoconfigure.web.servlet.error.BasicErrorController#error(HttpServletRequest)
2026-09-02T14:57:25.014+05:00 DEBUG 1848 --- [http-nio-8089-exec-4] s.w.s.m.m.a.RequestMappingHandlerMapping : Mapped to org.springframework.boot.autoconfigure.web.servlet.error.BasicErrorController#error(HttpServletRequest)
2026-09-02T14:57:25.014+05:00 DEBUG 1848 --- [http-nio-8089-exec-4] s.w.s.m.m.a.RequestMappingHandlerMapping : Mapped to org.springframework.boot.autoconfigure.web.servlet.error.BasicErrorController#error(HttpServletRequest)
2026-09-02T14:57:25.014+05:00 DEBUG 1848 --- [http-nio-8089-exec-4] s.w.s.m.m.a.RequestMappingHandlerMapping : Mapped to org.springframework.boot.autoconfigure.web.servlet.error.BasicErrorController#error(HttpServletRequest)
2026-09-02T14:57:25.014+05:00 DEBUG 1848 --- [http-nio-8089-exec-4] s.w.s.m.m.a.RequestMappingHandlerMapping : Mapped to org.springframework.boot.autoconfigure.web.servlet.error.BasicErrorController#error(HttpServletRequest)
2026-09-02T14:57:25.014+05:00 DEBUG 1848 --- [http-nio-8089-exec-4] s.w.s.m.m.a.RequestMappingHandlerMapping : Mapped to org.springframework.boot.autoconfigure.web.servlet.error.BasicErrorController#error(HttpServletRequest)
2026-09-02T14:57:25.015+05:00 DEBUG 1848 --- [http-nio-8089-exec-4] s.w.s.m.m.a.RequestMappingHandlerMapping : Mapped to org.springframework.boot.autoconfigure.web.servlet.error.BasicErrorController#error(HttpServletRequest)
2026-09-02T14:57:25.015+05:00 DEBUG 1848 --- [http-nio-8089-exec-4] s.w.s.m.m.a.RequestMappingHandlerMapping : Mapped to org.springframework.boot.autoconfigure.web.servlet.error.BasicErrorController#error(HttpServletRequest)
2026-09-02T14:57:25.015+05:00 DEBUG 1848 --- [http-nio-8089-exec-4] o.s.s.w.a.AnonymousAuthenticationFilter  : Set SecurityContextHolder to anonymous SecurityContext
2026-09-02T14:57:25.015+05:00 DEBUG 1848 --- [http-nio-8089-exec-4] o.s.s.w.a.Http403ForbiddenEntryPoint     : Pre-authenticated entry point called. Rejecting access
2026-09-02T14:57:25.851+05:00 DEBUG 1848 --- [http-nio-8089-exec-5] o.s.security.web.FilterChainProxy        : Securing GET /v1/courses
2026-09-02T14:57:25.852+05:00 DEBUG 1848 --- [http-nio-8089-exec-5] o.s.s.w.a.AnonymousAuthenticationFilter  : Set SecurityContextHolder to anonymous SecurityContext
2026-09-02T14:57:25.852+05:00 DEBUG 1848 --- [http-nio-8089-exec-5] s.w.s.m.m.a.RequestMappingHandlerMapping : Mapped to com.codeneticx.nihaobackend.controller.V1Controller#getCourses()
2026-09-02T14:57:25.852+05:00 DEBUG 1848 --- [http-nio-8089-exec-5] s.w.s.m.m.a.RequestMappingHandlerMapping : Mapped to com.codeneticx.nihaobackend.controller.V1Controller#getCourses()
2026-09-02T14:57:25.852+05:00 DEBUG 1848 --- [http-nio-8089-exec-5] s.w.s.m.m.a.RequestMappingHandlerMapping : Mapped to com.codeneticx.nihaobackend.controller.V1Controller#getCourses()
2026-09-02T14:57:25.852+05:00 DEBUG 1848 --- [http-nio-8089-exec-5] s.w.s.m.m.a.RequestMappingHandlerMapping : Mapped to com.codeneticx.nihaobackend.controller.V1Controller#getCourses()
2026-09-02T14:57:25.853+05:00 DEBUG 1848 --- [http-nio-8089-exec-5] s.w.s.m.m.a.RequestMappingHandlerMapping : Mapped to com.codeneticx.nihaobackend.controller.V1Controller#getCourses()
2026-09-02T14:57:25.853+05:00 DEBUG 1848 --- [http-nio-8089-exec-5] s.w.s.m.m.a.RequestMappingHandlerMapping : Mapped to com.codeneticx.nihaobackend.controller.V1Controller#getCourses()
2026-09-02T14:57:25.853+05:00 DEBUG 1848 --- [http-nio-8089-exec-5] s.w.s.m.m.a.RequestMappingHandlerMapping : Mapped to com.codeneticx.nihaobackend.controller.V1Controller#getCourses()
2026-09-02T14:57:25.853+05:00 DEBUG 1848 --- [http-nio-8089-exec-5] s.w.s.m.m.a.RequestMappingHandlerMapping : Mapped to com.codeneticx.nihaobackend.controller.V1Controller#getCourses()
2026-09-02T14:57:25.853+05:00 DEBUG 1848 --- [http-nio-8089-exec-5] s.w.s.m.m.a.RequestMappingHandlerMapping : Mapped to com.codeneticx.nihaobackend.controller.V1Controller#getCourses()
2026-09-02T14:57:25.855+05:00 DEBUG 1848 --- [http-nio-8089-exec-5] s.w.s.m.m.a.RequestMappingHandlerMapping : Mapped to com.codeneticx.nihaobackend.controller.V1Controller#getCourses()
2026-09-02T14:57:25.855+05:00 DEBUG 1848 --- [http-nio-8089-exec-5] s.w.s.m.m.a.RequestMappingHandlerMapping : Mapped to com.codeneticx.nihaobackend.controller.V1Controller#getCourses()
2026-09-02T14:57:25.855+05:00 DEBUG 1848 --- [http-nio-8089-exec-5] o.s.s.w.a.Http403ForbiddenEntryPoint     : Pre-authenticated entry point called. Rejecting access
2026-09-02T14:57:25.855+05:00 DEBUG 1848 --- [http-nio-8089-exec-5] o.s.security.web.FilterChainProxy        : Securing GET /error
2026-09-02T14:57:25.856+05:00 DEBUG 1848 --- [http-nio-8089-exec-5] s.w.s.m.m.a.RequestMappingHandlerMapping : Mapped to org.springframework.boot.autoconfigure.web.servlet.error.BasicErrorController#error(HttpServletRequest)
2026-09-02T14:57:25.856+05:00 DEBUG 1848 --- [http-nio-8089-exec-5] s.w.s.m.m.a.RequestMappingHandlerMapping : Mapped to org.springframework.boot.autoconfigure.web.servlet.error.BasicErrorController#error(HttpServletRequest)
2026-09-02T14:57:25.856+05:00 DEBUG 1848 --- [http-nio-8089-exec-5] s.w.s.m.m.a.RequestMappingHandlerMapping : Mapped to org.springframework.boot.autoconfigure.web.servlet.error.BasicErrorController#error(HttpServletRequest)
2026-09-02T14:57:25.856+05:00 DEBUG 1848 --- [http-nio-8089-exec-5] s.w.s.m.m.a.RequestMappingHandlerMapping : Mapped to org.springframework.boot.autoconfigure.web.servlet.error.BasicErrorController#error(HttpServletRequest)
2026-09-02T14:57:25.856+05:00 DEBUG 1848 --- [http-nio-8089-exec-5] s.w.s.m.m.a.RequestMappingHandlerMapping : Mapped to org.springframework.boot.autoconfigure.web.servlet.error.BasicErrorController#error(HttpServletRequest)
2026-09-02T14:57:25.856+05:00 DEBUG 1848 --- [http-nio-8089-exec-5] s.w.s.m.m.a.RequestMappingHandlerMapping : Mapped to org.springframework.boot.autoconfigure.web.servlet.error.BasicErrorController#error(HttpServletRequest)
2026-09-02T14:57:25.857+05:00 DEBUG 1848 --- [http-nio-8089-exec-5] s.w.s.m.m.a.RequestMappingHandlerMapping : Mapped to org.springframework.boot.autoconfigure.web.servlet.error.BasicErrorController#error(HttpServletRequest)
2026-09-02T14:57:25.857+05:00 DEBUG 1848 --- [http-nio-8089-exec-5] s.w.s.m.m.a.RequestMappingHandlerMapping : Mapped to org.springframework.boot.autoconfigure.web.servlet.error.BasicErrorController#error(HttpServletRequest)
2026-09-02T14:57:25.857+05:00 DEBUG 1848 --- [http-nio-8089-exec-5] s.w.s.m.m.a.RequestMappingHandlerMapping : Mapped to org.springframework.boot.autoconfigure.web.servlet.error.BasicErrorController#error(HttpServletRequest)
2026-09-02T14:57:25.857+05:00 DEBUG 1848 --- [http-nio-8089-exec-5] s.w.s.m.m.a.RequestMappingHandlerMapping : Mapped to org.springframework.boot.autoconfigure.web.servlet.error.BasicErrorController#error(HttpServletRequest)
2026-09-02T14:57:25.857+05:00 DEBUG 1848 --- [http-nio-8089-exec-5] s.w.s.m.m.a.RequestMappingHandlerMapping : Mapped to org.springframework.boot.autoconfigure.web.servlet.error.BasicErrorController#error(HttpServletRequest)
2026-09-02T14:57:25.857+05:00 DEBUG 1848 --- [http-nio-8089-exec-5] o.s.s.w.a.AnonymousAuthenticationFilter  : Set SecurityContextHolder to anonymous SecurityContext
2026-09-02T14:57:25.857+05:00 DEBUG 1848 --- [http-nio-8089-exec-5] o.s.s.w.a.Http403ForbiddenEntryPoint     : Pre-authenticated entry point called. Rejecting access
2026-09-02T14:57:43.972+05:00 DEBUG 1848 --- [HikariPool-1 housekeeper] com.zaxxer.hikari.pool.HikariPool        : HikariPool-1 - Pool stats (total=10, active=0, idle=10, waiting=0)
2026-09-02T14:57:43.972+05:00 DEBUG 1848 --- [HikariPool-1 housekeeper] com.zaxxer.hikari.pool.HikariPool        : HikariPool-1 - Fill pool skipped, pool has sufficient level or currently being filled (queueDepth=0).
2026-09-02T14:58:13.984+05:00 DEBUG 1848 --- [HikariPool-1 housekeeper] com.zaxxer.hikari.pool.HikariPool        : HikariPool-1 - Pool stats (total=10, active=0, idle=10, waiting=0)
2026-09-02T14:58:13.984+05:00 DEBUG 1848 --- [HikariPool-1 housekeeper] com.zaxxer.hikari.pool.HikariPool        : HikariPool-1 - Fill pool skipped, pool has sufficient level or currently being filled (queueDepth=0).
2026-09-02T14:58:43.992+05:00 DEBUG 1848 --- [HikariPool-1 housekeeper] com.zaxxer.hikari.pool.HikariPool        : HikariPool-1 - Pool stats (total=10, active=0, idle=10, waiting=0)
2026-09-02T14:58:43.993+05:00 DEBUG 1848 --- [HikariPool-1 housekeeper] com.zaxxer.hikari.pool.HikariPool        : HikariPool-1 - Fill pool skipped, pool has sufficient level or currently being filled (queueDepth=0).
2026-09-02T14:59:14.008+05:00 DEBUG 1848 --- [HikariPool-1 housekeeper] com.zaxxer.hikari.pool.HikariPool        : HikariPool-1 - Pool stats (total=10, active=0, idle=10, waiting=0)
2026-09-02T14:59:14.008+05:00 DEBUG 1848 --- [HikariPool-1 housekeeper] com.zaxxer.hikari.pool.HikariPool        : HikariPool-1 - Fill pool skipped, pool has sufficient level or currently being filled (queueDepth=0).
2026-09-02T14:59:44.010+05:00 DEBUG 1848 --- [HikariPool-1 housekeeper] com.zaxxer.hikari.pool.HikariPool        : HikariPool-1 - Pool stats (total=10, active=0, idle=10, waiting=0)
2026-09-02T14:59:44.011+05:00 DEBUG 1848 --- [HikariPool-1 housekeeper] com.zaxxer.hikari.pool.HikariPool        : HikariPool-1 - Fill pool skipped, pool has sufficient level or currently being filled (queueDepth=0).
2026-09-02T15:00:14.022+05:00 DEBUG 1848 --- [HikariPool-1 housekeeper] com.zaxxer.hikari.pool.HikariPool        : HikariPool-1 - Pool stats (total=10, active=0, idle=10, waiting=0)
2026-09-02T15:00:14.022+05:00 DEBUG 1848 --- [HikariPool-1 housekeeper] com.zaxxer.hikari.pool.HikariPool        : HikariPool-1 - Fill pool skipped, pool has sufficient level or currently being filled (queueDepth=0).
2026-09-02T15:00:44.025+05:00 DEBUG 1848 --- [HikariPool-1 housekeeper] com.zaxxer.hikari.pool.HikariPool        : HikariPool-1 - Pool stats (total=10, active=0, idle=10, waiting=0)
2026-09-02T15:00:44.026+05:00 DEBUG 1848 --- [HikariPool-1 housekeeper] com.zaxxer.hikari.pool.HikariPool        : HikariPool-1 - Fill pool skipped, pool has sufficient level or currently being filled (queueDepth=0).
2026-09-02T15:01:14.027+05:00 DEBUG 1848 --- [HikariPool-1 housekeeper] com.zaxxer.hikari.pool.HikariPool        : HikariPool-1 - Pool stats (total=10, active=0, idle=10, waiting=0)
2026-09-02T15:01:14.027+05:00 DEBUG 1848 --- [HikariPool-1 housekeeper] com.zaxxer.hikari.pool.HikariPool        : HikariPool-1 - Fill pool skipped, pool has sufficient level or currently being filled (queueDepth=0).
2026-09-02T15:01:44.031+05:00 DEBUG 1848 --- [HikariPool-1 housekeeper] com.zaxxer.hikari.pool.HikariPool        : HikariPool-1 - Pool stats (total=10, active=0, idle=10, waiting=0)
2026-09-02T15:01:44.032+05:00 DEBUG 1848 --- [HikariPool-1 housekeeper] com.zaxxer.hikari.pool.HikariPool        : HikariPool-1 - Fill pool skipped, pool has sufficient level or currently being filled (queueDepth=0).
2026-09-02T15:02:14.034+05:00 DEBUG 1848 --- [HikariPool-1 housekeeper] com.zaxxer.hikari.pool.HikariPool        : HikariPool-1 - Pool stats (total=10, active=0, idle=10, waiting=0)
2026-09-02T15:02:14.035+05:00 DEBUG 1848 --- [HikariPool-1 housekeeper] com.zaxxer.hikari.pool.HikariPool        : HikariPool-1 - Fill pool skipped, pool has sufficient level or currently being filled (queueDepth=0).
2026-09-02T15:02:44.049+05:00 DEBUG 1848 --- [HikariPool-1 housekeeper] com.zaxxer.hikari.pool.HikariPool        : HikariPool-1 - Pool stats (total=10, active=0, idle=10, waiting=0)
2026-09-02T15:02:44.049+05:00 DEBUG 1848 --- [HikariPool-1 housekeeper] com.zaxxer.hikari.pool.HikariPool        : HikariPool-1 - Fill pool skipped, pool has sufficient level or currently being filled (queueDepth=0).
2026-09-02T15:03:14.052+05:00 DEBUG 1848 --- [HikariPool-1 housekeeper] com.zaxxer.hikari.pool.HikariPool        : HikariPool-1 - Pool stats (total=10, active=0, idle=10, waiting=0)
2026-09-02T15:03:14.052+05:00 DEBUG 1848 --- [HikariPool-1 housekeeper] com.zaxxer.hikari.pool.HikariPool        : HikariPool-1 - Fill pool skipped, pool has sufficient level or currently being filled (queueDepth=0).
2026-09-02T15:03:44.062+05:00 DEBUG 1848 --- [HikariPool-1 housekeeper] com.zaxxer.hikari.pool.HikariPool        : HikariPool-1 - Pool stats (total=10, active=0, idle=10, waiting=0)
2026-09-02T15:03:44.062+05:00 DEBUG 1848 --- [HikariPool-1 housekeeper] com.zaxxer.hikari.pool.HikariPool        : HikariPool-1 - Fill pool skipped, pool has sufficient level or currently being filled (queueDepth=0).
2026-09-02T15:04:14.074+05:00 DEBUG 1848 --- [HikariPool-1 housekeeper] com.zaxxer.hikari.pool.HikariPool        : HikariPool-1 - Pool stats (total=10, active=0, idle=10, waiting=0)
2026-09-02T15:04:14.074+05:00 DEBUG 1848 --- [HikariPool-1 housekeeper] com.zaxxer.hikari.pool.HikariPool        : HikariPool-1 - Fill pool skipped, pool has sufficient level or currently being filled (queueDepth=0).
2026-09-02T15:04:44.076+05:00 DEBUG 1848 --- [HikariPool-1 housekeeper] com.zaxxer.hikari.pool.HikariPool        : HikariPool-1 - Pool stats (total=10, active=0, idle=10, waiting=0)
2026-09-02T15:04:44.076+05:00 DEBUG 1848 --- [HikariPool-1 housekeeper] com.zaxxer.hikari.pool.HikariPool        : HikariPool-1 - Fill pool skipped, pool has sufficient level or currently being filled (queueDepth=0).
2026-09-02T15:05:14.078+05:00 DEBUG 1848 --- [HikariPool-1 housekeeper] com.zaxxer.hikari.pool.HikariPool        : HikariPool-1 - Pool stats (total=10, active=0, idle=10, waiting=0)
2026-09-02T15:05:14.079+05:00 DEBUG 1848 --- [HikariPool-1 housekeeper] com.zaxxer.hikari.pool.HikariPool        : HikariPool-1 - Fill pool skipped, pool has sufficient level or currently being filled (queueDepth=0).
2026-09-02T15:05:44.092+05:00 DEBUG 1848 --- [HikariPool-1 housekeeper] com.zaxxer.hikari.pool.HikariPool        : HikariPool-1 - Pool stats (total=10, active=0, idle=10, waiting=0)
2026-09-02T15:05:44.092+05:00 DEBUG 1848 --- [HikariPool-1 housekeeper] com.zaxxer.hikari.pool.HikariPool        : HikariPool-1 - Fill pool skipped, pool has sufficient level or currently being filled (queueDepth=0).
2026-09-02T15:06:14.096+05:00 DEBUG 1848 --- [HikariPool-1 housekeeper] com.zaxxer.hikari.pool.HikariPool        : HikariPool-1 - Pool stats (total=10, active=0, idle=10, waiting=0)
2026-09-02T15:06:14.096+05:00 DEBUG 1848 --- [HikariPool-1 housekeeper] com.zaxxer.hikari.pool.HikariPool        : HikariPool-1 - Fill pool skipped, pool has sufficient level or currently being filled (queueDepth=0).
2026-09-02T15:06:44.100+05:00 DEBUG 1848 --- [HikariPool-1 housekeeper] com.zaxxer.hikari.pool.HikariPool        : HikariPool-1 - Pool stats (total=10, active=0, idle=10, waiting=0)
2026-09-02T15:06:44.101+05:00 DEBUG 1848 --- [HikariPool-1 housekeeper] com.zaxxer.hikari.pool.HikariPool        : HikariPool-1 - Fill pool skipped, pool has sufficient level or currently being filled (queueDepth=0).
2026-09-02T15:07:14.104+05:00 DEBUG 1848 --- [HikariPool-1 housekeeper] com.zaxxer.hikari.pool.HikariPool        : HikariPool-1 - Pool stats (total=10, active=0, idle=10, waiting=0)
2026-09-02T15:07:14.105+05:00 DEBUG 1848 --- [HikariPool-1 housekeeper] com.zaxxer.hikari.pool.HikariPool        : HikariPool-1 - Fill pool skipped, pool has sufficient level or currently being filled (queueDepth=0).
2026-09-02T15:07:44.109+05:00 DEBUG 1848 --- [HikariPool-1 housekeeper] com.zaxxer.hikari.pool.HikariPool        : HikariPool-1 - Pool stats (total=10, active=0, idle=10, waiting=0)
2026-09-02T15:07:44.109+05:00 DEBUG 1848 --- [HikariPool-1 housekeeper] com.zaxxer.hikari.pool.HikariPool        : HikariPool-1 - Fill pool skipped, pool has sufficient level or currently being filled (queueDepth=0).
2026-09-02T15:08:14.124+05:00 DEBUG 1848 --- [HikariPool-1 housekeeper] com.zaxxer.hikari.pool.HikariPool        : HikariPool-1 - Pool stats (total=10, active=0, idle=10, waiting=0)
2026-09-02T15:08:14.125+05:00 DEBUG 1848 --- [HikariPool-1 housekeeper] com.zaxxer.hikari.pool.HikariPool        : HikariPool-1 - Fill pool skipped, pool has sufficient level or currently being filled (queueDepth=0).
2026-09-02T15:08:44.135+05:00 DEBUG 1848 --- [HikariPool-1 housekeeper] com.zaxxer.hikari.pool.HikariPool        : HikariPool-1 - Pool stats (total=10, active=0, idle=10, waiting=0)
2026-09-02T15:08:44.135+05:00 DEBUG 1848 --- [HikariPool-1 housekeeper] com.zaxxer.hikari.pool.HikariPool        : HikariPool-1 - Fill pool skipped, pool has sufficient level or currently being filled (queueDepth=0).
2026-09-02T15:09:14.146+05:00 DEBUG 1848 --- [HikariPool-1 housekeeper] com.zaxxer.hikari.pool.HikariPool        : HikariPool-1 - Pool stats (total=10, active=0, idle=10, waiting=0)
2026-09-02T15:09:14.146+05:00 DEBUG 1848 --- [HikariPool-1 housekeeper] com.zaxxer.hikari.pool.HikariPool        : HikariPool-1 - Fill pool skipped, pool has sufficient level or currently being filled (queueDepth=0).
2026-09-02T15:09:44.160+05:00 DEBUG 1848 --- [HikariPool-1 housekeeper] com.zaxxer.hikari.pool.HikariPool        : HikariPool-1 - Pool stats (total=10, active=0, idle=10, waiting=0)
2026-09-02T15:09:44.161+05:00 DEBUG 1848 --- [HikariPool-1 housekeeper] com.zaxxer.hikari.pool.HikariPool        : HikariPool-1 - Fill pool skipped, pool has sufficient level or currently being filled (queueDepth=0).
2026-09-02T15:10:14.200+05:00 DEBUG 1848 --- [HikariPool-1 housekeeper] com.zaxxer.hikari.pool.HikariPool        : HikariPool-1 - Pool stats (total=10, active=0, idle=10, waiting=0)
2026-09-02T15:10:14.201+05:00 DEBUG 1848 --- [HikariPool-1 housekeeper] com.zaxxer.hikari.pool.HikariPool        : HikariPool-1 - Fill pool skipped, pool has sufficient level or currently being filled (queueDepth=0).
2026-09-02T15:10:44.214+05:00 DEBUG 1848 --- [HikariPool-1 housekeeper] com.zaxxer.hikari.pool.HikariPool        : HikariPool-1 - Pool stats (total=10, active=0, idle=10, waiting=0)
2026-09-02T15:10:44.215+05:00 DEBUG 1848 --- [HikariPool-1 housekeeper] com.zaxxer.hikari.pool.HikariPool        : HikariPool-1 - Fill pool skipped, pool has sufficient level or currently being filled (queueDepth=0).
2026-09-02T15:11:14.220+05:00 DEBUG 1848 --- [HikariPool-1 housekeeper] com.zaxxer.hikari.pool.HikariPool        : HikariPool-1 - Pool stats (total=10, active=0, idle=10, waiting=0)
2026-09-02T15:11:14.221+05:00 DEBUG 1848 --- [HikariPool-1 housekeeper] com.zaxxer.hikari.pool.HikariPool        : HikariPool-1 - Fill pool skipped, pool has sufficient level or currently being filled (queueDepth=0).
2026-09-02T15:11:44.225+05:00 DEBUG 1848 --- [HikariPool-1 housekeeper] com.zaxxer.hikari.pool.HikariPool        : HikariPool-1 - Pool stats (total=10, active=0, idle=10, waiting=0)
2026-09-02T15:11:44.225+05:00 DEBUG 1848 --- [HikariPool-1 housekeeper] com.zaxxer.hikari.pool.HikariPool        : HikariPool-1 - Fill pool skipped, pool has sufficient level or currently being filled (queueDepth=0).
2026-09-02T15:12:14.233+05:00 DEBUG 1848 --- [HikariPool-1 housekeeper] com.zaxxer.hikari.pool.HikariPool        : HikariPool-1 - Pool stats (total=10, active=0, idle=10, waiting=0)
2026-09-02T15:12:14.233+05:00 DEBUG 1848 --- [HikariPool-1 housekeeper] com.zaxxer.hikari.pool.HikariPool        : HikariPool-1 - Fill pool skipped, pool has sufficient level or currently being filled (queueDepth=0).
2026-09-02T15:12:44.247+05:00 DEBUG 1848 --- [HikariPool-1 housekeeper] com.zaxxer.hikari.pool.HikariPool        : HikariPool-1 - Pool stats (total=10, active=0, idle=10, waiting=0)
2026-09-02T15:12:44.247+05:00 DEBUG 1848 --- [HikariPool-1 housekeeper] com.zaxxer.hikari.pool.HikariPool        : HikariPool-1 - Fill pool skipped, pool has sufficient level or currently being filled (queueDepth=0).
2026-09-02T15:13:14.262+05:00 DEBUG 1848 --- [HikariPool-1 housekeeper] com.zaxxer.hikari.pool.HikariPool        : HikariPool-1 - Pool stats (total=10, active=0, idle=10, waiting=0)
2026-09-02T15:13:14.263+05:00 DEBUG 1848 --- [HikariPool-1 housekeeper] com.zaxxer.hikari.pool.HikariPool        : HikariPool-1 - Fill pool skipped, pool has sufficient level or currently being filled (queueDepth=0).
2026-09-02T15:13:44.264+05:00 DEBUG 1848 --- [HikariPool-1 housekeeper] com.zaxxer.hikari.pool.HikariPool        : HikariPool-1 - Pool stats (total=10, active=0, idle=10, waiting=0)
2026-09-02T15:13:44.264+05:00 DEBUG 1848 --- [HikariPool-1 housekeeper] com.zaxxer.hikari.pool.HikariPool        : HikariPool-1 - Fill pool skipped, pool has sufficient level or currently being filled (queueDepth=0).
2026-09-02T15:14:14.274+05:00 DEBUG 1848 --- [HikariPool-1 housekeeper] com.zaxxer.hikari.pool.HikariPool        : HikariPool-1 - Pool stats (total=10, active=0, idle=10, waiting=0)
2026-09-02T15:14:14.276+05:00 DEBUG 1848 --- [HikariPool-1 housekeeper] com.zaxxer.hikari.pool.HikariPool        : HikariPool-1 - Fill pool skipped, pool has sufficient level or currently being filled (queueDepth=0).
2026-09-02T15:14:44.281+05:00 DEBUG 1848 --- [HikariPool-1 housekeeper] com.zaxxer.hikari.pool.HikariPool        : HikariPool-1 - Pool stats (total=10, active=0, idle=10, waiting=0)
2026-09-02T15:14:44.283+05:00 DEBUG 1848 --- [HikariPool-1 housekeeper] com.zaxxer.hikari.pool.HikariPool        : HikariPool-1 - Fill pool skipped, pool has sufficient level or currently being filled (queueDepth=0).
2026-09-02T15:15:14.296+05:00 DEBUG 1848 --- [HikariPool-1 housekeeper] com.zaxxer.hikari.pool.HikariPool        : HikariPool-1 - Pool stats (total=10, active=0, idle=10, waiting=0)
2026-09-02T15:15:14.297+05:00 DEBUG 1848 --- [HikariPool-1 housekeeper] com.zaxxer.hikari.pool.HikariPool        : HikariPool-1 - Fill pool skipped, pool has sufficient level or currently being filled (queueDepth=0).
2026-09-02T15:15:44.309+05:00 DEBUG 1848 --- [HikariPool-1 housekeeper] com.zaxxer.hikari.pool.HikariPool        : HikariPool-1 - Pool stats (total=10, active=0, idle=10, waiting=0)
2026-09-02T15:15:44.311+05:00 DEBUG 1848 --- [HikariPool-1 housekeeper] com.zaxxer.hikari.pool.HikariPool        : HikariPool-1 - Fill pool skipped, pool has sufficient level or currently being filled (queueDepth=0).
2026-09-02T15:16:14.367+05:00 DEBUG 1848 --- [HikariPool-1 housekeeper] com.zaxxer.hikari.pool.HikariPool        : HikariPool-1 - Pool stats (total=10, active=0, idle=10, waiting=0)
2026-09-02T15:16:14.368+05:00 DEBUG 1848 --- [HikariPool-1 housekeeper] com.zaxxer.hikari.pool.HikariPool        : HikariPool-1 - Fill pool skipped, pool has sufficient level or currently being filled (queueDepth=0).
2026-09-02T15:16:44.370+05:00 DEBUG 1848 --- [HikariPool-1 housekeeper] com.zaxxer.hikari.pool.HikariPool        : HikariPool-1 - Pool stats (total=10, active=0, idle=10, waiting=0)
2026-09-02T15:16:44.371+05:00 DEBUG 1848 --- [HikariPool-1 housekeeper] com.zaxxer.hikari.pool.HikariPool        : HikariPool-1 - Fill pool skipped, pool has sufficient level or currently being filled (queueDepth=0).
2026-09-02T15:17:14.380+05:00 DEBUG 1848 --- [HikariPool-1 housekeeper] com.zaxxer.hikari.pool.HikariPool        : HikariPool-1 - Pool stats (total=10, active=0, idle=10, waiting=0)
2026-09-02T15:17:14.381+05:00 DEBUG 1848 --- [HikariPool-1 housekeeper] com.zaxxer.hikari.pool.HikariPool        : HikariPool-1 - Fill pool skipped, pool has sufficient level or currently being filled (queueDepth=0).
2026-09-02T15:17:44.391+05:00 DEBUG 1848 --- [HikariPool-1 housekeeper] com.zaxxer.hikari.pool.HikariPool        : HikariPool-1 - Pool stats (total=10, active=0, idle=10, waiting=0)
2026-09-02T15:17:44.392+05:00 DEBUG 1848 --- [HikariPool-1 housekeeper] com.zaxxer.hikari.pool.HikariPool        : HikariPool-1 - Fill pool skipped, pool has sufficient level or currently being filled (queueDepth=0).
2026-09-02T15:18:14.412+05:00 DEBUG 1848 --- [HikariPool-1 housekeeper] com.zaxxer.hikari.pool.HikariPool        : HikariPool-1 - Pool stats (total=10, active=0, idle=10, waiting=0)
2026-09-02T15:18:14.413+05:00 DEBUG 1848 --- [HikariPool-1 housekeeper] com.zaxxer.hikari.pool.HikariPool        : HikariPool-1 - Fill pool skipped, pool has sufficient level or currently being filled (queueDepth=0).
2026-09-02T15:18:44.447+05:00 DEBUG 1848 --- [HikariPool-1 housekeeper] com.zaxxer.hikari.pool.HikariPool        : HikariPool-1 - Pool stats (total=10, active=0, idle=10, waiting=0)
2026-09-02T15:18:44.449+05:00 DEBUG 1848 --- [HikariPool-1 housekeeper] com.zaxxer.hikari.pool.HikariPool        : HikariPool-1 - Fill pool skipped, pool has sufficient level or currently being filled (queueDepth=0).
2026-09-02T15:19:14.456+05:00 DEBUG 1848 --- [HikariPool-1 housekeeper] com.zaxxer.hikari.pool.HikariPool        : HikariPool-1 - Pool stats (total=10, active=0, idle=10, waiting=0)
2026-09-02T15:19:14.458+05:00 DEBUG 1848 --- [HikariPool-1 housekeeper] com.zaxxer.hikari.pool.HikariPool        : HikariPool-1 - Fill pool skipped, pool has sufficient level or currently being filled (queueDepth=0).
2026-09-02T15:19:44.472+05:00 DEBUG 1848 --- [HikariPool-1 housekeeper] com.zaxxer.hikari.pool.HikariPool        : HikariPool-1 - Pool stats (total=10, active=0, idle=10, waiting=0)
2026-09-02T15:19:44.473+05:00 DEBUG 1848 --- [HikariPool-1 housekeeper] com.zaxxer.hikari.pool.HikariPool        : HikariPool-1 - Fill pool skipped, pool has sufficient level or currently being filled (queueDepth=0).
2026-09-02T15:20:14.479+05:00 DEBUG 1848 --- [HikariPool-1 housekeeper] com.zaxxer.hikari.pool.HikariPool        : HikariPool-1 - Pool stats (total=10, active=0, idle=10, waiting=0)
2026-09-02T15:20:14.480+05:00 DEBUG 1848 --- [HikariPool-1 housekeeper] com.zaxxer.hikari.pool.HikariPool        : HikariPool-1 - Fill pool skipped, pool has sufficient level or currently being filled (queueDepth=0).
2026-09-02T15:20:43.617+05:00 DEBUG 1848 --- [http-nio-8089-exec-7] o.s.security.web.FilterChainProxy        : Securing POST /v1/api/login
2026-09-02T15:20:43.654+05:00 DEBUG 1848 --- [http-nio-8089-exec-7] o.s.s.w.a.AnonymousAuthenticationFilter  : Set SecurityContextHolder to anonymous SecurityContext
2026-09-02T15:20:43.702+05:00 DEBUG 1848 --- [http-nio-8089-exec-7] s.w.s.m.m.a.RequestMappingHandlerMapping : Mapped to com.codeneticx.nihaobackend.controller.V1ApiController#login(MobileLoginRequest)
2026-09-02T15:20:43.705+05:00 DEBUG 1848 --- [http-nio-8089-exec-7] s.w.s.m.m.a.RequestMappingHandlerMapping : Mapped to com.codeneticx.nihaobackend.controller.V1ApiController#login(MobileLoginRequest)
2026-09-02T15:20:43.705+05:00 DEBUG 1848 --- [http-nio-8089-exec-7] s.w.s.m.m.a.RequestMappingHandlerMapping : Mapped to com.codeneticx.nihaobackend.controller.V1ApiController#login(MobileLoginRequest)
2026-09-02T15:20:43.706+05:00 DEBUG 1848 --- [http-nio-8089-exec-7] s.w.s.m.m.a.RequestMappingHandlerMapping : Mapped to com.codeneticx.nihaobackend.controller.V1ApiController#login(MobileLoginRequest)
2026-09-02T15:20:43.707+05:00 DEBUG 1848 --- [http-nio-8089-exec-7] s.w.s.m.m.a.RequestMappingHandlerMapping : Mapped to com.codeneticx.nihaobackend.controller.V1ApiController#login(MobileLoginRequest)
2026-09-02T15:20:43.798+05:00 DEBUG 1848 --- [http-nio-8089-exec-7] o.s.security.web.FilterChainProxy        : Secured POST /v1/api/login
2026-09-02T15:20:44.121+05:00 DEBUG 1848 --- [http-nio-8089-exec-7] o.s.web.servlet.DispatcherServlet        : POST "/api/v1/api/login", parameters={}
2026-09-02T15:20:44.309+05:00 DEBUG 1848 --- [http-nio-8089-exec-7] s.w.s.m.m.a.RequestMappingHandlerMapping : Mapped to com.codeneticx.nihaobackend.controller.V1ApiController#login(MobileLoginRequest)
2026-09-02T15:20:44.486+05:00 DEBUG 1848 --- [HikariPool-1 housekeeper] com.zaxxer.hikari.pool.HikariPool        : HikariPool-1 - Pool stats (total=10, active=0, idle=10, waiting=0)
2026-09-02T15:20:44.486+05:00 DEBUG 1848 --- [HikariPool-1 housekeeper] com.zaxxer.hikari.pool.HikariPool        : HikariPool-1 - Fill pool skipped, pool has sufficient level or currently being filled (queueDepth=0).
2026-09-02T15:20:45.551+05:00 DEBUG 1848 --- [http-nio-8089-exec-7] m.m.a.RequestResponseBodyMethodProcessor : Read "application/json;charset=UTF-8" to [MobileLoginRequest(email=student@nihao-urdu.com, password=student123, deviceId=null, deviceName=null (truncated)...]
2026-09-02T15:20:46.788+05:00 DEBUG 1848 --- [http-nio-8089-exec-7] m.m.a.RequestResponseBodyMethodProcessor : Using 'application/json', given [application/json] and supported [application/json, application/*+json]
2026-09-02T15:20:46.847+05:00 DEBUG 1848 --- [http-nio-8089-exec-7] m.m.a.RequestResponseBodyMethodProcessor : Writing [ApiResponse(success=true, message=Login successful, data=MobileAuthResponse(token=eyJhbGciOiJIUzI1Ni (truncated)...]
2026-09-02T15:20:46.914+05:00 DEBUG 1848 --- [http-nio-8089-exec-7] o.s.web.servlet.DispatcherServlet        : Completed 200 OK
2026-09-02T15:20:47.187+05:00 DEBUG 1848 --- [http-nio-8089-exec-8] o.s.security.web.FilterChainProxy        : Securing GET /v1/courses
2026-09-02T15:20:47.340+05:00 DEBUG 1848 --- [http-nio-8089-exec-8] s.w.s.m.m.a.RequestMappingHandlerMapping : Mapped to com.codeneticx.nihaobackend.controller.V1Controller#getCourses()
2026-09-02T15:20:47.340+05:00 DEBUG 1848 --- [http-nio-8089-exec-8] s.w.s.m.m.a.RequestMappingHandlerMapping : Mapped to com.codeneticx.nihaobackend.controller.V1Controller#getCourses()
2026-09-02T15:20:47.340+05:00 DEBUG 1848 --- [http-nio-8089-exec-8] s.w.s.m.m.a.RequestMappingHandlerMapping : Mapped to com.codeneticx.nihaobackend.controller.V1Controller#getCourses()
2026-09-02T15:20:47.340+05:00 DEBUG 1848 --- [http-nio-8089-exec-8] s.w.s.m.m.a.RequestMappingHandlerMapping : Mapped to com.codeneticx.nihaobackend.controller.V1Controller#getCourses()
2026-09-02T15:20:47.340+05:00 DEBUG 1848 --- [http-nio-8089-exec-8] s.w.s.m.m.a.RequestMappingHandlerMapping : Mapped to com.codeneticx.nihaobackend.controller.V1Controller#getCourses()
2026-09-02T15:20:47.341+05:00 DEBUG 1848 --- [http-nio-8089-exec-8] s.w.s.m.m.a.RequestMappingHandlerMapping : Mapped to com.codeneticx.nihaobackend.controller.V1Controller#getCourses()
2026-09-02T15:20:47.341+05:00 DEBUG 1848 --- [http-nio-8089-exec-8] s.w.s.m.m.a.RequestMappingHandlerMapping : Mapped to com.codeneticx.nihaobackend.controller.V1Controller#getCourses()
2026-09-02T15:20:47.341+05:00 DEBUG 1848 --- [http-nio-8089-exec-8] s.w.s.m.m.a.RequestMappingHandlerMapping : Mapped to com.codeneticx.nihaobackend.controller.V1Controller#getCourses()
2026-09-02T15:20:47.341+05:00 DEBUG 1848 --- [http-nio-8089-exec-8] s.w.s.m.m.a.RequestMappingHandlerMapping : Mapped to com.codeneticx.nihaobackend.controller.V1Controller#getCourses()
2026-09-02T15:20:47.342+05:00 DEBUG 1848 --- [http-nio-8089-exec-8] s.w.s.m.m.a.RequestMappingHandlerMapping : Mapped to com.codeneticx.nihaobackend.controller.V1Controller#getCourses()
2026-09-02T15:20:47.342+05:00 DEBUG 1848 --- [http-nio-8089-exec-8] s.w.s.m.m.a.RequestMappingHandlerMapping : Mapped to com.codeneticx.nihaobackend.controller.V1Controller#getCourses()
2026-09-02T15:20:47.342+05:00 DEBUG 1848 --- [http-nio-8089-exec-8] o.s.security.web.FilterChainProxy        : Secured GET /v1/courses
2026-09-02T15:20:47.342+05:00 DEBUG 1848 --- [http-nio-8089-exec-8] o.s.web.servlet.DispatcherServlet        : GET "/api/v1/courses", parameters={}
2026-09-02T15:20:47.343+05:00 DEBUG 1848 --- [http-nio-8089-exec-8] s.w.s.m.m.a.RequestMappingHandlerMapping : Mapped to com.codeneticx.nihaobackend.controller.V1Controller#getCourses()
2026-09-02T15:20:47.557+05:00 DEBUG 1848 --- [http-nio-8089-exec-8] m.m.a.RequestResponseBodyMethodProcessor : Using 'application/json', given [application/json] and supported [application/json, application/*+json]
2026-09-02T15:20:47.571+05:00 DEBUG 1848 --- [http-nio-8089-exec-8] m.m.a.RequestResponseBodyMethodProcessor : Writing [ApiResponse(success=true, message=Courses fetched successfully, data=[CourseListItemDto(id=0a2552cb- (truncated)...]
2026-09-02T15:20:47.577+05:00 DEBUG 1848 --- [http-nio-8089-exec-8] o.s.web.servlet.DispatcherServlet        : Completed 200 OK
2026-09-02T15:20:47.635+05:00 DEBUG 1848 --- [http-nio-8089-exec-9] o.s.security.web.FilterChainProxy        : Securing GET /v1/courses/0a2552cb-962e-40ef-9cfe-85a6e5830387/units?limit=20&offset=0
2026-09-02T15:20:47.647+05:00 DEBUG 1848 --- [http-nio-8089-exec-9] s.w.s.m.m.a.RequestMappingHandlerMapping : Mapped to com.codeneticx.nihaobackend.controller.V1Controller#getCourseUnits(String, int, int)
2026-09-02T15:20:47.648+05:00 DEBUG 1848 --- [http-nio-8089-exec-9] s.w.s.m.m.a.RequestMappingHandlerMapping : Mapped to com.codeneticx.nihaobackend.controller.V1Controller#getCourseUnits(String, int, int)
2026-09-02T15:20:47.650+05:00 DEBUG 1848 --- [http-nio-8089-exec-9] s.w.s.m.m.a.RequestMappingHandlerMapping : Mapped to com.codeneticx.nihaobackend.controller.V1Controller#getCourseUnits(String, int, int)
2026-09-02T15:20:47.650+05:00 DEBUG 1848 --- [http-nio-8089-exec-9] s.w.s.m.m.a.RequestMappingHandlerMapping : Mapped to com.codeneticx.nihaobackend.controller.V1Controller#getCourseUnits(String, int, int)
2026-09-02T15:20:47.651+05:00 DEBUG 1848 --- [http-nio-8089-exec-9] s.w.s.m.m.a.RequestMappingHandlerMapping : Mapped to com.codeneticx.nihaobackend.controller.V1Controller#getCourseUnits(String, int, int)
2026-09-02T15:20:47.652+05:00 DEBUG 1848 --- [http-nio-8089-exec-9] s.w.s.m.m.a.RequestMappingHandlerMapping : Mapped to com.codeneticx.nihaobackend.controller.V1Controller#getCourseUnits(String, int, int)
2026-09-02T15:20:47.653+05:00 DEBUG 1848 --- [http-nio-8089-exec-9] s.w.s.m.m.a.RequestMappingHandlerMapping : Mapped to com.codeneticx.nihaobackend.controller.V1Controller#getCourseUnits(String, int, int)
2026-09-02T15:20:47.654+05:00 DEBUG 1848 --- [http-nio-8089-exec-9] s.w.s.m.m.a.RequestMappingHandlerMapping : Mapped to com.codeneticx.nihaobackend.controller.V1Controller#getCourseUnits(String, int, int)
2026-09-02T15:20:47.654+05:00 DEBUG 1848 --- [http-nio-8089-exec-9] s.w.s.m.m.a.RequestMappingHandlerMapping : Mapped to com.codeneticx.nihaobackend.controller.V1Controller#getCourseUnits(String, int, int)
2026-09-02T15:20:47.655+05:00 DEBUG 1848 --- [http-nio-8089-exec-9] s.w.s.m.m.a.RequestMappingHandlerMapping : Mapped to com.codeneticx.nihaobackend.controller.V1Controller#getCourseUnits(String, int, int)
2026-09-02T15:20:47.656+05:00 DEBUG 1848 --- [http-nio-8089-exec-9] s.w.s.m.m.a.RequestMappingHandlerMapping : Mapped to com.codeneticx.nihaobackend.controller.V1Controller#getCourseUnits(String, int, int)
2026-09-02T15:20:47.656+05:00 DEBUG 1848 --- [http-nio-8089-exec-9] o.s.security.web.FilterChainProxy        : Secured GET /v1/courses/0a2552cb-962e-40ef-9cfe-85a6e5830387/units?limit=20&offset=0
2026-09-02T15:20:47.657+05:00 DEBUG 1848 --- [http-nio-8089-exec-9] o.s.web.servlet.DispatcherServlet        : GET "/api/v1/courses/0a2552cb-962e-40ef-9cfe-85a6e5830387/units?limit=20&offset=0", parameters={masked}
2026-09-02T15:20:47.658+05:00 DEBUG 1848 --- [http-nio-8089-exec-9] s.w.s.m.m.a.RequestMappingHandlerMapping : Mapped to com.codeneticx.nihaobackend.controller.V1Controller#getCourseUnits(String, int, int)
2026-09-02T15:20:47.764+05:00 DEBUG 1848 --- [http-nio-8089-exec-9] m.m.a.RequestResponseBodyMethodProcessor : Using 'application/json', given [application/json] and supported [application/json, application/*+json]
2026-09-02T15:20:47.775+05:00 DEBUG 1848 --- [http-nio-8089-exec-9] m.m.a.RequestResponseBodyMethodProcessor : Writing [ApiResponse(success=true, message=Units fetched successfully, data=[UnitJourneyNodeDto(id=f32cee8d-2 (truncated)...]
2026-09-02T15:20:47.781+05:00 DEBUG 1848 --- [http-nio-8089-exec-9] o.s.web.servlet.DispatcherServlet        : Completed 200 OK
2026-09-02T15:20:47.868+05:00 DEBUG 1848 --- [http-nio-8089-exec-10] o.s.security.web.FilterChainProxy        : Securing GET /v1/units/f32cee8d-264d-47e2-a3e0-6c4ede6e0e09/lessons
2026-09-02T15:20:47.929+05:00 DEBUG 1848 --- [http-nio-8089-exec-10] s.w.s.m.m.a.RequestMappingHandlerMapping : Mapped to com.codeneticx.nihaobackend.controller.V1Controller#getUnitLessons(String)
2026-09-02T15:20:47.930+05:00 DEBUG 1848 --- [http-nio-8089-exec-10] s.w.s.m.m.a.RequestMappingHandlerMapping : Mapped to com.codeneticx.nihaobackend.controller.V1Controller#getUnitLessons(String)
2026-09-02T15:20:47.937+05:00 DEBUG 1848 --- [http-nio-8089-exec-10] s.w.s.m.m.a.RequestMappingHandlerMapping : Mapped to com.codeneticx.nihaobackend.controller.V1Controller#getUnitLessons(String)
2026-09-02T15:20:47.938+05:00 DEBUG 1848 --- [http-nio-8089-exec-10] s.w.s.m.m.a.RequestMappingHandlerMapping : Mapped to com.codeneticx.nihaobackend.controller.V1Controller#getUnitLessons(String)
2026-09-02T15:20:47.940+05:00 DEBUG 1848 --- [http-nio-8089-exec-10] s.w.s.m.m.a.RequestMappingHandlerMapping : Mapped to com.codeneticx.nihaobackend.controller.V1Controller#getUnitLessons(String)
2026-09-02T15:20:47.940+05:00 DEBUG 1848 --- [http-nio-8089-exec-10] s.w.s.m.m.a.RequestMappingHandlerMapping : Mapped to com.codeneticx.nihaobackend.controller.V1Controller#getUnitLessons(String)
2026-09-02T15:20:47.941+05:00 DEBUG 1848 --- [http-nio-8089-exec-10] s.w.s.m.m.a.RequestMappingHandlerMapping : Mapped to com.codeneticx.nihaobackend.controller.V1Controller#getUnitLessons(String)
2026-09-02T15:20:47.943+05:00 DEBUG 1848 --- [http-nio-8089-exec-10] s.w.s.m.m.a.RequestMappingHandlerMapping : Mapped to com.codeneticx.nihaobackend.controller.V1Controller#getUnitLessons(String)
2026-09-02T15:20:47.980+05:00 DEBUG 1848 --- [http-nio-8089-exec-10] s.w.s.m.m.a.RequestMappingHandlerMapping : Mapped to com.codeneticx.nihaobackend.controller.V1Controller#getUnitLessons(String)
2026-09-02T15:20:47.983+05:00 DEBUG 1848 --- [http-nio-8089-exec-10] s.w.s.m.m.a.RequestMappingHandlerMapping : Mapped to com.codeneticx.nihaobackend.controller.V1Controller#getUnitLessons(String)
2026-09-02T15:20:48.021+05:00 DEBUG 1848 --- [http-nio-8089-exec-10] s.w.s.m.m.a.RequestMappingHandlerMapping : Mapped to com.codeneticx.nihaobackend.controller.V1Controller#getUnitLessons(String)
2026-09-02T15:20:48.021+05:00 DEBUG 1848 --- [http-nio-8089-exec-10] o.s.security.web.FilterChainProxy        : Secured GET /v1/units/f32cee8d-264d-47e2-a3e0-6c4ede6e0e09/lessons
2026-09-02T15:20:48.022+05:00 DEBUG 1848 --- [http-nio-8089-exec-10] o.s.web.servlet.DispatcherServlet        : GET "/api/v1/units/f32cee8d-264d-47e2-a3e0-6c4ede6e0e09/lessons", parameters={}
2026-09-02T15:20:48.023+05:00 DEBUG 1848 --- [http-nio-8089-exec-10] s.w.s.m.m.a.RequestMappingHandlerMapping : Mapped to com.codeneticx.nihaobackend.controller.V1Controller#getUnitLessons(String)
2026-09-02T15:20:48.332+05:00 DEBUG 1848 --- [http-nio-8089-exec-10] m.m.a.RequestResponseBodyMethodProcessor : Using 'application/json', given [application/json] and supported [application/json, application/*+json]
2026-09-02T15:20:48.338+05:00 DEBUG 1848 --- [http-nio-8089-exec-10] m.m.a.RequestResponseBodyMethodProcessor : Writing [ApiResponse(success=true, message=Lessons fetched successfully, data=[LessonJourneyNodeDto(id=780b13 (truncated)...]
2026-09-02T15:20:48.345+05:00 DEBUG 1848 --- [http-nio-8089-exec-10] o.s.web.servlet.DispatcherServlet        : Completed 200 OK
2026-09-02T15:20:48.397+05:00 DEBUG 1848 --- [http-nio-8089-exec-1] o.s.security.web.FilterChainProxy        : Securing GET /v1/courses/0a2552cb-962e-40ef-9cfe-85a6e5830387/progress
2026-09-02T15:20:48.406+05:00 DEBUG 1848 --- [http-nio-8089-exec-1] s.w.s.m.m.a.RequestMappingHandlerMapping : Mapped to com.codeneticx.nihaobackend.controller.V1Controller#getCourseProgress(String)
2026-09-02T15:20:48.406+05:00 DEBUG 1848 --- [http-nio-8089-exec-1] s.w.s.m.m.a.RequestMappingHandlerMapping : Mapped to com.codeneticx.nihaobackend.controller.V1Controller#getCourseProgress(String)
2026-09-02T15:20:48.407+05:00 DEBUG 1848 --- [http-nio-8089-exec-1] s.w.s.m.m.a.RequestMappingHandlerMapping : Mapped to com.codeneticx.nihaobackend.controller.V1Controller#getCourseProgress(String)
2026-09-02T15:20:48.408+05:00 DEBUG 1848 --- [http-nio-8089-exec-1] s.w.s.m.m.a.RequestMappingHandlerMapping : Mapped to com.codeneticx.nihaobackend.controller.V1Controller#getCourseProgress(String)
2026-09-02T15:20:48.408+05:00 DEBUG 1848 --- [http-nio-8089-exec-1] s.w.s.m.m.a.RequestMappingHandlerMapping : Mapped to com.codeneticx.nihaobackend.controller.V1Controller#getCourseProgress(String)
2026-09-02T15:20:48.409+05:00 DEBUG 1848 --- [http-nio-8089-exec-1] s.w.s.m.m.a.RequestMappingHandlerMapping : Mapped to com.codeneticx.nihaobackend.controller.V1Controller#getCourseProgress(String)
2026-09-02T15:20:48.413+05:00 DEBUG 1848 --- [http-nio-8089-exec-1] s.w.s.m.m.a.RequestMappingHandlerMapping : Mapped to com.codeneticx.nihaobackend.controller.V1Controller#getCourseProgress(String)
2026-09-02T15:20:48.413+05:00 DEBUG 1848 --- [http-nio-8089-exec-1] s.w.s.m.m.a.RequestMappingHandlerMapping : Mapped to com.codeneticx.nihaobackend.controller.V1Controller#getCourseProgress(String)
2026-09-02T15:20:48.414+05:00 DEBUG 1848 --- [http-nio-8089-exec-1] s.w.s.m.m.a.RequestMappingHandlerMapping : Mapped to com.codeneticx.nihaobackend.controller.V1Controller#getCourseProgress(String)
2026-09-02T15:20:48.414+05:00 DEBUG 1848 --- [http-nio-8089-exec-1] s.w.s.m.m.a.RequestMappingHandlerMapping : Mapped to com.codeneticx.nihaobackend.controller.V1Controller#getCourseProgress(String)
2026-09-02T15:20:48.415+05:00 DEBUG 1848 --- [http-nio-8089-exec-1] s.w.s.m.m.a.RequestMappingHandlerMapping : Mapped to com.codeneticx.nihaobackend.controller.V1Controller#getCourseProgress(String)
2026-09-02T15:20:48.415+05:00 DEBUG 1848 --- [http-nio-8089-exec-1] o.s.security.web.FilterChainProxy        : Secured GET /v1/courses/0a2552cb-962e-40ef-9cfe-85a6e5830387/progress
2026-09-02T15:20:48.415+05:00 DEBUG 1848 --- [http-nio-8089-exec-1] o.s.web.servlet.DispatcherServlet        : GET "/api/v1/courses/0a2552cb-962e-40ef-9cfe-85a6e5830387/progress", parameters={}
2026-09-02T15:20:48.415+05:00 DEBUG 1848 --- [http-nio-8089-exec-1] s.w.s.m.m.a.RequestMappingHandlerMapping : Mapped to com.codeneticx.nihaobackend.controller.V1Controller#getCourseProgress(String)
2026-09-02T15:20:48.455+05:00 DEBUG 1848 --- [http-nio-8089-exec-1] m.m.a.RequestResponseBodyMethodProcessor : Using 'application/json', given [application/json] and supported [application/json, application/*+json]
2026-09-02T15:20:48.457+05:00 DEBUG 1848 --- [http-nio-8089-exec-1] m.m.a.RequestResponseBodyMethodProcessor : Writing [ApiResponse(success=true, message=Course progress fetched successfully, data=CourseProgressDto(xp=40 (truncated)...]
2026-09-02T15:20:48.458+05:00 DEBUG 1848 --- [http-nio-8089-exec-1] o.s.web.servlet.DispatcherServlet        : Completed 200 OK
2026-09-02T15:21:14.493+05:00 DEBUG 1848 --- [HikariPool-1 housekeeper] com.zaxxer.hikari.pool.HikariPool        : HikariPool-1 - Pool stats (total=10, active=0, idle=10, waiting=0)
2026-09-02T15:21:14.494+05:00 DEBUG 1848 --- [HikariPool-1 housekeeper] com.zaxxer.hikari.pool.HikariPool        : HikariPool-1 - Fill pool skipped, pool has sufficient level or currently being filled (queueDepth=0).
2026-09-02T15:21:44.501+05:00 DEBUG 1848 --- [HikariPool-1 housekeeper] com.zaxxer.hikari.pool.HikariPool        : HikariPool-1 - Pool stats (total=10, active=0, idle=10, waiting=0)
2026-09-02T15:21:44.501+05:00 DEBUG 1848 --- [HikariPool-1 housekeeper] com.zaxxer.hikari.pool.HikariPool        : HikariPool-1 - Fill pool skipped, pool has sufficient level or currently being filled (queueDepth=0).
2026-09-02T15:22:14.507+05:00 DEBUG 1848 --- [HikariPool-1 housekeeper] com.zaxxer.hikari.pool.HikariPool        : HikariPool-1 - Pool stats (total=10, active=0, idle=10, waiting=0)
2026-09-02T15:22:14.508+05:00 DEBUG 1848 --- [HikariPool-1 housekeeper] com.zaxxer.hikari.pool.HikariPool        : HikariPool-1 - Fill pool skipped, pool has sufficient level or currently being filled (queueDepth=0).
2026-09-02T15:22:44.512+05:00 DEBUG 1848 --- [HikariPool-1 housekeeper] com.zaxxer.hikari.pool.HikariPool        : HikariPool-1 - Pool stats (total=10, active=0, idle=10, waiting=0)
2026-09-02T15:22:44.514+05:00 DEBUG 1848 --- [HikariPool-1 housekeeper] com.zaxxer.hikari.pool.HikariPool        : HikariPool-1 - Fill pool skipped, pool has sufficient level or currently being filled (queueDepth=0).
2026-09-02T15:23:14.527+05:00 DEBUG 1848 --- [HikariPool-1 housekeeper] com.zaxxer.hikari.pool.HikariPool        : HikariPool-1 - Pool stats (total=10, active=0, idle=10, waiting=0)
2026-09-02T15:23:14.528+05:00 DEBUG 1848 --- [HikariPool-1 housekeeper] com.zaxxer.hikari.pool.HikariPool        : HikariPool-1 - Fill pool skipped, pool has sufficient level or currently being filled (queueDepth=0).
2026-09-02T15:23:30.485+05:00 DEBUG 1848 --- [http-nio-8089-exec-3] o.s.security.web.FilterChainProxy        : Securing GET /v1/courses
2026-09-02T15:23:30.492+05:00 DEBUG 1848 --- [http-nio-8089-exec-3] s.w.s.m.m.a.RequestMappingHandlerMapping : Mapped to com.codeneticx.nihaobackend.controller.V1Controller#getCourses()
2026-09-02T15:23:30.493+05:00 DEBUG 1848 --- [http-nio-8089-exec-3] s.w.s.m.m.a.RequestMappingHandlerMapping : Mapped to com.codeneticx.nihaobackend.controller.V1Controller#getCourses()
2026-09-02T15:23:30.493+05:00 DEBUG 1848 --- [http-nio-8089-exec-3] s.w.s.m.m.a.RequestMappingHandlerMapping : Mapped to com.codeneticx.nihaobackend.controller.V1Controller#getCourses()
2026-09-02T15:23:30.493+05:00 DEBUG 1848 --- [http-nio-8089-exec-3] s.w.s.m.m.a.RequestMappingHandlerMapping : Mapped to com.codeneticx.nihaobackend.controller.V1Controller#getCourses()
2026-09-02T15:23:30.493+05:00 DEBUG 1848 --- [http-nio-8089-exec-3] s.w.s.m.m.a.RequestMappingHandlerMapping : Mapped to com.codeneticx.nihaobackend.controller.V1Controller#getCourses()
2026-09-02T15:23:30.493+05:00 DEBUG 1848 --- [http-nio-8089-exec-3] s.w.s.m.m.a.RequestMappingHandlerMapping : Mapped to com.codeneticx.nihaobackend.controller.V1Controller#getCourses()
2026-09-02T15:23:30.493+05:00 DEBUG 1848 --- [http-nio-8089-exec-3] s.w.s.m.m.a.RequestMappingHandlerMapping : Mapped to com.codeneticx.nihaobackend.controller.V1Controller#getCourses()
2026-09-02T15:23:30.493+05:00 DEBUG 1848 --- [http-nio-8089-exec-3] s.w.s.m.m.a.RequestMappingHandlerMapping : Mapped to com.codeneticx.nihaobackend.controller.V1Controller#getCourses()
2026-09-02T15:23:30.494+05:00 DEBUG 1848 --- [http-nio-8089-exec-3] s.w.s.m.m.a.RequestMappingHandlerMapping : Mapped to com.codeneticx.nihaobackend.controller.V1Controller#getCourses()
2026-09-02T15:23:30.494+05:00 DEBUG 1848 --- [http-nio-8089-exec-3] s.w.s.m.m.a.RequestMappingHandlerMapping : Mapped to com.codeneticx.nihaobackend.controller.V1Controller#getCourses()
2026-09-02T15:23:30.494+05:00 DEBUG 1848 --- [http-nio-8089-exec-3] s.w.s.m.m.a.RequestMappingHandlerMapping : Mapped to com.codeneticx.nihaobackend.controller.V1Controller#getCourses()
2026-09-02T15:23:30.494+05:00 DEBUG 1848 --- [http-nio-8089-exec-3] o.s.security.web.FilterChainProxy        : Secured GET /v1/courses
2026-09-02T15:23:30.494+05:00 DEBUG 1848 --- [http-nio-8089-exec-3] o.s.web.servlet.DispatcherServlet        : GET "/api/v1/courses", parameters={}
2026-09-02T15:23:30.494+05:00 DEBUG 1848 --- [http-nio-8089-exec-3] s.w.s.m.m.a.RequestMappingHandlerMapping : Mapped to com.codeneticx.nihaobackend.controller.V1Controller#getCourses()
2026-09-02T15:23:30.529+05:00 DEBUG 1848 --- [http-nio-8089-exec-3] m.m.a.RequestResponseBodyMethodProcessor : Using 'application/json', given [application/json] and supported [application/json, application/*+json]
2026-09-02T15:23:30.529+05:00 DEBUG 1848 --- [http-nio-8089-exec-3] m.m.a.RequestResponseBodyMethodProcessor : Writing [ApiResponse(success=true, message=Courses fetched successfully, data=[CourseListItemDto(id=0a2552cb- (truncated)...]
2026-09-02T15:23:30.530+05:00 DEBUG 1848 --- [http-nio-8089-exec-3] o.s.web.servlet.DispatcherServlet        : Completed 200 OK
2026-09-02T15:23:30.578+05:00 DEBUG 1848 --- [http-nio-8089-exec-4] o.s.security.web.FilterChainProxy        : Securing GET /v1/courses/0a2552cb-962e-40ef-9cfe-85a6e5830387/units?limit=20&offset=0
2026-09-02T15:23:30.584+05:00 DEBUG 1848 --- [http-nio-8089-exec-4] s.w.s.m.m.a.RequestMappingHandlerMapping : Mapped to com.codeneticx.nihaobackend.controller.V1Controller#getCourseUnits(String, int, int)
2026-09-02T15:23:30.584+05:00 DEBUG 1848 --- [http-nio-8089-exec-4] s.w.s.m.m.a.RequestMappingHandlerMapping : Mapped to com.codeneticx.nihaobackend.controller.V1Controller#getCourseUnits(String, int, int)
2026-09-02T15:23:30.585+05:00 DEBUG 1848 --- [http-nio-8089-exec-4] s.w.s.m.m.a.RequestMappingHandlerMapping : Mapped to com.codeneticx.nihaobackend.controller.V1Controller#getCourseUnits(String, int, int)
2026-09-02T15:23:30.586+05:00 DEBUG 1848 --- [http-nio-8089-exec-4] s.w.s.m.m.a.RequestMappingHandlerMapping : Mapped to com.codeneticx.nihaobackend.controller.V1Controller#getCourseUnits(String, int, int)
2026-09-02T15:23:30.586+05:00 DEBUG 1848 --- [http-nio-8089-exec-4] s.w.s.m.m.a.RequestMappingHandlerMapping : Mapped to com.codeneticx.nihaobackend.controller.V1Controller#getCourseUnits(String, int, int)
2026-09-02T15:23:30.587+05:00 DEBUG 1848 --- [http-nio-8089-exec-4] s.w.s.m.m.a.RequestMappingHandlerMapping : Mapped to com.codeneticx.nihaobackend.controller.V1Controller#getCourseUnits(String, int, int)
2026-09-02T15:23:30.587+05:00 DEBUG 1848 --- [http-nio-8089-exec-4] s.w.s.m.m.a.RequestMappingHandlerMapping : Mapped to com.codeneticx.nihaobackend.controller.V1Controller#getCourseUnits(String, int, int)
2026-09-02T15:23:30.588+05:00 DEBUG 1848 --- [http-nio-8089-exec-4] s.w.s.m.m.a.RequestMappingHandlerMapping : Mapped to com.codeneticx.nihaobackend.controller.V1Controller#getCourseUnits(String, int, int)
2026-09-02T15:23:30.588+05:00 DEBUG 1848 --- [http-nio-8089-exec-4] s.w.s.m.m.a.RequestMappingHandlerMapping : Mapped to com.codeneticx.nihaobackend.controller.V1Controller#getCourseUnits(String, int, int)
2026-09-02T15:23:30.589+05:00 DEBUG 1848 --- [http-nio-8089-exec-4] s.w.s.m.m.a.RequestMappingHandlerMapping : Mapped to com.codeneticx.nihaobackend.controller.V1Controller#getCourseUnits(String, int, int)
2026-09-02T15:23:30.589+05:00 DEBUG 1848 --- [http-nio-8089-exec-4] s.w.s.m.m.a.RequestMappingHandlerMapping : Mapped to com.codeneticx.nihaobackend.controller.V1Controller#getCourseUnits(String, int, int)
2026-09-02T15:23:30.589+05:00 DEBUG 1848 --- [http-nio-8089-exec-4] o.s.security.web.FilterChainProxy        : Secured GET /v1/courses/0a2552cb-962e-40ef-9cfe-85a6e5830387/units?limit=20&offset=0
2026-09-02T15:23:30.589+05:00 DEBUG 1848 --- [http-nio-8089-exec-4] o.s.web.servlet.DispatcherServlet        : GET "/api/v1/courses/0a2552cb-962e-40ef-9cfe-85a6e5830387/units?limit=20&offset=0", parameters={masked}
2026-09-02T15:23:30.591+05:00 DEBUG 1848 --- [http-nio-8089-exec-4] s.w.s.m.m.a.RequestMappingHandlerMapping : Mapped to com.codeneticx.nihaobackend.controller.V1Controller#getCourseUnits(String, int, int)
2026-09-02T15:23:30.616+05:00 DEBUG 1848 --- [http-nio-8089-exec-4] m.m.a.RequestResponseBodyMethodProcessor : Using 'application/json', given [application/json] and supported [application/json, application/*+json]
2026-09-02T15:23:30.617+05:00 DEBUG 1848 --- [http-nio-8089-exec-4] m.m.a.RequestResponseBodyMethodProcessor : Writing [ApiResponse(success=true, message=Units fetched successfully, data=[UnitJourneyNodeDto(id=f32cee8d-2 (truncated)...]
2026-09-02T15:23:30.617+05:00 DEBUG 1848 --- [http-nio-8089-exec-4] o.s.web.servlet.DispatcherServlet        : Completed 200 OK
2026-09-02T15:23:30.654+05:00 DEBUG 1848 --- [http-nio-8089-exec-5] o.s.security.web.FilterChainProxy        : Securing GET /v1/units/f32cee8d-264d-47e2-a3e0-6c4ede6e0e09/lessons
2026-09-02T15:23:30.661+05:00 DEBUG 1848 --- [http-nio-8089-exec-5] s.w.s.m.m.a.RequestMappingHandlerMapping : Mapped to com.codeneticx.nihaobackend.controller.V1Controller#getUnitLessons(String)
2026-09-02T15:23:30.661+05:00 DEBUG 1848 --- [http-nio-8089-exec-5] s.w.s.m.m.a.RequestMappingHandlerMapping : Mapped to com.codeneticx.nihaobackend.controller.V1Controller#getUnitLessons(String)
2026-09-02T15:23:30.662+05:00 DEBUG 1848 --- [http-nio-8089-exec-5] s.w.s.m.m.a.RequestMappingHandlerMapping : Mapped to com.codeneticx.nihaobackend.controller.V1Controller#getUnitLessons(String)
2026-09-02T15:23:30.662+05:00 DEBUG 1848 --- [http-nio-8089-exec-5] s.w.s.m.m.a.RequestMappingHandlerMapping : Mapped to com.codeneticx.nihaobackend.controller.V1Controller#getUnitLessons(String)
2026-09-02T15:23:30.663+05:00 DEBUG 1848 --- [http-nio-8089-exec-5] s.w.s.m.m.a.RequestMappingHandlerMapping : Mapped to com.codeneticx.nihaobackend.controller.V1Controller#getUnitLessons(String)
2026-09-02T15:23:30.663+05:00 DEBUG 1848 --- [http-nio-8089-exec-5] s.w.s.m.m.a.RequestMappingHandlerMapping : Mapped to com.codeneticx.nihaobackend.controller.V1Controller#getUnitLessons(String)
2026-09-02T15:23:30.664+05:00 DEBUG 1848 --- [http-nio-8089-exec-5] s.w.s.m.m.a.RequestMappingHandlerMapping : Mapped to com.codeneticx.nihaobackend.controller.V1Controller#getUnitLessons(String)
2026-09-02T15:23:30.664+05:00 DEBUG 1848 --- [http-nio-8089-exec-5] s.w.s.m.m.a.RequestMappingHandlerMapping : Mapped to com.codeneticx.nihaobackend.controller.V1Controller#getUnitLessons(String)
2026-09-02T15:23:30.666+05:00 DEBUG 1848 --- [http-nio-8089-exec-5] s.w.s.m.m.a.RequestMappingHandlerMapping : Mapped to com.codeneticx.nihaobackend.controller.V1Controller#getUnitLessons(String)
2026-09-02T15:23:30.666+05:00 DEBUG 1848 --- [http-nio-8089-exec-5] s.w.s.m.m.a.RequestMappingHandlerMapping : Mapped to com.codeneticx.nihaobackend.controller.V1Controller#getUnitLessons(String)
2026-09-02T15:23:30.667+05:00 DEBUG 1848 --- [http-nio-8089-exec-5] s.w.s.m.m.a.RequestMappingHandlerMapping : Mapped to com.codeneticx.nihaobackend.controller.V1Controller#getUnitLessons(String)
2026-09-02T15:23:30.667+05:00 DEBUG 1848 --- [http-nio-8089-exec-5] o.s.security.web.FilterChainProxy        : Secured GET /v1/units/f32cee8d-264d-47e2-a3e0-6c4ede6e0e09/lessons
2026-09-02T15:23:30.667+05:00 DEBUG 1848 --- [http-nio-8089-exec-5] o.s.web.servlet.DispatcherServlet        : GET "/api/v1/units/f32cee8d-264d-47e2-a3e0-6c4ede6e0e09/lessons", parameters={}
2026-09-02T15:23:30.667+05:00 DEBUG 1848 --- [http-nio-8089-exec-5] s.w.s.m.m.a.RequestMappingHandlerMapping : Mapped to com.codeneticx.nihaobackend.controller.V1Controller#getUnitLessons(String)
2026-09-02T15:23:30.685+05:00 DEBUG 1848 --- [http-nio-8089-exec-5] m.m.a.RequestResponseBodyMethodProcessor : Using 'application/json', given [application/json] and supported [application/json, application/*+json]
2026-09-02T15:23:30.685+05:00 DEBUG 1848 --- [http-nio-8089-exec-5] m.m.a.RequestResponseBodyMethodProcessor : Writing [ApiResponse(success=true, message=Lessons fetched successfully, data=[LessonJourneyNodeDto(id=780b13 (truncated)...]
2026-09-02T15:23:30.686+05:00 DEBUG 1848 --- [http-nio-8089-exec-5] o.s.web.servlet.DispatcherServlet        : Completed 200 OK
2026-09-02T15:23:30.743+05:00 DEBUG 1848 --- [http-nio-8089-exec-6] o.s.security.web.FilterChainProxy        : Securing GET /v1/courses/0a2552cb-962e-40ef-9cfe-85a6e5830387/progress
2026-09-02T15:23:30.749+05:00 DEBUG 1848 --- [http-nio-8089-exec-6] s.w.s.m.m.a.RequestMappingHandlerMapping : Mapped to com.codeneticx.nihaobackend.controller.V1Controller#getCourseProgress(String)
2026-09-02T15:23:30.750+05:00 DEBUG 1848 --- [http-nio-8089-exec-6] s.w.s.m.m.a.RequestMappingHandlerMapping : Mapped to com.codeneticx.nihaobackend.controller.V1Controller#getCourseProgress(String)
2026-09-02T15:23:30.751+05:00 DEBUG 1848 --- [http-nio-8089-exec-6] s.w.s.m.m.a.RequestMappingHandlerMapping : Mapped to com.codeneticx.nihaobackend.controller.V1Controller#getCourseProgress(String)
2026-09-02T15:23:30.752+05:00 DEBUG 1848 --- [http-nio-8089-exec-6] s.w.s.m.m.a.RequestMappingHandlerMapping : Mapped to com.codeneticx.nihaobackend.controller.V1Controller#getCourseProgress(String)
2026-09-02T15:23:30.752+05:00 DEBUG 1848 --- [http-nio-8089-exec-6] s.w.s.m.m.a.RequestMappingHandlerMapping : Mapped to com.codeneticx.nihaobackend.controller.V1Controller#getCourseProgress(String)
2026-09-02T15:23:30.754+05:00 DEBUG 1848 --- [http-nio-8089-exec-6] s.w.s.m.m.a.RequestMappingHandlerMapping : Mapped to com.codeneticx.nihaobackend.controller.V1Controller#getCourseProgress(String)
2026-09-02T15:23:30.755+05:00 DEBUG 1848 --- [http-nio-8089-exec-6] s.w.s.m.m.a.RequestMappingHandlerMapping : Mapped to com.codeneticx.nihaobackend.controller.V1Controller#getCourseProgress(String)
2026-09-02T15:23:30.755+05:00 DEBUG 1848 --- [http-nio-8089-exec-6] s.w.s.m.m.a.RequestMappingHandlerMapping : Mapped to com.codeneticx.nihaobackend.controller.V1Controller#getCourseProgress(String)
2026-09-02T15:23:30.755+05:00 DEBUG 1848 --- [http-nio-8089-exec-6] s.w.s.m.m.a.RequestMappingHandlerMapping : Mapped to com.codeneticx.nihaobackend.controller.V1Controller#getCourseProgress(String)
2026-09-02T15:23:30.756+05:00 DEBUG 1848 --- [http-nio-8089-exec-6] s.w.s.m.m.a.RequestMappingHandlerMapping : Mapped to com.codeneticx.nihaobackend.controller.V1Controller#getCourseProgress(String)
2026-09-02T15:23:30.757+05:00 DEBUG 1848 --- [http-nio-8089-exec-6] s.w.s.m.m.a.RequestMappingHandlerMapping : Mapped to com.codeneticx.nihaobackend.controller.V1Controller#getCourseProgress(String)
2026-09-02T15:23:30.758+05:00 DEBUG 1848 --- [http-nio-8089-exec-6] o.s.security.web.FilterChainProxy        : Secured GET /v1/courses/0a2552cb-962e-40ef-9cfe-85a6e5830387/progress
2026-09-02T15:23:30.758+05:00 DEBUG 1848 --- [http-nio-8089-exec-6] o.s.web.servlet.DispatcherServlet        : GET "/api/v1/courses/0a2552cb-962e-40ef-9cfe-85a6e5830387/progress", parameters={}
2026-09-02T15:23:30.759+05:00 DEBUG 1848 --- [http-nio-8089-exec-6] s.w.s.m.m.a.RequestMappingHandlerMapping : Mapped to com.codeneticx.nihaobackend.controller.V1Controller#getCourseProgress(String)
2026-09-02T15:23:30.791+05:00 DEBUG 1848 --- [http-nio-8089-exec-6] m.m.a.RequestResponseBodyMethodProcessor : Using 'application/json', given [application/json] and supported [application/json, application/*+json]
2026-09-02T15:23:30.791+05:00 DEBUG 1848 --- [http-nio-8089-exec-6] m.m.a.RequestResponseBodyMethodProcessor : Writing [ApiResponse(success=true, message=Course progress fetched successfully, data=CourseProgressDto(xp=40 (truncated)...]
2026-09-02T15:23:30.792+05:00 DEBUG 1848 --- [http-nio-8089-exec-6] o.s.web.servlet.DispatcherServlet        : Completed 200 OK
2026-09-02T15:23:32.516+05:00 DEBUG 1848 --- [http-nio-8089-exec-7] o.s.security.web.FilterChainProxy        : Securing GET /v1/lessons/ba3f33d6-3ad2-44fe-9e22-1c9e8d78a09a/exercises
2026-09-02T15:23:32.525+05:00 DEBUG 1848 --- [http-nio-8089-exec-7] s.w.s.m.m.a.RequestMappingHandlerMapping : Mapped to com.codeneticx.nihaobackend.controller.V1Controller#getLessonExercises(String)
2026-09-02T15:23:32.526+05:00 DEBUG 1848 --- [http-nio-8089-exec-7] s.w.s.m.m.a.RequestMappingHandlerMapping : Mapped to com.codeneticx.nihaobackend.controller.V1Controller#getLessonExercises(String)
2026-09-02T15:23:32.526+05:00 DEBUG 1848 --- [http-nio-8089-exec-7] s.w.s.m.m.a.RequestMappingHandlerMapping : Mapped to com.codeneticx.nihaobackend.controller.V1Controller#getLessonExercises(String)
2026-09-02T15:23:32.527+05:00 DEBUG 1848 --- [http-nio-8089-exec-7] s.w.s.m.m.a.RequestMappingHandlerMapping : Mapped to com.codeneticx.nihaobackend.controller.V1Controller#getLessonExercises(String)
2026-09-02T15:23:32.527+05:00 DEBUG 1848 --- [http-nio-8089-exec-7] s.w.s.m.m.a.RequestMappingHandlerMapping : Mapped to com.codeneticx.nihaobackend.controller.V1Controller#getLessonExercises(String)
2026-09-02T15:23:32.527+05:00 DEBUG 1848 --- [http-nio-8089-exec-7] s.w.s.m.m.a.RequestMappingHandlerMapping : Mapped to com.codeneticx.nihaobackend.controller.V1Controller#getLessonExercises(String)
2026-09-02T15:23:32.528+05:00 DEBUG 1848 --- [http-nio-8089-exec-7] s.w.s.m.m.a.RequestMappingHandlerMapping : Mapped to com.codeneticx.nihaobackend.controller.V1Controller#getLessonExercises(String)
2026-09-02T15:23:32.528+05:00 DEBUG 1848 --- [http-nio-8089-exec-7] s.w.s.m.m.a.RequestMappingHandlerMapping : Mapped to com.codeneticx.nihaobackend.controller.V1Controller#getLessonExercises(String)
2026-09-02T15:23:32.528+05:00 DEBUG 1848 --- [http-nio-8089-exec-7] s.w.s.m.m.a.RequestMappingHandlerMapping : Mapped to com.codeneticx.nihaobackend.controller.V1Controller#getLessonExercises(String)
2026-09-02T15:23:32.529+05:00 DEBUG 1848 --- [http-nio-8089-exec-7] s.w.s.m.m.a.RequestMappingHandlerMapping : Mapped to com.codeneticx.nihaobackend.controller.V1Controller#getLessonExercises(String)
2026-09-02T15:23:32.529+05:00 DEBUG 1848 --- [http-nio-8089-exec-7] s.w.s.m.m.a.RequestMappingHandlerMapping : Mapped to com.codeneticx.nihaobackend.controller.V1Controller#getLessonExercises(String)
2026-09-02T15:23:32.530+05:00 DEBUG 1848 --- [http-nio-8089-exec-7] o.s.security.web.FilterChainProxy        : Secured GET /v1/lessons/ba3f33d6-3ad2-44fe-9e22-1c9e8d78a09a/exercises
2026-09-02T15:23:32.530+05:00 DEBUG 1848 --- [http-nio-8089-exec-7] o.s.web.servlet.DispatcherServlet        : GET "/api/v1/lessons/ba3f33d6-3ad2-44fe-9e22-1c9e8d78a09a/exercises", parameters={}
2026-09-02T15:23:32.530+05:00 DEBUG 1848 --- [http-nio-8089-exec-7] s.w.s.m.m.a.RequestMappingHandlerMapping : Mapped to com.codeneticx.nihaobackend.controller.V1Controller#getLessonExercises(String)
2026-09-02T15:23:32.587+05:00 DEBUG 1848 --- [http-nio-8089-exec-7] m.m.a.RequestResponseBodyMethodProcessor : Using 'application/json', given [application/json] and supported [application/json, application/*+json]
2026-09-02T15:23:32.591+05:00 DEBUG 1848 --- [http-nio-8089-exec-7] m.m.a.RequestResponseBodyMethodProcessor : Writing [ApiResponse(success=true, message=Exercises fetched successfully, data=[ExerciseNodeDto(id=3ff4944b- (truncated)...]
2026-09-02T15:23:32.595+05:00 DEBUG 1848 --- [http-nio-8089-exec-7] o.s.web.servlet.DispatcherServlet        : Completed 200 OK
2026-09-02T15:23:44.541+05:00 DEBUG 1848 --- [HikariPool-1 housekeeper] com.zaxxer.hikari.pool.HikariPool        : HikariPool-1 - Pool stats (total=10, active=0, idle=10, waiting=0)
2026-09-02T15:23:44.541+05:00 DEBUG 1848 --- [HikariPool-1 housekeeper] com.zaxxer.hikari.pool.HikariPool        : HikariPool-1 - Fill pool skipped, pool has sufficient level or currently being filled (queueDepth=0).
2026-09-02T15:24:14.543+05:00 DEBUG 1848 --- [HikariPool-1 housekeeper] com.zaxxer.hikari.pool.HikariPool        : HikariPool-1 - Pool stats (total=10, active=0, idle=10, waiting=0)
2026-09-02T15:24:14.543+05:00 DEBUG 1848 --- [HikariPool-1 housekeeper] com.zaxxer.hikari.pool.HikariPool        : HikariPool-1 - Fill pool skipped, pool has sufficient level or currently being filled (queueDepth=0).
2026-09-02T15:24:44.554+05:00 DEBUG 1848 --- [HikariPool-1 housekeeper] com.zaxxer.hikari.pool.HikariPool        : HikariPool-1 - Pool stats (total=10, active=0, idle=10, waiting=0)
2026-09-02T15:24:44.558+05:00 DEBUG 1848 --- [HikariPool-1 housekeeper] com.zaxxer.hikari.pool.HikariPool        : HikariPool-1 - Fill pool skipped, pool has sufficient level or currently being filled (queueDepth=0).
2026-09-02T15:25:14.564+05:00 DEBUG 1848 --- [HikariPool-1 housekeeper] com.zaxxer.hikari.pool.HikariPool        : HikariPool-1 - Pool stats (total=10, active=0, idle=10, waiting=0)
2026-09-02T15:25:14.565+05:00 DEBUG 1848 --- [HikariPool-1 housekeeper] com.zaxxer.hikari.pool.HikariPool        : HikariPool-1 - Fill pool skipped, pool has sufficient level or currently being filled (queueDepth=0).
2026-09-02T15:25:44.570+05:00 DEBUG 1848 --- [HikariPool-1 housekeeper] com.zaxxer.hikari.pool.HikariPool        : HikariPool-1 - Pool stats (total=10, active=0, idle=10, waiting=0)
2026-09-02T15:25:44.571+05:00 DEBUG 1848 --- [HikariPool-1 housekeeper] com.zaxxer.hikari.pool.HikariPool        : HikariPool-1 - Fill pool skipped, pool has sufficient level or currently being filled (queueDepth=0).
2026-09-02T15:26:14.578+05:00 DEBUG 1848 --- [HikariPool-1 housekeeper] com.zaxxer.hikari.pool.HikariPool        : HikariPool-1 - Pool stats (total=10, active=0, idle=10, waiting=0)
2026-09-02T15:26:14.579+05:00 DEBUG 1848 --- [HikariPool-1 housekeeper] com.zaxxer.hikari.pool.HikariPool        : HikariPool-1 - Fill pool skipped, pool has sufficient level or currently being filled (queueDepth=0).
2026-09-02T15:26:34.995+05:00 DEBUG 1848 --- [HikariPool-1 connection closer] com.zaxxer.hikari.pool.PoolBase          : HikariPool-1 - Closing connection com.mysql.cj.jdbc.ConnectionImpl@7c00a135: (connection has passed maxLifetime)
2026-09-02T15:26:35.064+05:00 DEBUG 1848 --- [HikariPool-1 connection adder] com.zaxxer.hikari.pool.HikariPool        : HikariPool-1 - Added connection com.mysql.cj.jdbc.ConnectionImpl@769528af
2026-09-02T15:26:37.428+05:00 DEBUG 1848 --- [HikariPool-1 connection closer] com.zaxxer.hikari.pool.PoolBase          : HikariPool-1 - Closing connection com.mysql.cj.jdbc.ConnectionImpl@2f4383f6: (connection has passed maxLifetime)
2026-09-02T15:26:37.435+05:00 DEBUG 1848 --- [HikariPool-1 connection adder] com.zaxxer.hikari.pool.HikariPool        : HikariPool-1 - Added connection com.mysql.cj.jdbc.ConnectionImpl@37a82294
2026-09-02T15:26:44.590+05:00 DEBUG 1848 --- [HikariPool-1 housekeeper] com.zaxxer.hikari.pool.HikariPool        : HikariPool-1 - Pool stats (total=10, active=0, idle=10, waiting=0)
2026-09-02T15:26:44.591+05:00 DEBUG 1848 --- [HikariPool-1 housekeeper] com.zaxxer.hikari.pool.HikariPool        : HikariPool-1 - Fill pool skipped, pool has sufficient level or currently being filled (queueDepth=0).
2026-09-02T15:26:45.801+05:00 DEBUG 1848 --- [HikariPool-1 connection closer] com.zaxxer.hikari.pool.PoolBase          : HikariPool-1 - Closing connection com.mysql.cj.jdbc.ConnectionImpl@6a337f3b: (connection has passed maxLifetime)
2026-09-02T15:26:45.806+05:00 DEBUG 1848 --- [HikariPool-1 connection adder] com.zaxxer.hikari.pool.HikariPool        : HikariPool-1 - Added connection com.mysql.cj.jdbc.ConnectionImpl@a6e9bc0
2026-09-02T15:26:47.742+05:00 DEBUG 1848 --- [HikariPool-1 connection closer] com.zaxxer.hikari.pool.PoolBase          : HikariPool-1 - Closing connection com.mysql.cj.jdbc.ConnectionImpl@4d496ff9: (connection has passed maxLifetime)
2026-09-02T15:26:47.754+05:00 DEBUG 1848 --- [HikariPool-1 connection adder] com.zaxxer.hikari.pool.HikariPool        : HikariPool-1 - Added connection com.mysql.cj.jdbc.ConnectionImpl@4b5391fb
2026-09-02T15:26:53.245+05:00 DEBUG 1848 --- [HikariPool-1 connection closer] com.zaxxer.hikari.pool.PoolBase          : HikariPool-1 - Closing connection com.mysql.cj.jdbc.ConnectionImpl@14fba531: (connection has passed maxLifetime)
2026-09-02T15:26:53.254+05:00 DEBUG 1848 --- [HikariPool-1 connection adder] com.zaxxer.hikari.pool.HikariPool        : HikariPool-1 - Added connection com.mysql.cj.jdbc.ConnectionImpl@67c37835
2026-09-02T15:26:53.835+05:00 DEBUG 1848 --- [HikariPool-1 connection closer] com.zaxxer.hikari.pool.PoolBase          : HikariPool-1 - Closing connection com.mysql.cj.jdbc.ConnectionImpl@4a570213: (connection has passed maxLifetime)
2026-09-02T15:26:53.840+05:00 DEBUG 1848 --- [HikariPool-1 connection adder] com.zaxxer.hikari.pool.HikariPool        : HikariPool-1 - Added connection com.mysql.cj.jdbc.ConnectionImpl@26fe720e
2026-09-02T15:26:55.847+05:00 DEBUG 1848 --- [HikariPool-1 connection closer] com.zaxxer.hikari.pool.PoolBase          : HikariPool-1 - Closing connection com.mysql.cj.jdbc.ConnectionImpl@6549c160: (connection has passed maxLifetime)
2026-09-02T15:26:55.853+05:00 DEBUG 1848 --- [HikariPool-1 connection adder] com.zaxxer.hikari.pool.HikariPool        : HikariPool-1 - Added connection com.mysql.cj.jdbc.ConnectionImpl@1712558f
2026-09-02T15:27:06.640+05:00 DEBUG 1848 --- [HikariPool-1 connection closer] com.zaxxer.hikari.pool.PoolBase          : HikariPool-1 - Closing connection com.mysql.cj.jdbc.ConnectionImpl@fff0e71: (connection has passed maxLifetime)
2026-09-02T15:27:06.668+05:00 DEBUG 1848 --- [HikariPool-1 connection adder] com.zaxxer.hikari.pool.HikariPool        : HikariPool-1 - Added connection com.mysql.cj.jdbc.ConnectionImpl@18dc52d
2026-09-02T15:27:06.829+05:00 DEBUG 1848 --- [HikariPool-1 connection closer] com.zaxxer.hikari.pool.PoolBase          : HikariPool-1 - Closing connection com.mysql.cj.jdbc.ConnectionImpl@6c35946d: (connection has passed maxLifetime)
2026-09-02T15:27:06.842+05:00 DEBUG 1848 --- [HikariPool-1 connection adder] com.zaxxer.hikari.pool.HikariPool        : HikariPool-1 - Added connection com.mysql.cj.jdbc.ConnectionImpl@40b0cf16
2026-09-02T15:27:07.878+05:00 DEBUG 1848 --- [HikariPool-1 connection closer] com.zaxxer.hikari.pool.PoolBase          : HikariPool-1 - Closing connection com.mysql.cj.jdbc.ConnectionImpl@4e870dd9: (connection has passed maxLifetime)
2026-09-02T15:27:07.886+05:00 DEBUG 1848 --- [HikariPool-1 connection adder] com.zaxxer.hikari.pool.HikariPool        : HikariPool-1 - Added connection com.mysql.cj.jdbc.ConnectionImpl@713ac860
2026-09-02T15:27:14.596+05:00 DEBUG 1848 --- [HikariPool-1 housekeeper] com.zaxxer.hikari.pool.HikariPool        : HikariPool-1 - Pool stats (total=10, active=0, idle=10, waiting=0)
2026-09-02T15:27:14.596+05:00 DEBUG 1848 --- [HikariPool-1 housekeeper] com.zaxxer.hikari.pool.HikariPool        : HikariPool-1 - Fill pool skipped, pool has sufficient level or currently being filled (queueDepth=0).
2026-09-02T15:27:44.601+05:00 DEBUG 1848 --- [HikariPool-1 housekeeper] com.zaxxer.hikari.pool.HikariPool        : HikariPool-1 - Pool stats (total=10, active=0, idle=10, waiting=0)
2026-09-02T15:27:44.603+05:00 DEBUG 1848 --- [HikariPool-1 housekeeper] com.zaxxer.hikari.pool.HikariPool        : HikariPool-1 - Fill pool skipped, pool has sufficient level or currently being filled (queueDepth=0).
2026-09-02T15:28:14.606+05:00 DEBUG 1848 --- [HikariPool-1 housekeeper] com.zaxxer.hikari.pool.HikariPool        : HikariPool-1 - Pool stats (total=10, active=0, idle=10, waiting=0)
2026-09-02T15:28:14.608+05:00 DEBUG 1848 --- [HikariPool-1 housekeeper] com.zaxxer.hikari.pool.HikariPool        : HikariPool-1 - Fill pool skipped, pool has sufficient level or currently being filled (queueDepth=0).
2026-09-02T15:28:44.614+05:00 DEBUG 1848 --- [HikariPool-1 housekeeper] com.zaxxer.hikari.pool.HikariPool        : HikariPool-1 - Pool stats (total=10, active=0, idle=10, waiting=0)
2026-09-02T15:28:44.614+05:00 DEBUG 1848 --- [HikariPool-1 housekeeper] com.zaxxer.hikari.pool.HikariPool        : HikariPool-1 - Fill pool skipped, pool has sufficient level or currently being filled (queueDepth=0).
2026-09-02T15:29:14.626+05:00 DEBUG 1848 --- [HikariPool-1 housekeeper] com.zaxxer.hikari.pool.HikariPool        : HikariPool-1 - Pool stats (total=10, active=0, idle=10, waiting=0)
2026-09-02T15:29:14.627+05:00 DEBUG 1848 --- [HikariPool-1 housekeeper] com.zaxxer.hikari.pool.HikariPool        : HikariPool-1 - Fill pool skipped, pool has sufficient level or currently being filled (queueDepth=0).
2026-09-02T15:29:44.654+05:00 DEBUG 1848 --- [HikariPool-1 housekeeper] com.zaxxer.hikari.pool.HikariPool        : HikariPool-1 - Pool stats (total=10, active=0, idle=10, waiting=0)
2026-09-02T15:29:44.660+05:00 DEBUG 1848 --- [HikariPool-1 housekeeper] com.zaxxer.hikari.pool.HikariPool        : HikariPool-1 - Fill pool skipped, pool has sufficient level or currently being filled (queueDepth=0).
2026-09-02T15:30:11.343+05:00 DEBUG 1848 --- [http-nio-8089-exec-9] o.s.security.web.FilterChainProxy        : Securing POST /v1/api/login
2026-09-02T15:30:11.353+05:00 DEBUG 1848 --- [http-nio-8089-exec-9] o.s.s.w.a.AnonymousAuthenticationFilter  : Set SecurityContextHolder to anonymous SecurityContext
2026-09-02T15:30:11.366+05:00 DEBUG 1848 --- [http-nio-8089-exec-9] s.w.s.m.m.a.RequestMappingHandlerMapping : Mapped to com.codeneticx.nihaobackend.controller.V1ApiController#login(MobileLoginRequest)
2026-09-02T15:30:11.368+05:00 DEBUG 1848 --- [http-nio-8089-exec-9] s.w.s.m.m.a.RequestMappingHandlerMapping : Mapped to com.codeneticx.nihaobackend.controller.V1ApiController#login(MobileLoginRequest)
2026-09-02T15:30:11.369+05:00 DEBUG 1848 --- [http-nio-8089-exec-9] s.w.s.m.m.a.RequestMappingHandlerMapping : Mapped to com.codeneticx.nihaobackend.controller.V1ApiController#login(MobileLoginRequest)
2026-09-02T15:30:11.369+05:00 DEBUG 1848 --- [http-nio-8089-exec-9] s.w.s.m.m.a.RequestMappingHandlerMapping : Mapped to com.codeneticx.nihaobackend.controller.V1ApiController#login(MobileLoginRequest)
2026-09-02T15:30:11.369+05:00 DEBUG 1848 --- [http-nio-8089-exec-9] s.w.s.m.m.a.RequestMappingHandlerMapping : Mapped to com.codeneticx.nihaobackend.controller.V1ApiController#login(MobileLoginRequest)
2026-09-02T15:30:11.371+05:00 DEBUG 1848 --- [http-nio-8089-exec-9] o.s.security.web.FilterChainProxy        : Secured POST /v1/api/login
2026-09-02T15:30:11.375+05:00 DEBUG 1848 --- [http-nio-8089-exec-9] o.s.web.servlet.DispatcherServlet        : POST "/api/v1/api/login", parameters={}
2026-09-02T15:30:11.376+05:00 DEBUG 1848 --- [http-nio-8089-exec-9] s.w.s.m.m.a.RequestMappingHandlerMapping : Mapped to com.codeneticx.nihaobackend.controller.V1ApiController#login(MobileLoginRequest)
2026-09-02T15:30:11.406+05:00 DEBUG 1848 --- [http-nio-8089-exec-9] m.m.a.RequestResponseBodyMethodProcessor : Read "application/json;charset=UTF-8" to [MobileLoginRequest(email=student@nihao-urdu.com, password=student123, deviceId=null, deviceName=null (truncated)...]
2026-09-02T15:30:11.881+05:00 DEBUG 1848 --- [http-nio-8089-exec-9] m.m.a.RequestResponseBodyMethodProcessor : Using 'application/json', given [application/json] and supported [application/json, application/*+json]
2026-09-02T15:30:11.883+05:00 DEBUG 1848 --- [http-nio-8089-exec-9] m.m.a.RequestResponseBodyMethodProcessor : Writing [ApiResponse(success=true, message=Login successful, data=MobileAuthResponse(token=eyJhbGciOiJIUzI1Ni (truncated)...]
2026-09-02T15:30:11.887+05:00 DEBUG 1848 --- [http-nio-8089-exec-9] o.s.web.servlet.DispatcherServlet        : Completed 200 OK
2026-09-02T15:30:12.035+05:00 DEBUG 1848 --- [http-nio-8089-exec-10] o.s.security.web.FilterChainProxy        : Securing GET /v1/courses
2026-09-02T15:30:12.049+05:00 DEBUG 1848 --- [http-nio-8089-exec-10] s.w.s.m.m.a.RequestMappingHandlerMapping : Mapped to com.codeneticx.nihaobackend.controller.V1Controller#getCourses()
2026-09-02T15:30:12.049+05:00 DEBUG 1848 --- [http-nio-8089-exec-10] s.w.s.m.m.a.RequestMappingHandlerMapping : Mapped to com.codeneticx.nihaobackend.controller.V1Controller#getCourses()
2026-09-02T15:30:12.049+05:00 DEBUG 1848 --- [http-nio-8089-exec-10] s.w.s.m.m.a.RequestMappingHandlerMapping : Mapped to com.codeneticx.nihaobackend.controller.V1Controller#getCourses()
2026-09-02T15:30:12.049+05:00 DEBUG 1848 --- [http-nio-8089-exec-10] s.w.s.m.m.a.RequestMappingHandlerMapping : Mapped to com.codeneticx.nihaobackend.controller.V1Controller#getCourses()
2026-09-02T15:30:12.050+05:00 DEBUG 1848 --- [http-nio-8089-exec-10] s.w.s.m.m.a.RequestMappingHandlerMapping : Mapped to com.codeneticx.nihaobackend.controller.V1Controller#getCourses()
2026-09-02T15:30:12.050+05:00 DEBUG 1848 --- [http-nio-8089-exec-10] s.w.s.m.m.a.RequestMappingHandlerMapping : Mapped to com.codeneticx.nihaobackend.controller.V1Controller#getCourses()
2026-09-02T15:30:12.050+05:00 DEBUG 1848 --- [http-nio-8089-exec-10] s.w.s.m.m.a.RequestMappingHandlerMapping : Mapped to com.codeneticx.nihaobackend.controller.V1Controller#getCourses()
2026-09-02T15:30:12.050+05:00 DEBUG 1848 --- [http-nio-8089-exec-10] s.w.s.m.m.a.RequestMappingHandlerMapping : Mapped to com.codeneticx.nihaobackend.controller.V1Controller#getCourses()
2026-09-02T15:30:12.050+05:00 DEBUG 1848 --- [http-nio-8089-exec-10] s.w.s.m.m.a.RequestMappingHandlerMapping : Mapped to com.codeneticx.nihaobackend.controller.V1Controller#getCourses()
2026-09-02T15:30:12.050+05:00 DEBUG 1848 --- [http-nio-8089-exec-10] s.w.s.m.m.a.RequestMappingHandlerMapping : Mapped to com.codeneticx.nihaobackend.controller.V1Controller#getCourses()
2026-09-02T15:30:12.051+05:00 DEBUG 1848 --- [http-nio-8089-exec-10] s.w.s.m.m.a.RequestMappingHandlerMapping : Mapped to com.codeneticx.nihaobackend.controller.V1Controller#getCourses()
2026-09-02T15:30:12.051+05:00 DEBUG 1848 --- [http-nio-8089-exec-10] o.s.security.web.FilterChainProxy        : Secured GET /v1/courses
2026-09-02T15:30:12.051+05:00 DEBUG 1848 --- [http-nio-8089-exec-10] o.s.web.servlet.DispatcherServlet        : GET "/api/v1/courses", parameters={}
2026-09-02T15:30:12.051+05:00 DEBUG 1848 --- [http-nio-8089-exec-10] s.w.s.m.m.a.RequestMappingHandlerMapping : Mapped to com.codeneticx.nihaobackend.controller.V1Controller#getCourses()
2026-09-02T15:30:12.114+05:00 DEBUG 1848 --- [http-nio-8089-exec-10] m.m.a.RequestResponseBodyMethodProcessor : Using 'application/json', given [application/json] and supported [application/json, application/*+json]
2026-09-02T15:30:12.117+05:00 DEBUG 1848 --- [http-nio-8089-exec-10] m.m.a.RequestResponseBodyMethodProcessor : Writing [ApiResponse(success=true, message=Courses fetched successfully, data=[CourseListItemDto(id=0a2552cb- (truncated)...]
2026-09-02T15:30:12.119+05:00 DEBUG 1848 --- [http-nio-8089-exec-10] o.s.web.servlet.DispatcherServlet        : Completed 200 OK
2026-09-02T15:30:12.170+05:00 DEBUG 1848 --- [http-nio-8089-exec-1] o.s.security.web.FilterChainProxy        : Securing GET /v1/courses/0a2552cb-962e-40ef-9cfe-85a6e5830387/units?limit=20&offset=0
2026-09-02T15:30:12.183+05:00 DEBUG 1848 --- [http-nio-8089-exec-1] s.w.s.m.m.a.RequestMappingHandlerMapping : Mapped to com.codeneticx.nihaobackend.controller.V1Controller#getCourseUnits(String, int, int)
2026-09-02T15:30:12.183+05:00 DEBUG 1848 --- [http-nio-8089-exec-1] s.w.s.m.m.a.RequestMappingHandlerMapping : Mapped to com.codeneticx.nihaobackend.controller.V1Controller#getCourseUnits(String, int, int)
2026-09-02T15:30:12.185+05:00 DEBUG 1848 --- [http-nio-8089-exec-1] s.w.s.m.m.a.RequestMappingHandlerMapping : Mapped to com.codeneticx.nihaobackend.controller.V1Controller#getCourseUnits(String, int, int)
2026-09-02T15:30:12.189+05:00 DEBUG 1848 --- [http-nio-8089-exec-1] s.w.s.m.m.a.RequestMappingHandlerMapping : Mapped to com.codeneticx.nihaobackend.controller.V1Controller#getCourseUnits(String, int, int)
2026-09-02T15:30:12.190+05:00 DEBUG 1848 --- [http-nio-8089-exec-1] s.w.s.m.m.a.RequestMappingHandlerMapping : Mapped to com.codeneticx.nihaobackend.controller.V1Controller#getCourseUnits(String, int, int)
2026-09-02T15:30:12.191+05:00 DEBUG 1848 --- [http-nio-8089-exec-1] s.w.s.m.m.a.RequestMappingHandlerMapping : Mapped to com.codeneticx.nihaobackend.controller.V1Controller#getCourseUnits(String, int, int)
2026-09-02T15:30:12.191+05:00 DEBUG 1848 --- [http-nio-8089-exec-1] s.w.s.m.m.a.RequestMappingHandlerMapping : Mapped to com.codeneticx.nihaobackend.controller.V1Controller#getCourseUnits(String, int, int)
2026-09-02T15:30:12.192+05:00 DEBUG 1848 --- [http-nio-8089-exec-1] s.w.s.m.m.a.RequestMappingHandlerMapping : Mapped to com.codeneticx.nihaobackend.controller.V1Controller#getCourseUnits(String, int, int)
2026-09-02T15:30:12.193+05:00 DEBUG 1848 --- [http-nio-8089-exec-1] s.w.s.m.m.a.RequestMappingHandlerMapping : Mapped to com.codeneticx.nihaobackend.controller.V1Controller#getCourseUnits(String, int, int)
2026-09-02T15:30:12.194+05:00 DEBUG 1848 --- [http-nio-8089-exec-1] s.w.s.m.m.a.RequestMappingHandlerMapping : Mapped to com.codeneticx.nihaobackend.controller.V1Controller#getCourseUnits(String, int, int)
2026-09-02T15:30:12.195+05:00 DEBUG 1848 --- [http-nio-8089-exec-1] s.w.s.m.m.a.RequestMappingHandlerMapping : Mapped to com.codeneticx.nihaobackend.controller.V1Controller#getCourseUnits(String, int, int)
2026-09-02T15:30:12.195+05:00 DEBUG 1848 --- [http-nio-8089-exec-1] o.s.security.web.FilterChainProxy        : Secured GET /v1/courses/0a2552cb-962e-40ef-9cfe-85a6e5830387/units?limit=20&offset=0
2026-09-02T15:30:12.195+05:00 DEBUG 1848 --- [http-nio-8089-exec-1] o.s.web.servlet.DispatcherServlet        : GET "/api/v1/courses/0a2552cb-962e-40ef-9cfe-85a6e5830387/units?limit=20&offset=0", parameters={masked}
2026-09-02T15:30:12.196+05:00 DEBUG 1848 --- [http-nio-8089-exec-1] s.w.s.m.m.a.RequestMappingHandlerMapping : Mapped to com.codeneticx.nihaobackend.controller.V1Controller#getCourseUnits(String, int, int)
2026-09-02T15:30:12.239+05:00 DEBUG 1848 --- [http-nio-8089-exec-1] m.m.a.RequestResponseBodyMethodProcessor : Using 'application/json', given [application/json] and supported [application/json, application/*+json]
2026-09-02T15:30:12.241+05:00 DEBUG 1848 --- [http-nio-8089-exec-1] m.m.a.RequestResponseBodyMethodProcessor : Writing [ApiResponse(success=true, message=Units fetched successfully, data=[UnitJourneyNodeDto(id=f32cee8d-2 (truncated)...]
2026-09-02T15:30:12.243+05:00 DEBUG 1848 --- [http-nio-8089-exec-1] o.s.web.servlet.DispatcherServlet        : Completed 200 OK
2026-09-02T15:30:12.922+05:00 DEBUG 1848 --- [http-nio-8089-exec-2] o.s.security.web.FilterChainProxy        : Securing GET /v1/units/f32cee8d-264d-47e2-a3e0-6c4ede6e0e09/lessons
2026-09-02T15:30:12.932+05:00 DEBUG 1848 --- [http-nio-8089-exec-2] s.w.s.m.m.a.RequestMappingHandlerMapping : Mapped to com.codeneticx.nihaobackend.controller.V1Controller#getUnitLessons(String)
2026-09-02T15:30:12.933+05:00 DEBUG 1848 --- [http-nio-8089-exec-2] s.w.s.m.m.a.RequestMappingHandlerMapping : Mapped to com.codeneticx.nihaobackend.controller.V1Controller#getUnitLessons(String)
2026-09-02T15:30:12.934+05:00 DEBUG 1848 --- [http-nio-8089-exec-2] s.w.s.m.m.a.RequestMappingHandlerMapping : Mapped to com.codeneticx.nihaobackend.controller.V1Controller#getUnitLessons(String)
2026-09-02T15:30:12.934+05:00 DEBUG 1848 --- [http-nio-8089-exec-2] s.w.s.m.m.a.RequestMappingHandlerMapping : Mapped to com.codeneticx.nihaobackend.controller.V1Controller#getUnitLessons(String)
2026-09-02T15:30:12.935+05:00 DEBUG 1848 --- [http-nio-8089-exec-2] s.w.s.m.m.a.RequestMappingHandlerMapping : Mapped to com.codeneticx.nihaobackend.controller.V1Controller#getUnitLessons(String)
2026-09-02T15:30:12.936+05:00 DEBUG 1848 --- [http-nio-8089-exec-2] s.w.s.m.m.a.RequestMappingHandlerMapping : Mapped to com.codeneticx.nihaobackend.controller.V1Controller#getUnitLessons(String)
2026-09-02T15:30:12.938+05:00 DEBUG 1848 --- [http-nio-8089-exec-2] s.w.s.m.m.a.RequestMappingHandlerMapping : Mapped to com.codeneticx.nihaobackend.controller.V1Controller#getUnitLessons(String)
2026-09-02T15:30:12.939+05:00 DEBUG 1848 --- [http-nio-8089-exec-2] s.w.s.m.m.a.RequestMappingHandlerMapping : Mapped to com.codeneticx.nihaobackend.controller.V1Controller#getUnitLessons(String)
2026-09-02T15:30:12.939+05:00 DEBUG 1848 --- [http-nio-8089-exec-2] s.w.s.m.m.a.RequestMappingHandlerMapping : Mapped to com.codeneticx.nihaobackend.controller.V1Controller#getUnitLessons(String)
2026-09-02T15:30:12.939+05:00 DEBUG 1848 --- [http-nio-8089-exec-2] s.w.s.m.m.a.RequestMappingHandlerMapping : Mapped to com.codeneticx.nihaobackend.controller.V1Controller#getUnitLessons(String)
2026-09-02T15:30:12.941+05:00 DEBUG 1848 --- [http-nio-8089-exec-2] s.w.s.m.m.a.RequestMappingHandlerMapping : Mapped to com.codeneticx.nihaobackend.controller.V1Controller#getUnitLessons(String)
2026-09-02T15:30:12.941+05:00 DEBUG 1848 --- [http-nio-8089-exec-2] o.s.security.web.FilterChainProxy        : Secured GET /v1/units/f32cee8d-264d-47e2-a3e0-6c4ede6e0e09/lessons
2026-09-02T15:30:12.941+05:00 DEBUG 1848 --- [http-nio-8089-exec-2] o.s.web.servlet.DispatcherServlet        : GET "/api/v1/units/f32cee8d-264d-47e2-a3e0-6c4ede6e0e09/lessons", parameters={}
2026-09-02T15:30:12.942+05:00 DEBUG 1848 --- [http-nio-8089-exec-2] s.w.s.m.m.a.RequestMappingHandlerMapping : Mapped to com.codeneticx.nihaobackend.controller.V1Controller#getUnitLessons(String)
2026-09-02T15:30:12.969+05:00 DEBUG 1848 --- [http-nio-8089-exec-2] m.m.a.RequestResponseBodyMethodProcessor : Using 'application/json', given [application/json] and supported [application/json, application/*+json]
2026-09-02T15:30:12.971+05:00 DEBUG 1848 --- [http-nio-8089-exec-2] m.m.a.RequestResponseBodyMethodProcessor : Writing [ApiResponse(success=true, message=Lessons fetched successfully, data=[LessonJourneyNodeDto(id=780b13 (truncated)...]
2026-09-02T15:30:12.972+05:00 DEBUG 1848 --- [http-nio-8089-exec-2] o.s.web.servlet.DispatcherServlet        : Completed 200 OK
2026-09-02T15:30:13.016+05:00 DEBUG 1848 --- [http-nio-8089-exec-3] o.s.security.web.FilterChainProxy        : Securing GET /v1/courses/0a2552cb-962e-40ef-9cfe-85a6e5830387/progress
2026-09-02T15:30:13.027+05:00 DEBUG 1848 --- [http-nio-8089-exec-3] s.w.s.m.m.a.RequestMappingHandlerMapping : Mapped to com.codeneticx.nihaobackend.controller.V1Controller#getCourseProgress(String)
2026-09-02T15:30:13.028+05:00 DEBUG 1848 --- [http-nio-8089-exec-3] s.w.s.m.m.a.RequestMappingHandlerMapping : Mapped to com.codeneticx.nihaobackend.controller.V1Controller#getCourseProgress(String)
2026-09-02T15:30:13.028+05:00 DEBUG 1848 --- [http-nio-8089-exec-3] s.w.s.m.m.a.RequestMappingHandlerMapping : Mapped to com.codeneticx.nihaobackend.controller.V1Controller#getCourseProgress(String)
2026-09-02T15:30:13.029+05:00 DEBUG 1848 --- [http-nio-8089-exec-3] s.w.s.m.m.a.RequestMappingHandlerMapping : Mapped to com.codeneticx.nihaobackend.controller.V1Controller#getCourseProgress(String)
2026-09-02T15:30:13.030+05:00 DEBUG 1848 --- [http-nio-8089-exec-3] s.w.s.m.m.a.RequestMappingHandlerMapping : Mapped to com.codeneticx.nihaobackend.controller.V1Controller#getCourseProgress(String)
2026-09-02T15:30:13.031+05:00 DEBUG 1848 --- [http-nio-8089-exec-3] s.w.s.m.m.a.RequestMappingHandlerMapping : Mapped to com.codeneticx.nihaobackend.controller.V1Controller#getCourseProgress(String)
2026-09-02T15:30:13.034+05:00 DEBUG 1848 --- [http-nio-8089-exec-3] s.w.s.m.m.a.RequestMappingHandlerMapping : Mapped to com.codeneticx.nihaobackend.controller.V1Controller#getCourseProgress(String)
2026-09-02T15:30:13.036+05:00 DEBUG 1848 --- [http-nio-8089-exec-3] s.w.s.m.m.a.RequestMappingHandlerMapping : Mapped to com.codeneticx.nihaobackend.controller.V1Controller#getCourseProgress(String)
2026-09-02T15:30:13.037+05:00 DEBUG 1848 --- [http-nio-8089-exec-3] s.w.s.m.m.a.RequestMappingHandlerMapping : Mapped to com.codeneticx.nihaobackend.controller.V1Controller#getCourseProgress(String)
2026-09-02T15:30:13.039+05:00 DEBUG 1848 --- [http-nio-8089-exec-3] s.w.s.m.m.a.RequestMappingHandlerMapping : Mapped to com.codeneticx.nihaobackend.controller.V1Controller#getCourseProgress(String)
2026-09-02T15:30:13.040+05:00 DEBUG 1848 --- [http-nio-8089-exec-3] s.w.s.m.m.a.RequestMappingHandlerMapping : Mapped to com.codeneticx.nihaobackend.controller.V1Controller#getCourseProgress(String)
2026-09-02T15:30:13.040+05:00 DEBUG 1848 --- [http-nio-8089-exec-3] o.s.security.web.FilterChainProxy        : Secured GET /v1/courses/0a2552cb-962e-40ef-9cfe-85a6e5830387/progress
2026-09-02T15:30:13.040+05:00 DEBUG 1848 --- [http-nio-8089-exec-3] o.s.web.servlet.DispatcherServlet        : GET "/api/v1/courses/0a2552cb-962e-40ef-9cfe-85a6e5830387/progress", parameters={}
2026-09-02T15:30:13.041+05:00 DEBUG 1848 --- [http-nio-8089-exec-3] s.w.s.m.m.a.RequestMappingHandlerMapping : Mapped to com.codeneticx.nihaobackend.controller.V1Controller#getCourseProgress(String)
2026-09-02T15:30:13.074+05:00 DEBUG 1848 --- [http-nio-8089-exec-3] m.m.a.RequestResponseBodyMethodProcessor : Using 'application/json', given [application/json] and supported [application/json, application/*+json]
2026-09-02T15:30:13.074+05:00 DEBUG 1848 --- [http-nio-8089-exec-3] m.m.a.RequestResponseBodyMethodProcessor : Writing [ApiResponse(success=true, message=Course progress fetched successfully, data=CourseProgressDto(xp=40 (truncated)...]
2026-09-02T15:30:13.076+05:00 DEBUG 1848 --- [http-nio-8089-exec-3] o.s.web.servlet.DispatcherServlet        : Completed 200 OK
2026-09-02T15:30:14.675+05:00 DEBUG 1848 --- [HikariPool-1 housekeeper] com.zaxxer.hikari.pool.HikariPool        : HikariPool-1 - Pool stats (total=10, active=0, idle=10, waiting=0)
2026-09-02T15:30:14.675+05:00 DEBUG 1848 --- [HikariPool-1 housekeeper] com.zaxxer.hikari.pool.HikariPool        : HikariPool-1 - Fill pool skipped, pool has sufficient level or currently being filled (queueDepth=0).
2026-09-02T15:30:44.679+05:00 DEBUG 1848 --- [HikariPool-1 housekeeper] com.zaxxer.hikari.pool.HikariPool        : HikariPool-1 - Pool stats (total=10, active=0, idle=10, waiting=0)
2026-09-02T15:30:44.680+05:00 DEBUG 1848 --- [HikariPool-1 housekeeper] com.zaxxer.hikari.pool.HikariPool        : HikariPool-1 - Fill pool skipped, pool has sufficient level or currently being filled (queueDepth=0).
2026-09-02T15:31:14.685+05:00 DEBUG 1848 --- [HikariPool-1 housekeeper] com.zaxxer.hikari.pool.HikariPool        : HikariPool-1 - Pool stats (total=10, active=0, idle=10, waiting=0)
2026-09-02T15:31:14.685+05:00 DEBUG 1848 --- [HikariPool-1 housekeeper] com.zaxxer.hikari.pool.HikariPool        : HikariPool-1 - Fill pool skipped, pool has sufficient level or currently being filled (queueDepth=0).
2026-09-02T15:31:44.689+05:00 DEBUG 1848 --- [HikariPool-1 housekeeper] com.zaxxer.hikari.pool.HikariPool        : HikariPool-1 - Pool stats (total=10, active=0, idle=10, waiting=0)
2026-09-02T15:31:44.689+05:00 DEBUG 1848 --- [HikariPool-1 housekeeper] com.zaxxer.hikari.pool.HikariPool        : HikariPool-1 - Fill pool skipped, pool has sufficient level or currently being filled (queueDepth=0).
2026-09-02T15:32:14.697+05:00 DEBUG 1848 --- [HikariPool-1 housekeeper] com.zaxxer.hikari.pool.HikariPool        : HikariPool-1 - Pool stats (total=10, active=0, idle=10, waiting=0)
2026-09-02T15:32:14.698+05:00 DEBUG 1848 --- [HikariPool-1 housekeeper] com.zaxxer.hikari.pool.HikariPool        : HikariPool-1 - Fill pool skipped, pool has sufficient level or currently being filled (queueDepth=0).
2026-09-02T15:32:42.110+05:00 DEBUG 1848 --- [http-nio-8089-exec-5] o.s.security.web.FilterChainProxy        : Securing GET /v1/courses
2026-09-02T15:32:42.124+05:00 DEBUG 1848 --- [http-nio-8089-exec-5] s.w.s.m.m.a.RequestMappingHandlerMapping : Mapped to com.codeneticx.nihaobackend.controller.V1Controller#getCourses()
2026-09-02T15:32:42.124+05:00 DEBUG 1848 --- [http-nio-8089-exec-5] s.w.s.m.m.a.RequestMappingHandlerMapping : Mapped to com.codeneticx.nihaobackend.controller.V1Controller#getCourses()
2026-09-02T15:32:42.124+05:00 DEBUG 1848 --- [http-nio-8089-exec-5] s.w.s.m.m.a.RequestMappingHandlerMapping : Mapped to com.codeneticx.nihaobackend.controller.V1Controller#getCourses()
2026-09-02T15:32:42.124+05:00 DEBUG 1848 --- [http-nio-8089-exec-5] s.w.s.m.m.a.RequestMappingHandlerMapping : Mapped to com.codeneticx.nihaobackend.controller.V1Controller#getCourses()
2026-09-02T15:32:42.124+05:00 DEBUG 1848 --- [http-nio-8089-exec-5] s.w.s.m.m.a.RequestMappingHandlerMapping : Mapped to com.codeneticx.nihaobackend.controller.V1Controller#getCourses()
2026-09-02T15:32:42.125+05:00 DEBUG 1848 --- [http-nio-8089-exec-5] s.w.s.m.m.a.RequestMappingHandlerMapping : Mapped to com.codeneticx.nihaobackend.controller.V1Controller#getCourses()
2026-09-02T15:32:42.125+05:00 DEBUG 1848 --- [http-nio-8089-exec-5] s.w.s.m.m.a.RequestMappingHandlerMapping : Mapped to com.codeneticx.nihaobackend.controller.V1Controller#getCourses()
2026-09-02T15:32:42.125+05:00 DEBUG 1848 --- [http-nio-8089-exec-5] s.w.s.m.m.a.RequestMappingHandlerMapping : Mapped to com.codeneticx.nihaobackend.controller.V1Controller#getCourses()
2026-09-02T15:32:42.125+05:00 DEBUG 1848 --- [http-nio-8089-exec-5] s.w.s.m.m.a.RequestMappingHandlerMapping : Mapped to com.codeneticx.nihaobackend.controller.V1Controller#getCourses()
2026-09-02T15:32:42.125+05:00 DEBUG 1848 --- [http-nio-8089-exec-5] s.w.s.m.m.a.RequestMappingHandlerMapping : Mapped to com.codeneticx.nihaobackend.controller.V1Controller#getCourses()
2026-09-02T15:32:42.125+05:00 DEBUG 1848 --- [http-nio-8089-exec-5] s.w.s.m.m.a.RequestMappingHandlerMapping : Mapped to com.codeneticx.nihaobackend.controller.V1Controller#getCourses()
2026-09-02T15:32:42.125+05:00 DEBUG 1848 --- [http-nio-8089-exec-5] o.s.security.web.FilterChainProxy        : Secured GET /v1/courses
2026-09-02T15:32:42.126+05:00 DEBUG 1848 --- [http-nio-8089-exec-5] o.s.web.servlet.DispatcherServlet        : GET "/api/v1/courses", parameters={}
2026-09-02T15:32:42.126+05:00 DEBUG 1848 --- [http-nio-8089-exec-5] s.w.s.m.m.a.RequestMappingHandlerMapping : Mapped to com.codeneticx.nihaobackend.controller.V1Controller#getCourses()
2026-09-02T15:32:42.168+05:00 DEBUG 1848 --- [http-nio-8089-exec-5] m.m.a.RequestResponseBodyMethodProcessor : Using 'application/json', given [application/json] and supported [application/json, application/*+json]
2026-09-02T15:32:42.168+05:00 DEBUG 1848 --- [http-nio-8089-exec-5] m.m.a.RequestResponseBodyMethodProcessor : Writing [ApiResponse(success=true, message=Courses fetched successfully, data=[CourseListItemDto(id=0a2552cb- (truncated)...]
2026-09-02T15:32:42.170+05:00 DEBUG 1848 --- [http-nio-8089-exec-5] o.s.web.servlet.DispatcherServlet        : Completed 200 OK
2026-09-02T15:32:42.218+05:00 DEBUG 1848 --- [http-nio-8089-exec-6] o.s.security.web.FilterChainProxy        : Securing GET /v1/courses/0a2552cb-962e-40ef-9cfe-85a6e5830387/units?limit=20&offset=0
2026-09-02T15:32:42.227+05:00 DEBUG 1848 --- [http-nio-8089-exec-6] s.w.s.m.m.a.RequestMappingHandlerMapping : Mapped to com.codeneticx.nihaobackend.controller.V1Controller#getCourseUnits(String, int, int)
2026-09-02T15:32:42.228+05:00 DEBUG 1848 --- [http-nio-8089-exec-6] s.w.s.m.m.a.RequestMappingHandlerMapping : Mapped to com.codeneticx.nihaobackend.controller.V1Controller#getCourseUnits(String, int, int)
2026-09-02T15:32:42.228+05:00 DEBUG 1848 --- [http-nio-8089-exec-6] s.w.s.m.m.a.RequestMappingHandlerMapping : Mapped to com.codeneticx.nihaobackend.controller.V1Controller#getCourseUnits(String, int, int)
2026-09-02T15:32:42.229+05:00 DEBUG 1848 --- [http-nio-8089-exec-6] s.w.s.m.m.a.RequestMappingHandlerMapping : Mapped to com.codeneticx.nihaobackend.controller.V1Controller#getCourseUnits(String, int, int)
2026-09-02T15:32:42.229+05:00 DEBUG 1848 --- [http-nio-8089-exec-6] s.w.s.m.m.a.RequestMappingHandlerMapping : Mapped to com.codeneticx.nihaobackend.controller.V1Controller#getCourseUnits(String, int, int)
2026-09-02T15:32:42.230+05:00 DEBUG 1848 --- [http-nio-8089-exec-6] s.w.s.m.m.a.RequestMappingHandlerMapping : Mapped to com.codeneticx.nihaobackend.controller.V1Controller#getCourseUnits(String, int, int)
2026-09-02T15:32:42.231+05:00 DEBUG 1848 --- [http-nio-8089-exec-6] s.w.s.m.m.a.RequestMappingHandlerMapping : Mapped to com.codeneticx.nihaobackend.controller.V1Controller#getCourseUnits(String, int, int)
2026-09-02T15:32:42.232+05:00 DEBUG 1848 --- [http-nio-8089-exec-6] s.w.s.m.m.a.RequestMappingHandlerMapping : Mapped to com.codeneticx.nihaobackend.controller.V1Controller#getCourseUnits(String, int, int)
2026-09-02T15:32:42.233+05:00 DEBUG 1848 --- [http-nio-8089-exec-6] s.w.s.m.m.a.RequestMappingHandlerMapping : Mapped to com.codeneticx.nihaobackend.controller.V1Controller#getCourseUnits(String, int, int)
2026-09-02T15:32:42.235+05:00 DEBUG 1848 --- [http-nio-8089-exec-6] s.w.s.m.m.a.RequestMappingHandlerMapping : Mapped to com.codeneticx.nihaobackend.controller.V1Controller#getCourseUnits(String, int, int)
2026-09-02T15:32:42.235+05:00 DEBUG 1848 --- [http-nio-8089-exec-6] s.w.s.m.m.a.RequestMappingHandlerMapping : Mapped to com.codeneticx.nihaobackend.controller.V1Controller#getCourseUnits(String, int, int)
2026-09-02T15:32:42.236+05:00 DEBUG 1848 --- [http-nio-8089-exec-6] o.s.security.web.FilterChainProxy        : Secured GET /v1/courses/0a2552cb-962e-40ef-9cfe-85a6e5830387/units?limit=20&offset=0
2026-09-02T15:32:42.236+05:00 DEBUG 1848 --- [http-nio-8089-exec-6] o.s.web.servlet.DispatcherServlet        : GET "/api/v1/courses/0a2552cb-962e-40ef-9cfe-85a6e5830387/units?limit=20&offset=0", parameters={masked}
2026-09-02T15:32:42.237+05:00 DEBUG 1848 --- [http-nio-8089-exec-6] s.w.s.m.m.a.RequestMappingHandlerMapping : Mapped to com.codeneticx.nihaobackend.controller.V1Controller#getCourseUnits(String, int, int)
2026-09-02T15:32:42.261+05:00 DEBUG 1848 --- [http-nio-8089-exec-6] m.m.a.RequestResponseBodyMethodProcessor : Using 'application/json', given [application/json] and supported [application/json, application/*+json]
2026-09-02T15:32:42.261+05:00 DEBUG 1848 --- [http-nio-8089-exec-6] m.m.a.RequestResponseBodyMethodProcessor : Writing [ApiResponse(success=true, message=Units fetched successfully, data=[UnitJourneyNodeDto(id=f32cee8d-2 (truncated)...]
2026-09-02T15:32:42.262+05:00 DEBUG 1848 --- [http-nio-8089-exec-6] o.s.web.servlet.DispatcherServlet        : Completed 200 OK
2026-09-02T15:32:42.318+05:00 DEBUG 1848 --- [http-nio-8089-exec-7] o.s.security.web.FilterChainProxy        : Securing GET /v1/units/f32cee8d-264d-47e2-a3e0-6c4ede6e0e09/lessons
2026-09-02T15:32:42.333+05:00 DEBUG 1848 --- [http-nio-8089-exec-7] s.w.s.m.m.a.RequestMappingHandlerMapping : Mapped to com.codeneticx.nihaobackend.controller.V1Controller#getUnitLessons(String)
2026-09-02T15:32:42.333+05:00 DEBUG 1848 --- [http-nio-8089-exec-7] s.w.s.m.m.a.RequestMappingHandlerMapping : Mapped to com.codeneticx.nihaobackend.controller.V1Controller#getUnitLessons(String)
2026-09-02T15:32:42.334+05:00 DEBUG 1848 --- [http-nio-8089-exec-7] s.w.s.m.m.a.RequestMappingHandlerMapping : Mapped to com.codeneticx.nihaobackend.controller.V1Controller#getUnitLessons(String)
2026-09-02T15:32:42.335+05:00 DEBUG 1848 --- [http-nio-8089-exec-7] s.w.s.m.m.a.RequestMappingHandlerMapping : Mapped to com.codeneticx.nihaobackend.controller.V1Controller#getUnitLessons(String)
2026-09-02T15:32:42.335+05:00 DEBUG 1848 --- [http-nio-8089-exec-7] s.w.s.m.m.a.RequestMappingHandlerMapping : Mapped to com.codeneticx.nihaobackend.controller.V1Controller#getUnitLessons(String)
2026-09-02T15:32:42.336+05:00 DEBUG 1848 --- [http-nio-8089-exec-7] s.w.s.m.m.a.RequestMappingHandlerMapping : Mapped to com.codeneticx.nihaobackend.controller.V1Controller#getUnitLessons(String)
2026-09-02T15:32:42.337+05:00 DEBUG 1848 --- [http-nio-8089-exec-7] s.w.s.m.m.a.RequestMappingHandlerMapping : Mapped to com.codeneticx.nihaobackend.controller.V1Controller#getUnitLessons(String)
2026-09-02T15:32:42.338+05:00 DEBUG 1848 --- [http-nio-8089-exec-7] s.w.s.m.m.a.RequestMappingHandlerMapping : Mapped to com.codeneticx.nihaobackend.controller.V1Controller#getUnitLessons(String)
2026-09-02T15:32:42.339+05:00 DEBUG 1848 --- [http-nio-8089-exec-7] s.w.s.m.m.a.RequestMappingHandlerMapping : Mapped to com.codeneticx.nihaobackend.controller.V1Controller#getUnitLessons(String)
2026-09-02T15:32:42.339+05:00 DEBUG 1848 --- [http-nio-8089-exec-7] s.w.s.m.m.a.RequestMappingHandlerMapping : Mapped to com.codeneticx.nihaobackend.controller.V1Controller#getUnitLessons(String)
2026-09-02T15:32:42.341+05:00 DEBUG 1848 --- [http-nio-8089-exec-7] s.w.s.m.m.a.RequestMappingHandlerMapping : Mapped to com.codeneticx.nihaobackend.controller.V1Controller#getUnitLessons(String)
2026-09-02T15:32:42.341+05:00 DEBUG 1848 --- [http-nio-8089-exec-7] o.s.security.web.FilterChainProxy        : Secured GET /v1/units/f32cee8d-264d-47e2-a3e0-6c4ede6e0e09/lessons
2026-09-02T15:32:42.341+05:00 DEBUG 1848 --- [http-nio-8089-exec-7] o.s.web.servlet.DispatcherServlet        : GET "/api/v1/units/f32cee8d-264d-47e2-a3e0-6c4ede6e0e09/lessons", parameters={}
2026-09-02T15:32:42.342+05:00 DEBUG 1848 --- [http-nio-8089-exec-7] s.w.s.m.m.a.RequestMappingHandlerMapping : Mapped to com.codeneticx.nihaobackend.controller.V1Controller#getUnitLessons(String)
2026-09-02T15:32:42.377+05:00 DEBUG 1848 --- [http-nio-8089-exec-7] m.m.a.RequestResponseBodyMethodProcessor : Using 'application/json', given [application/json] and supported [application/json, application/*+json]
2026-09-02T15:32:42.377+05:00 DEBUG 1848 --- [http-nio-8089-exec-7] m.m.a.RequestResponseBodyMethodProcessor : Writing [ApiResponse(success=true, message=Lessons fetched successfully, data=[LessonJourneyNodeDto(id=780b13 (truncated)...]
2026-09-02T15:32:42.379+05:00 DEBUG 1848 --- [http-nio-8089-exec-7] o.s.web.servlet.DispatcherServlet        : Completed 200 OK
2026-09-02T15:32:42.490+05:00 DEBUG 1848 --- [http-nio-8089-exec-8] o.s.security.web.FilterChainProxy        : Securing GET /v1/courses
2026-09-02T15:32:42.502+05:00 DEBUG 1848 --- [http-nio-8089-exec-8] s.w.s.m.m.a.RequestMappingHandlerMapping : Mapped to com.codeneticx.nihaobackend.controller.V1Controller#getCourses()
2026-09-02T15:32:42.502+05:00 DEBUG 1848 --- [http-nio-8089-exec-8] s.w.s.m.m.a.RequestMappingHandlerMapping : Mapped to com.codeneticx.nihaobackend.controller.V1Controller#getCourses()
2026-09-02T15:32:42.502+05:00 DEBUG 1848 --- [http-nio-8089-exec-8] s.w.s.m.m.a.RequestMappingHandlerMapping : Mapped to com.codeneticx.nihaobackend.controller.V1Controller#getCourses()
2026-09-02T15:32:42.502+05:00 DEBUG 1848 --- [http-nio-8089-exec-8] s.w.s.m.m.a.RequestMappingHandlerMapping : Mapped to com.codeneticx.nihaobackend.controller.V1Controller#getCourses()
2026-09-02T15:32:42.502+05:00 DEBUG 1848 --- [http-nio-8089-exec-8] s.w.s.m.m.a.RequestMappingHandlerMapping : Mapped to com.codeneticx.nihaobackend.controller.V1Controller#getCourses()
2026-09-02T15:32:42.502+05:00 DEBUG 1848 --- [http-nio-8089-exec-8] s.w.s.m.m.a.RequestMappingHandlerMapping : Mapped to com.codeneticx.nihaobackend.controller.V1Controller#getCourses()
2026-09-02T15:32:42.503+05:00 DEBUG 1848 --- [http-nio-8089-exec-8] s.w.s.m.m.a.RequestMappingHandlerMapping : Mapped to com.codeneticx.nihaobackend.controller.V1Controller#getCourses()
2026-09-02T15:32:42.503+05:00 DEBUG 1848 --- [http-nio-8089-exec-8] s.w.s.m.m.a.RequestMappingHandlerMapping : Mapped to com.codeneticx.nihaobackend.controller.V1Controller#getCourses()
2026-09-02T15:32:42.504+05:00 DEBUG 1848 --- [http-nio-8089-exec-8] s.w.s.m.m.a.RequestMappingHandlerMapping : Mapped to com.codeneticx.nihaobackend.controller.V1Controller#getCourses()
2026-09-02T15:32:42.504+05:00 DEBUG 1848 --- [http-nio-8089-exec-8] s.w.s.m.m.a.RequestMappingHandlerMapping : Mapped to com.codeneticx.nihaobackend.controller.V1Controller#getCourses()
2026-09-02T15:32:42.504+05:00 DEBUG 1848 --- [http-nio-8089-exec-8] s.w.s.m.m.a.RequestMappingHandlerMapping : Mapped to com.codeneticx.nihaobackend.controller.V1Controller#getCourses()
2026-09-02T15:32:42.504+05:00 DEBUG 1848 --- [http-nio-8089-exec-8] o.s.security.web.FilterChainProxy        : Secured GET /v1/courses
2026-09-02T15:32:42.504+05:00 DEBUG 1848 --- [http-nio-8089-exec-8] o.s.web.servlet.DispatcherServlet        : GET "/api/v1/courses", parameters={}
2026-09-02T15:32:42.504+05:00 DEBUG 1848 --- [http-nio-8089-exec-8] s.w.s.m.m.a.RequestMappingHandlerMapping : Mapped to com.codeneticx.nihaobackend.controller.V1Controller#getCourses()
2026-09-02T15:32:42.543+05:00 DEBUG 1848 --- [http-nio-8089-exec-8] m.m.a.RequestResponseBodyMethodProcessor : Using 'application/json', given [application/json] and supported [application/json, application/*+json]
2026-09-02T15:32:42.543+05:00 DEBUG 1848 --- [http-nio-8089-exec-8] m.m.a.RequestResponseBodyMethodProcessor : Writing [ApiResponse(success=true, message=Courses fetched successfully, data=[CourseListItemDto(id=0a2552cb- (truncated)...]
2026-09-02T15:32:42.544+05:00 DEBUG 1848 --- [http-nio-8089-exec-8] o.s.web.servlet.DispatcherServlet        : Completed 200 OK
2026-09-02T15:32:42.633+05:00 DEBUG 1848 --- [http-nio-8089-exec-9] o.s.security.web.FilterChainProxy        : Securing GET /v1/courses/0a2552cb-962e-40ef-9cfe-85a6e5830387/units?limit=20&offset=0
2026-09-02T15:32:42.667+05:00 DEBUG 1848 --- [http-nio-8089-exec-9] s.w.s.m.m.a.RequestMappingHandlerMapping : Mapped to com.codeneticx.nihaobackend.controller.V1Controller#getCourseUnits(String, int, int)
2026-09-02T15:32:42.668+05:00 DEBUG 1848 --- [http-nio-8089-exec-9] s.w.s.m.m.a.RequestMappingHandlerMapping : Mapped to com.codeneticx.nihaobackend.controller.V1Controller#getCourseUnits(String, int, int)
2026-09-02T15:32:42.671+05:00 DEBUG 1848 --- [http-nio-8089-exec-9] s.w.s.m.m.a.RequestMappingHandlerMapping : Mapped to com.codeneticx.nihaobackend.controller.V1Controller#getCourseUnits(String, int, int)
2026-09-02T15:32:42.671+05:00 DEBUG 1848 --- [http-nio-8089-exec-9] s.w.s.m.m.a.RequestMappingHandlerMapping : Mapped to com.codeneticx.nihaobackend.controller.V1Controller#getCourseUnits(String, int, int)
2026-09-02T15:32:42.673+05:00 DEBUG 1848 --- [http-nio-8089-exec-9] s.w.s.m.m.a.RequestMappingHandlerMapping : Mapped to com.codeneticx.nihaobackend.controller.V1Controller#getCourseUnits(String, int, int)
2026-09-02T15:32:42.674+05:00 DEBUG 1848 --- [http-nio-8089-exec-9] s.w.s.m.m.a.RequestMappingHandlerMapping : Mapped to com.codeneticx.nihaobackend.controller.V1Controller#getCourseUnits(String, int, int)
2026-09-02T15:32:42.675+05:00 DEBUG 1848 --- [http-nio-8089-exec-9] s.w.s.m.m.a.RequestMappingHandlerMapping : Mapped to com.codeneticx.nihaobackend.controller.V1Controller#getCourseUnits(String, int, int)
2026-09-02T15:32:42.678+05:00 DEBUG 1848 --- [http-nio-8089-exec-9] s.w.s.m.m.a.RequestMappingHandlerMapping : Mapped to com.codeneticx.nihaobackend.controller.V1Controller#getCourseUnits(String, int, int)
2026-09-02T15:32:42.679+05:00 DEBUG 1848 --- [http-nio-8089-exec-9] s.w.s.m.m.a.RequestMappingHandlerMapping : Mapped to com.codeneticx.nihaobackend.controller.V1Controller#getCourseUnits(String, int, int)
2026-09-02T15:32:42.680+05:00 DEBUG 1848 --- [http-nio-8089-exec-9] s.w.s.m.m.a.RequestMappingHandlerMapping : Mapped to com.codeneticx.nihaobackend.controller.V1Controller#getCourseUnits(String, int, int)
2026-09-02T15:32:42.683+05:00 DEBUG 1848 --- [http-nio-8089-exec-9] s.w.s.m.m.a.RequestMappingHandlerMapping : Mapped to com.codeneticx.nihaobackend.controller.V1Controller#getCourseUnits(String, int, int)
2026-09-02T15:32:42.683+05:00 DEBUG 1848 --- [http-nio-8089-exec-9] o.s.security.web.FilterChainProxy        : Secured GET /v1/courses/0a2552cb-962e-40ef-9cfe-85a6e5830387/units?limit=20&offset=0
2026-09-02T15:32:42.684+05:00 DEBUG 1848 --- [http-nio-8089-exec-9] o.s.web.servlet.DispatcherServlet        : GET "/api/v1/courses/0a2552cb-962e-40ef-9cfe-85a6e5830387/units?limit=20&offset=0", parameters={masked}
2026-09-02T15:32:42.686+05:00 DEBUG 1848 --- [http-nio-8089-exec-9] s.w.s.m.m.a.RequestMappingHandlerMapping : Mapped to com.codeneticx.nihaobackend.controller.V1Controller#getCourseUnits(String, int, int)
2026-09-02T15:32:42.726+05:00 DEBUG 1848 --- [http-nio-8089-exec-9] m.m.a.RequestResponseBodyMethodProcessor : Using 'application/json', given [application/json] and supported [application/json, application/*+json]
2026-09-02T15:32:42.726+05:00 DEBUG 1848 --- [http-nio-8089-exec-9] m.m.a.RequestResponseBodyMethodProcessor : Writing [ApiResponse(success=true, message=Units fetched successfully, data=[UnitJourneyNodeDto(id=f32cee8d-2 (truncated)...]
2026-09-02T15:32:42.727+05:00 DEBUG 1848 --- [http-nio-8089-exec-9] o.s.web.servlet.DispatcherServlet        : Completed 200 OK
2026-09-02T15:32:42.822+05:00 DEBUG 1848 --- [http-nio-8089-exec-10] o.s.security.web.FilterChainProxy        : Securing GET /v1/units/f32cee8d-264d-47e2-a3e0-6c4ede6e0e09/lessons
2026-09-02T15:32:42.839+05:00 DEBUG 1848 --- [http-nio-8089-exec-10] s.w.s.m.m.a.RequestMappingHandlerMapping : Mapped to com.codeneticx.nihaobackend.controller.V1Controller#getUnitLessons(String)
2026-09-02T15:32:42.841+05:00 DEBUG 1848 --- [http-nio-8089-exec-10] s.w.s.m.m.a.RequestMappingHandlerMapping : Mapped to com.codeneticx.nihaobackend.controller.V1Controller#getUnitLessons(String)
2026-09-02T15:32:42.842+05:00 DEBUG 1848 --- [http-nio-8089-exec-10] s.w.s.m.m.a.RequestMappingHandlerMapping : Mapped to com.codeneticx.nihaobackend.controller.V1Controller#getUnitLessons(String)
2026-09-02T15:32:42.843+05:00 DEBUG 1848 --- [http-nio-8089-exec-10] s.w.s.m.m.a.RequestMappingHandlerMapping : Mapped to com.codeneticx.nihaobackend.controller.V1Controller#getUnitLessons(String)
2026-09-02T15:32:42.844+05:00 DEBUG 1848 --- [http-nio-8089-exec-10] s.w.s.m.m.a.RequestMappingHandlerMapping : Mapped to com.codeneticx.nihaobackend.controller.V1Controller#getUnitLessons(String)
2026-09-02T15:32:42.864+05:00 DEBUG 1848 --- [http-nio-8089-exec-10] s.w.s.m.m.a.RequestMappingHandlerMapping : Mapped to com.codeneticx.nihaobackend.controller.V1Controller#getUnitLessons(String)
2026-09-02T15:32:42.868+05:00 DEBUG 1848 --- [http-nio-8089-exec-10] s.w.s.m.m.a.RequestMappingHandlerMapping : Mapped to com.codeneticx.nihaobackend.controller.V1Controller#getUnitLessons(String)
2026-09-02T15:32:42.870+05:00 DEBUG 1848 --- [http-nio-8089-exec-10] s.w.s.m.m.a.RequestMappingHandlerMapping : Mapped to com.codeneticx.nihaobackend.controller.V1Controller#getUnitLessons(String)
2026-09-02T15:32:42.881+05:00 DEBUG 1848 --- [http-nio-8089-exec-10] s.w.s.m.m.a.RequestMappingHandlerMapping : Mapped to com.codeneticx.nihaobackend.controller.V1Controller#getUnitLessons(String)
2026-09-02T15:32:42.885+05:00 DEBUG 1848 --- [http-nio-8089-exec-10] s.w.s.m.m.a.RequestMappingHandlerMapping : Mapped to com.codeneticx.nihaobackend.controller.V1Controller#getUnitLessons(String)
2026-09-02T15:32:42.886+05:00 DEBUG 1848 --- [http-nio-8089-exec-10] s.w.s.m.m.a.RequestMappingHandlerMapping : Mapped to com.codeneticx.nihaobackend.controller.V1Controller#getUnitLessons(String)
2026-09-02T15:32:42.886+05:00 DEBUG 1848 --- [http-nio-8089-exec-10] o.s.security.web.FilterChainProxy        : Secured GET /v1/units/f32cee8d-264d-47e2-a3e0-6c4ede6e0e09/lessons
2026-09-02T15:32:42.887+05:00 DEBUG 1848 --- [http-nio-8089-exec-10] o.s.web.servlet.DispatcherServlet        : GET "/api/v1/units/f32cee8d-264d-47e2-a3e0-6c4ede6e0e09/lessons", parameters={}
2026-09-02T15:32:42.887+05:00 DEBUG 1848 --- [http-nio-8089-exec-10] s.w.s.m.m.a.RequestMappingHandlerMapping : Mapped to com.codeneticx.nihaobackend.controller.V1Controller#getUnitLessons(String)
2026-09-02T15:32:42.922+05:00 DEBUG 1848 --- [http-nio-8089-exec-10] m.m.a.RequestResponseBodyMethodProcessor : Using 'application/json', given [application/json] and supported [application/json, application/*+json]
2026-09-02T15:32:42.923+05:00 DEBUG 1848 --- [http-nio-8089-exec-10] m.m.a.RequestResponseBodyMethodProcessor : Writing [ApiResponse(success=true, message=Lessons fetched successfully, data=[LessonJourneyNodeDto(id=780b13 (truncated)...]
2026-09-02T15:32:42.924+05:00 DEBUG 1848 --- [http-nio-8089-exec-10] o.s.web.servlet.DispatcherServlet        : Completed 200 OK
2026-09-02T15:32:42.965+05:00 DEBUG 1848 --- [http-nio-8089-exec-1] o.s.security.web.FilterChainProxy        : Securing GET /v1/courses/0a2552cb-962e-40ef-9cfe-85a6e5830387/progress
2026-09-02T15:32:42.975+05:00 DEBUG 1848 --- [http-nio-8089-exec-1] s.w.s.m.m.a.RequestMappingHandlerMapping : Mapped to com.codeneticx.nihaobackend.controller.V1Controller#getCourseProgress(String)
2026-09-02T15:32:42.976+05:00 DEBUG 1848 --- [http-nio-8089-exec-1] s.w.s.m.m.a.RequestMappingHandlerMapping : Mapped to com.codeneticx.nihaobackend.controller.V1Controller#getCourseProgress(String)
2026-09-02T15:32:42.977+05:00 DEBUG 1848 --- [http-nio-8089-exec-1] s.w.s.m.m.a.RequestMappingHandlerMapping : Mapped to com.codeneticx.nihaobackend.controller.V1Controller#getCourseProgress(String)
2026-09-02T15:32:42.978+05:00 DEBUG 1848 --- [http-nio-8089-exec-1] s.w.s.m.m.a.RequestMappingHandlerMapping : Mapped to com.codeneticx.nihaobackend.controller.V1Controller#getCourseProgress(String)
2026-09-02T15:32:42.979+05:00 DEBUG 1848 --- [http-nio-8089-exec-1] s.w.s.m.m.a.RequestMappingHandlerMapping : Mapped to com.codeneticx.nihaobackend.controller.V1Controller#getCourseProgress(String)
2026-09-02T15:32:42.980+05:00 DEBUG 1848 --- [http-nio-8089-exec-1] s.w.s.m.m.a.RequestMappingHandlerMapping : Mapped to com.codeneticx.nihaobackend.controller.V1Controller#getCourseProgress(String)
2026-09-02T15:32:42.981+05:00 DEBUG 1848 --- [http-nio-8089-exec-1] s.w.s.m.m.a.RequestMappingHandlerMapping : Mapped to com.codeneticx.nihaobackend.controller.V1Controller#getCourseProgress(String)
2026-09-02T15:32:42.982+05:00 DEBUG 1848 --- [http-nio-8089-exec-1] s.w.s.m.m.a.RequestMappingHandlerMapping : Mapped to com.codeneticx.nihaobackend.controller.V1Controller#getCourseProgress(String)
2026-09-02T15:32:42.983+05:00 DEBUG 1848 --- [http-nio-8089-exec-1] s.w.s.m.m.a.RequestMappingHandlerMapping : Mapped to com.codeneticx.nihaobackend.controller.V1Controller#getCourseProgress(String)
2026-09-02T15:32:42.985+05:00 DEBUG 1848 --- [http-nio-8089-exec-1] s.w.s.m.m.a.RequestMappingHandlerMapping : Mapped to com.codeneticx.nihaobackend.controller.V1Controller#getCourseProgress(String)
2026-09-02T15:32:42.985+05:00 DEBUG 1848 --- [http-nio-8089-exec-1] s.w.s.m.m.a.RequestMappingHandlerMapping : Mapped to com.codeneticx.nihaobackend.controller.V1Controller#getCourseProgress(String)
2026-09-02T15:32:42.985+05:00 DEBUG 1848 --- [http-nio-8089-exec-1] o.s.security.web.FilterChainProxy        : Secured GET /v1/courses/0a2552cb-962e-40ef-9cfe-85a6e5830387/progress
2026-09-02T15:32:42.986+05:00 DEBUG 1848 --- [http-nio-8089-exec-1] o.s.web.servlet.DispatcherServlet        : GET "/api/v1/courses/0a2552cb-962e-40ef-9cfe-85a6e5830387/progress", parameters={}
2026-09-02T15:32:42.986+05:00 DEBUG 1848 --- [http-nio-8089-exec-1] s.w.s.m.m.a.RequestMappingHandlerMapping : Mapped to com.codeneticx.nihaobackend.controller.V1Controller#getCourseProgress(String)
2026-09-02T15:32:43.024+05:00 DEBUG 1848 --- [http-nio-8089-exec-1] m.m.a.RequestResponseBodyMethodProcessor : Using 'application/json', given [application/json] and supported [application/json, application/*+json]
2026-09-02T15:32:43.024+05:00 DEBUG 1848 --- [http-nio-8089-exec-1] m.m.a.RequestResponseBodyMethodProcessor : Writing [ApiResponse(success=true, message=Course progress fetched successfully, data=CourseProgressDto(xp=40 (truncated)...]
2026-09-02T15:32:43.025+05:00 DEBUG 1848 --- [http-nio-8089-exec-1] o.s.web.servlet.DispatcherServlet        : Completed 200 OK
2026-09-02T15:32:44.317+05:00 DEBUG 1848 --- [http-nio-8089-exec-2] o.s.security.web.FilterChainProxy        : Securing GET /v1/courses
2026-09-02T15:32:44.331+05:00 DEBUG 1848 --- [http-nio-8089-exec-2] s.w.s.m.m.a.RequestMappingHandlerMapping : Mapped to com.codeneticx.nihaobackend.controller.V1Controller#getCourses()
2026-09-02T15:32:44.331+05:00 DEBUG 1848 --- [http-nio-8089-exec-2] s.w.s.m.m.a.RequestMappingHandlerMapping : Mapped to com.codeneticx.nihaobackend.controller.V1Controller#getCourses()
2026-09-02T15:32:44.332+05:00 DEBUG 1848 --- [http-nio-8089-exec-2] s.w.s.m.m.a.RequestMappingHandlerMapping : Mapped to com.codeneticx.nihaobackend.controller.V1Controller#getCourses()
2026-09-02T15:32:44.332+05:00 DEBUG 1848 --- [http-nio-8089-exec-2] s.w.s.m.m.a.RequestMappingHandlerMapping : Mapped to com.codeneticx.nihaobackend.controller.V1Controller#getCourses()
2026-09-02T15:32:44.332+05:00 DEBUG 1848 --- [http-nio-8089-exec-2] s.w.s.m.m.a.RequestMappingHandlerMapping : Mapped to com.codeneticx.nihaobackend.controller.V1Controller#getCourses()
2026-09-02T15:32:44.332+05:00 DEBUG 1848 --- [http-nio-8089-exec-2] s.w.s.m.m.a.RequestMappingHandlerMapping : Mapped to com.codeneticx.nihaobackend.controller.V1Controller#getCourses()
2026-09-02T15:32:44.333+05:00 DEBUG 1848 --- [http-nio-8089-exec-2] s.w.s.m.m.a.RequestMappingHandlerMapping : Mapped to com.codeneticx.nihaobackend.controller.V1Controller#getCourses()
2026-09-02T15:32:44.333+05:00 DEBUG 1848 --- [http-nio-8089-exec-2] s.w.s.m.m.a.RequestMappingHandlerMapping : Mapped to com.codeneticx.nihaobackend.controller.V1Controller#getCourses()
2026-09-02T15:32:44.333+05:00 DEBUG 1848 --- [http-nio-8089-exec-2] s.w.s.m.m.a.RequestMappingHandlerMapping : Mapped to com.codeneticx.nihaobackend.controller.V1Controller#getCourses()
2026-09-02T15:32:44.333+05:00 DEBUG 1848 --- [http-nio-8089-exec-2] s.w.s.m.m.a.RequestMappingHandlerMapping : Mapped to com.codeneticx.nihaobackend.controller.V1Controller#getCourses()
2026-09-02T15:32:44.333+05:00 DEBUG 1848 --- [http-nio-8089-exec-2] s.w.s.m.m.a.RequestMappingHandlerMapping : Mapped to com.codeneticx.nihaobackend.controller.V1Controller#getCourses()
2026-09-02T15:32:44.333+05:00 DEBUG 1848 --- [http-nio-8089-exec-2] o.s.security.web.FilterChainProxy        : Secured GET /v1/courses
2026-09-02T15:32:44.333+05:00 DEBUG 1848 --- [http-nio-8089-exec-2] o.s.web.servlet.DispatcherServlet        : GET "/api/v1/courses", parameters={}
2026-09-02T15:32:44.336+05:00 DEBUG 1848 --- [http-nio-8089-exec-2] s.w.s.m.m.a.RequestMappingHandlerMapping : Mapped to com.codeneticx.nihaobackend.controller.V1Controller#getCourses()
2026-09-02T15:32:44.379+05:00 DEBUG 1848 --- [http-nio-8089-exec-2] m.m.a.RequestResponseBodyMethodProcessor : Using 'application/json', given [application/json] and supported [application/json, application/*+json]
2026-09-02T15:32:44.380+05:00 DEBUG 1848 --- [http-nio-8089-exec-2] m.m.a.RequestResponseBodyMethodProcessor : Writing [ApiResponse(success=true, message=Courses fetched successfully, data=[CourseListItemDto(id=0a2552cb- (truncated)...]
2026-09-02T15:32:44.381+05:00 DEBUG 1848 --- [http-nio-8089-exec-2] o.s.web.servlet.DispatcherServlet        : Completed 200 OK
2026-09-02T15:32:44.465+05:00 DEBUG 1848 --- [http-nio-8089-exec-3] o.s.security.web.FilterChainProxy        : Securing GET /v1/courses/0a2552cb-962e-40ef-9cfe-85a6e5830387/units?limit=20&offset=0
2026-09-02T15:32:44.483+05:00 DEBUG 1848 --- [http-nio-8089-exec-3] s.w.s.m.m.a.RequestMappingHandlerMapping : Mapped to com.codeneticx.nihaobackend.controller.V1Controller#getCourseUnits(String, int, int)
2026-09-02T15:32:44.484+05:00 DEBUG 1848 --- [http-nio-8089-exec-3] s.w.s.m.m.a.RequestMappingHandlerMapping : Mapped to com.codeneticx.nihaobackend.controller.V1Controller#getCourseUnits(String, int, int)
2026-09-02T15:32:44.485+05:00 DEBUG 1848 --- [http-nio-8089-exec-3] s.w.s.m.m.a.RequestMappingHandlerMapping : Mapped to com.codeneticx.nihaobackend.controller.V1Controller#getCourseUnits(String, int, int)
2026-09-02T15:32:44.486+05:00 DEBUG 1848 --- [http-nio-8089-exec-3] s.w.s.m.m.a.RequestMappingHandlerMapping : Mapped to com.codeneticx.nihaobackend.controller.V1Controller#getCourseUnits(String, int, int)
2026-09-02T15:32:44.487+05:00 DEBUG 1848 --- [http-nio-8089-exec-3] s.w.s.m.m.a.RequestMappingHandlerMapping : Mapped to com.codeneticx.nihaobackend.controller.V1Controller#getCourseUnits(String, int, int)
2026-09-02T15:32:44.487+05:00 DEBUG 1848 --- [http-nio-8089-exec-3] s.w.s.m.m.a.RequestMappingHandlerMapping : Mapped to com.codeneticx.nihaobackend.controller.V1Controller#getCourseUnits(String, int, int)
2026-09-02T15:32:44.488+05:00 DEBUG 1848 --- [http-nio-8089-exec-3] s.w.s.m.m.a.RequestMappingHandlerMapping : Mapped to com.codeneticx.nihaobackend.controller.V1Controller#getCourseUnits(String, int, int)
2026-09-02T15:32:44.488+05:00 DEBUG 1848 --- [http-nio-8089-exec-3] s.w.s.m.m.a.RequestMappingHandlerMapping : Mapped to com.codeneticx.nihaobackend.controller.V1Controller#getCourseUnits(String, int, int)
2026-09-02T15:32:44.489+05:00 DEBUG 1848 --- [http-nio-8089-exec-3] s.w.s.m.m.a.RequestMappingHandlerMapping : Mapped to com.codeneticx.nihaobackend.controller.V1Controller#getCourseUnits(String, int, int)
2026-09-02T15:32:44.491+05:00 DEBUG 1848 --- [http-nio-8089-exec-3] s.w.s.m.m.a.RequestMappingHandlerMapping : Mapped to com.codeneticx.nihaobackend.controller.V1Controller#getCourseUnits(String, int, int)
2026-09-02T15:32:44.492+05:00 DEBUG 1848 --- [http-nio-8089-exec-3] s.w.s.m.m.a.RequestMappingHandlerMapping : Mapped to com.codeneticx.nihaobackend.controller.V1Controller#getCourseUnits(String, int, int)
2026-09-02T15:32:44.492+05:00 DEBUG 1848 --- [http-nio-8089-exec-3] o.s.security.web.FilterChainProxy        : Secured GET /v1/courses/0a2552cb-962e-40ef-9cfe-85a6e5830387/units?limit=20&offset=0
2026-09-02T15:32:44.492+05:00 DEBUG 1848 --- [http-nio-8089-exec-3] o.s.web.servlet.DispatcherServlet        : GET "/api/v1/courses/0a2552cb-962e-40ef-9cfe-85a6e5830387/units?limit=20&offset=0", parameters={masked}
2026-09-02T15:32:44.492+05:00 DEBUG 1848 --- [http-nio-8089-exec-3] s.w.s.m.m.a.RequestMappingHandlerMapping : Mapped to com.codeneticx.nihaobackend.controller.V1Controller#getCourseUnits(String, int, int)
2026-09-02T15:32:44.522+05:00 DEBUG 1848 --- [http-nio-8089-exec-3] m.m.a.RequestResponseBodyMethodProcessor : Using 'application/json', given [application/json] and supported [application/json, application/*+json]
2026-09-02T15:32:44.523+05:00 DEBUG 1848 --- [http-nio-8089-exec-3] m.m.a.RequestResponseBodyMethodProcessor : Writing [ApiResponse(success=true, message=Units fetched successfully, data=[UnitJourneyNodeDto(id=f32cee8d-2 (truncated)...]
2026-09-02T15:32:44.523+05:00 DEBUG 1848 --- [http-nio-8089-exec-3] o.s.web.servlet.DispatcherServlet        : Completed 200 OK
2026-09-02T15:32:44.695+05:00 DEBUG 1848 --- [http-nio-8089-exec-4] o.s.security.web.FilterChainProxy        : Securing GET /v1/units/f32cee8d-264d-47e2-a3e0-6c4ede6e0e09/lessons
2026-09-02T15:32:44.708+05:00 DEBUG 1848 --- [HikariPool-1 housekeeper] com.zaxxer.hikari.pool.HikariPool        : HikariPool-1 - Pool stats (total=10, active=1, idle=9, waiting=0)
2026-09-02T15:32:44.708+05:00 DEBUG 1848 --- [HikariPool-1 housekeeper] com.zaxxer.hikari.pool.HikariPool        : HikariPool-1 - Fill pool skipped, pool has sufficient level or currently being filled (queueDepth=0).
2026-09-02T15:32:44.709+05:00 DEBUG 1848 --- [http-nio-8089-exec-4] s.w.s.m.m.a.RequestMappingHandlerMapping : Mapped to com.codeneticx.nihaobackend.controller.V1Controller#getUnitLessons(String)
2026-09-02T15:32:44.710+05:00 DEBUG 1848 --- [http-nio-8089-exec-4] s.w.s.m.m.a.RequestMappingHandlerMapping : Mapped to com.codeneticx.nihaobackend.controller.V1Controller#getUnitLessons(String)
2026-09-02T15:32:44.710+05:00 DEBUG 1848 --- [http-nio-8089-exec-4] s.w.s.m.m.a.RequestMappingHandlerMapping : Mapped to com.codeneticx.nihaobackend.controller.V1Controller#getUnitLessons(String)
2026-09-02T15:32:44.710+05:00 DEBUG 1848 --- [http-nio-8089-exec-4] s.w.s.m.m.a.RequestMappingHandlerMapping : Mapped to com.codeneticx.nihaobackend.controller.V1Controller#getUnitLessons(String)
2026-09-02T15:32:44.711+05:00 DEBUG 1848 --- [http-nio-8089-exec-4] s.w.s.m.m.a.RequestMappingHandlerMapping : Mapped to com.codeneticx.nihaobackend.controller.V1Controller#getUnitLessons(String)
2026-09-02T15:32:44.712+05:00 DEBUG 1848 --- [http-nio-8089-exec-4] s.w.s.m.m.a.RequestMappingHandlerMapping : Mapped to com.codeneticx.nihaobackend.controller.V1Controller#getUnitLessons(String)
2026-09-02T15:32:44.712+05:00 DEBUG 1848 --- [http-nio-8089-exec-4] s.w.s.m.m.a.RequestMappingHandlerMapping : Mapped to com.codeneticx.nihaobackend.controller.V1Controller#getUnitLessons(String)
2026-09-02T15:32:44.713+05:00 DEBUG 1848 --- [http-nio-8089-exec-4] s.w.s.m.m.a.RequestMappingHandlerMapping : Mapped to com.codeneticx.nihaobackend.controller.V1Controller#getUnitLessons(String)
2026-09-02T15:32:44.713+05:00 DEBUG 1848 --- [http-nio-8089-exec-4] s.w.s.m.m.a.RequestMappingHandlerMapping : Mapped to com.codeneticx.nihaobackend.controller.V1Controller#getUnitLessons(String)
2026-09-02T15:32:44.714+05:00 DEBUG 1848 --- [http-nio-8089-exec-4] s.w.s.m.m.a.RequestMappingHandlerMapping : Mapped to com.codeneticx.nihaobackend.controller.V1Controller#getUnitLessons(String)
2026-09-02T15:32:44.714+05:00 DEBUG 1848 --- [http-nio-8089-exec-4] s.w.s.m.m.a.RequestMappingHandlerMapping : Mapped to com.codeneticx.nihaobackend.controller.V1Controller#getUnitLessons(String)
2026-09-02T15:32:44.715+05:00 DEBUG 1848 --- [http-nio-8089-exec-4] o.s.security.web.FilterChainProxy        : Secured GET /v1/units/f32cee8d-264d-47e2-a3e0-6c4ede6e0e09/lessons
2026-09-02T15:32:44.715+05:00 DEBUG 1848 --- [http-nio-8089-exec-4] o.s.web.servlet.DispatcherServlet        : GET "/api/v1/units/f32cee8d-264d-47e2-a3e0-6c4ede6e0e09/lessons", parameters={}
2026-09-02T15:32:44.716+05:00 DEBUG 1848 --- [http-nio-8089-exec-4] s.w.s.m.m.a.RequestMappingHandlerMapping : Mapped to com.codeneticx.nihaobackend.controller.V1Controller#getUnitLessons(String)
2026-09-02T15:32:44.735+05:00 DEBUG 1848 --- [http-nio-8089-exec-4] m.m.a.RequestResponseBodyMethodProcessor : Using 'application/json', given [application/json] and supported [application/json, application/*+json]
2026-09-02T15:32:44.735+05:00 DEBUG 1848 --- [http-nio-8089-exec-4] m.m.a.RequestResponseBodyMethodProcessor : Writing [ApiResponse(success=true, message=Lessons fetched successfully, data=[LessonJourneyNodeDto(id=780b13 (truncated)...]
2026-09-02T15:32:44.736+05:00 DEBUG 1848 --- [http-nio-8089-exec-4] o.s.web.servlet.DispatcherServlet        : Completed 200 OK
2026-09-02T15:32:44.852+05:00 DEBUG 1848 --- [http-nio-8089-exec-5] o.s.security.web.FilterChainProxy        : Securing GET /v1/courses/0a2552cb-962e-40ef-9cfe-85a6e5830387/progress
2026-09-02T15:32:44.863+05:00 DEBUG 1848 --- [http-nio-8089-exec-5] s.w.s.m.m.a.RequestMappingHandlerMapping : Mapped to com.codeneticx.nihaobackend.controller.V1Controller#getCourseProgress(String)
2026-09-02T15:32:44.864+05:00 DEBUG 1848 --- [http-nio-8089-exec-5] s.w.s.m.m.a.RequestMappingHandlerMapping : Mapped to com.codeneticx.nihaobackend.controller.V1Controller#getCourseProgress(String)
2026-09-02T15:32:44.865+05:00 DEBUG 1848 --- [http-nio-8089-exec-5] s.w.s.m.m.a.RequestMappingHandlerMapping : Mapped to com.codeneticx.nihaobackend.controller.V1Controller#getCourseProgress(String)
2026-09-02T15:32:44.865+05:00 DEBUG 1848 --- [http-nio-8089-exec-5] s.w.s.m.m.a.RequestMappingHandlerMapping : Mapped to com.codeneticx.nihaobackend.controller.V1Controller#getCourseProgress(String)
2026-09-02T15:32:44.867+05:00 DEBUG 1848 --- [http-nio-8089-exec-5] s.w.s.m.m.a.RequestMappingHandlerMapping : Mapped to com.codeneticx.nihaobackend.controller.V1Controller#getCourseProgress(String)
2026-09-02T15:32:44.869+05:00 DEBUG 1848 --- [http-nio-8089-exec-5] s.w.s.m.m.a.RequestMappingHandlerMapping : Mapped to com.codeneticx.nihaobackend.controller.V1Controller#getCourseProgress(String)
2026-09-02T15:32:44.869+05:00 DEBUG 1848 --- [http-nio-8089-exec-5] s.w.s.m.m.a.RequestMappingHandlerMapping : Mapped to com.codeneticx.nihaobackend.controller.V1Controller#getCourseProgress(String)
2026-09-02T15:32:44.871+05:00 DEBUG 1848 --- [http-nio-8089-exec-5] s.w.s.m.m.a.RequestMappingHandlerMapping : Mapped to com.codeneticx.nihaobackend.controller.V1Controller#getCourseProgress(String)
2026-09-02T15:32:44.874+05:00 DEBUG 1848 --- [http-nio-8089-exec-5] s.w.s.m.m.a.RequestMappingHandlerMapping : Mapped to com.codeneticx.nihaobackend.controller.V1Controller#getCourseProgress(String)
2026-09-02T15:32:44.877+05:00 DEBUG 1848 --- [http-nio-8089-exec-5] s.w.s.m.m.a.RequestMappingHandlerMapping : Mapped to com.codeneticx.nihaobackend.controller.V1Controller#getCourseProgress(String)
2026-09-02T15:32:44.877+05:00 DEBUG 1848 --- [http-nio-8089-exec-5] s.w.s.m.m.a.RequestMappingHandlerMapping : Mapped to com.codeneticx.nihaobackend.controller.V1Controller#getCourseProgress(String)
2026-09-02T15:32:44.878+05:00 DEBUG 1848 --- [http-nio-8089-exec-5] o.s.security.web.FilterChainProxy        : Secured GET /v1/courses/0a2552cb-962e-40ef-9cfe-85a6e5830387/progress
2026-09-02T15:32:44.879+05:00 DEBUG 1848 --- [http-nio-8089-exec-5] o.s.web.servlet.DispatcherServlet        : GET "/api/v1/courses/0a2552cb-962e-40ef-9cfe-85a6e5830387/progress", parameters={}
2026-09-02T15:32:44.881+05:00 DEBUG 1848 --- [http-nio-8089-exec-5] s.w.s.m.m.a.RequestMappingHandlerMapping : Mapped to com.codeneticx.nihaobackend.controller.V1Controller#getCourseProgress(String)
2026-09-02T15:32:44.929+05:00 DEBUG 1848 --- [http-nio-8089-exec-5] m.m.a.RequestResponseBodyMethodProcessor : Using 'application/json', given [application/json] and supported [application/json, application/*+json]
2026-09-02T15:32:44.929+05:00 DEBUG 1848 --- [http-nio-8089-exec-5] m.m.a.RequestResponseBodyMethodProcessor : Writing [ApiResponse(success=true, message=Course progress fetched successfully, data=CourseProgressDto(xp=40 (truncated)...]
2026-09-02T15:32:44.930+05:00 DEBUG 1848 --- [http-nio-8089-exec-5] o.s.web.servlet.DispatcherServlet        : Completed 200 OK
2026-09-02T15:32:45.553+05:00 DEBUG 1848 --- [http-nio-8089-exec-6] o.s.security.web.FilterChainProxy        : Securing GET /v1/lessons/ba3f33d6-3ad2-44fe-9e22-1c9e8d78a09a/exercises
2026-09-02T15:32:45.557+05:00 DEBUG 1848 --- [http-nio-8089-exec-6] s.w.s.m.m.a.RequestMappingHandlerMapping : Mapped to com.codeneticx.nihaobackend.controller.V1Controller#getLessonExercises(String)
2026-09-02T15:32:45.558+05:00 DEBUG 1848 --- [http-nio-8089-exec-6] s.w.s.m.m.a.RequestMappingHandlerMapping : Mapped to com.codeneticx.nihaobackend.controller.V1Controller#getLessonExercises(String)
2026-09-02T15:32:45.558+05:00 DEBUG 1848 --- [http-nio-8089-exec-6] s.w.s.m.m.a.RequestMappingHandlerMapping : Mapped to com.codeneticx.nihaobackend.controller.V1Controller#getLessonExercises(String)
2026-09-02T15:32:45.558+05:00 DEBUG 1848 --- [http-nio-8089-exec-6] s.w.s.m.m.a.RequestMappingHandlerMapping : Mapped to com.codeneticx.nihaobackend.controller.V1Controller#getLessonExercises(String)
2026-09-02T15:32:45.559+05:00 DEBUG 1848 --- [http-nio-8089-exec-6] s.w.s.m.m.a.RequestMappingHandlerMapping : Mapped to com.codeneticx.nihaobackend.controller.V1Controller#getLessonExercises(String)
2026-09-02T15:32:45.559+05:00 DEBUG 1848 --- [http-nio-8089-exec-6] s.w.s.m.m.a.RequestMappingHandlerMapping : Mapped to com.codeneticx.nihaobackend.controller.V1Controller#getLessonExercises(String)
2026-09-02T15:32:45.560+05:00 DEBUG 1848 --- [http-nio-8089-exec-6] s.w.s.m.m.a.RequestMappingHandlerMapping : Mapped to com.codeneticx.nihaobackend.controller.V1Controller#getLessonExercises(String)
2026-09-02T15:32:45.560+05:00 DEBUG 1848 --- [http-nio-8089-exec-6] s.w.s.m.m.a.RequestMappingHandlerMapping : Mapped to com.codeneticx.nihaobackend.controller.V1Controller#getLessonExercises(String)
2026-09-02T15:32:45.560+05:00 DEBUG 1848 --- [http-nio-8089-exec-6] s.w.s.m.m.a.RequestMappingHandlerMapping : Mapped to com.codeneticx.nihaobackend.controller.V1Controller#getLessonExercises(String)
2026-09-02T15:32:45.561+05:00 DEBUG 1848 --- [http-nio-8089-exec-6] s.w.s.m.m.a.RequestMappingHandlerMapping : Mapped to com.codeneticx.nihaobackend.controller.V1Controller#getLessonExercises(String)
2026-09-02T15:32:45.561+05:00 DEBUG 1848 --- [http-nio-8089-exec-6] s.w.s.m.m.a.RequestMappingHandlerMapping : Mapped to com.codeneticx.nihaobackend.controller.V1Controller#getLessonExercises(String)
2026-09-02T15:32:45.561+05:00 DEBUG 1848 --- [http-nio-8089-exec-6] o.s.security.web.FilterChainProxy        : Secured GET /v1/lessons/ba3f33d6-3ad2-44fe-9e22-1c9e8d78a09a/exercises
2026-09-02T15:32:45.561+05:00 DEBUG 1848 --- [http-nio-8089-exec-6] o.s.web.servlet.DispatcherServlet        : GET "/api/v1/lessons/ba3f33d6-3ad2-44fe-9e22-1c9e8d78a09a/exercises", parameters={}
2026-09-02T15:32:45.562+05:00 DEBUG 1848 --- [http-nio-8089-exec-6] s.w.s.m.m.a.RequestMappingHandlerMapping : Mapped to com.codeneticx.nihaobackend.controller.V1Controller#getLessonExercises(String)
2026-09-02T15:32:45.579+05:00 DEBUG 1848 --- [http-nio-8089-exec-6] m.m.a.RequestResponseBodyMethodProcessor : Using 'application/json', given [application/json] and supported [application/json, application/*+json]
2026-09-02T15:32:45.579+05:00 DEBUG 1848 --- [http-nio-8089-exec-6] m.m.a.RequestResponseBodyMethodProcessor : Writing [ApiResponse(success=true, message=Exercises fetched successfully, data=[ExerciseNodeDto(id=3ff4944b- (truncated)...]
2026-09-02T15:32:45.580+05:00 DEBUG 1848 --- [http-nio-8089-exec-6] o.s.web.servlet.DispatcherServlet        : Completed 200 OK
2026-09-02T15:33:14.721+05:00 DEBUG 1848 --- [HikariPool-1 housekeeper] com.zaxxer.hikari.pool.HikariPool        : HikariPool-1 - Pool stats (total=10, active=0, idle=10, waiting=0)
2026-09-02T15:33:14.722+05:00 DEBUG 1848 --- [HikariPool-1 housekeeper] com.zaxxer.hikari.pool.HikariPool        : HikariPool-1 - Fill pool skipped, pool has sufficient level or currently being filled (queueDepth=0).
2026-09-02T15:33:43.601+05:00 DEBUG 1848 --- [http-nio-8089-exec-7] o.s.security.web.FilterChainProxy        : Securing POST /v1/api/lessons/ba3f33d6-3ad2-44fe-9e22-1c9e8d78a09a/complete
2026-09-02T15:33:43.608+05:00 DEBUG 1848 --- [http-nio-8089-exec-7] s.w.s.m.m.a.RequestMappingHandlerMapping : Mapped to com.codeneticx.nihaobackend.controller.V1ApiController#completeLesson(String, CompleteLessonRequest)
2026-09-02T15:33:43.608+05:00 DEBUG 1848 --- [http-nio-8089-exec-7] s.w.s.m.m.a.RequestMappingHandlerMapping : Mapped to com.codeneticx.nihaobackend.controller.V1ApiController#completeLesson(String, CompleteLessonRequest)
2026-09-02T15:33:43.608+05:00 DEBUG 1848 --- [http-nio-8089-exec-7] s.w.s.m.m.a.RequestMappingHandlerMapping : Mapped to com.codeneticx.nihaobackend.controller.V1ApiController#completeLesson(String, CompleteLessonRequest)
2026-09-02T15:33:43.609+05:00 DEBUG 1848 --- [http-nio-8089-exec-7] s.w.s.m.m.a.RequestMappingHandlerMapping : Mapped to com.codeneticx.nihaobackend.controller.V1ApiController#completeLesson(String, CompleteLessonRequest)
2026-09-02T15:33:43.609+05:00 DEBUG 1848 --- [http-nio-8089-exec-7] s.w.s.m.m.a.RequestMappingHandlerMapping : Mapped to com.codeneticx.nihaobackend.controller.V1ApiController#completeLesson(String, CompleteLessonRequest)
2026-09-02T15:33:43.609+05:00 DEBUG 1848 --- [http-nio-8089-exec-7] s.w.s.m.m.a.RequestMappingHandlerMapping : Mapped to com.codeneticx.nihaobackend.controller.V1ApiController#completeLesson(String, CompleteLessonRequest)
2026-09-02T15:33:43.610+05:00 DEBUG 1848 --- [http-nio-8089-exec-7] s.w.s.m.m.a.RequestMappingHandlerMapping : Mapped to com.codeneticx.nihaobackend.controller.V1ApiController#completeLesson(String, CompleteLessonRequest)
2026-09-02T15:33:43.611+05:00 DEBUG 1848 --- [http-nio-8089-exec-7] s.w.s.m.m.a.RequestMappingHandlerMapping : Mapped to com.codeneticx.nihaobackend.controller.V1ApiController#completeLesson(String, CompleteLessonRequest)
2026-09-02T15:33:43.611+05:00 DEBUG 1848 --- [http-nio-8089-exec-7] s.w.s.m.m.a.RequestMappingHandlerMapping : Mapped to com.codeneticx.nihaobackend.controller.V1ApiController#completeLesson(String, CompleteLessonRequest)
2026-09-02T15:33:43.612+05:00 DEBUG 1848 --- [http-nio-8089-exec-7] s.w.s.m.m.a.RequestMappingHandlerMapping : Mapped to com.codeneticx.nihaobackend.controller.V1ApiController#completeLesson(String, CompleteLessonRequest)
2026-09-02T15:33:43.612+05:00 DEBUG 1848 --- [http-nio-8089-exec-7] s.w.s.m.m.a.RequestMappingHandlerMapping : Mapped to com.codeneticx.nihaobackend.controller.V1ApiController#completeLesson(String, CompleteLessonRequest)
2026-09-02T15:33:43.612+05:00 DEBUG 1848 --- [http-nio-8089-exec-7] o.s.security.web.FilterChainProxy        : Secured POST /v1/api/lessons/ba3f33d6-3ad2-44fe-9e22-1c9e8d78a09a/complete
2026-09-02T15:33:43.612+05:00 DEBUG 1848 --- [http-nio-8089-exec-7] o.s.web.servlet.DispatcherServlet        : POST "/api/v1/api/lessons/ba3f33d6-3ad2-44fe-9e22-1c9e8d78a09a/complete", parameters={}
2026-09-02T15:33:43.612+05:00 DEBUG 1848 --- [http-nio-8089-exec-7] s.w.s.m.m.a.RequestMappingHandlerMapping : Mapped to com.codeneticx.nihaobackend.controller.V1ApiController#completeLesson(String, CompleteLessonRequest)
2026-09-02T15:33:43.718+05:00 DEBUG 1848 --- [http-nio-8089-exec-7] m.m.a.RequestResponseBodyMethodProcessor : Read "application/json;charset=UTF-8" to [CompleteLessonRequest(earnedCrowns=1, xpEarned=20, perfect=false)]
2026-09-02T15:33:43.936+05:00 DEBUG 1848 --- [http-nio-8089-exec-7] .m.m.a.ExceptionHandlerExceptionResolver : Using @ExceptionHandler com.codeneticx.nihaobackend.exception.GlobalExceptionHandler#handleBadRequest(BadRequestException)
2026-09-02T15:33:43.964+05:00 DEBUG 1848 --- [http-nio-8089-exec-7] o.s.w.s.m.m.a.HttpEntityMethodProcessor  : Using 'application/json', given [application/json] and supported [application/json, application/*+json]
2026-09-02T15:33:43.964+05:00 DEBUG 1848 --- [http-nio-8089-exec-7] o.s.w.s.m.m.a.HttpEntityMethodProcessor  : Writing [ApiResponse(success=false, message=Lesson already completed, data=null, error=null)]
2026-09-02T15:33:43.971+05:00  WARN 1848 --- [http-nio-8089-exec-7] .m.m.a.ExceptionHandlerExceptionResolver : Resolved [com.codeneticx.nihaobackend.exception.BadRequestException: Lesson already completed]
2026-09-02T15:33:43.971+05:00 DEBUG 1848 --- [http-nio-8089-exec-7] o.s.web.servlet.DispatcherServlet        : Completed 400 BAD_REQUEST
2026-09-02T15:33:43.988+05:00 DEBUG 1848 --- [http-nio-8089-exec-8] o.s.security.web.FilterChainProxy        : Securing GET /v1/courses
2026-09-02T15:33:43.994+05:00 DEBUG 1848 --- [http-nio-8089-exec-8] s.w.s.m.m.a.RequestMappingHandlerMapping : Mapped to com.codeneticx.nihaobackend.controller.V1Controller#getCourses()
2026-09-02T15:33:43.994+05:00 DEBUG 1848 --- [http-nio-8089-exec-8] s.w.s.m.m.a.RequestMappingHandlerMapping : Mapped to com.codeneticx.nihaobackend.controller.V1Controller#getCourses()
2026-09-02T15:33:43.994+05:00 DEBUG 1848 --- [http-nio-8089-exec-8] s.w.s.m.m.a.RequestMappingHandlerMapping : Mapped to com.codeneticx.nihaobackend.controller.V1Controller#getCourses()
2026-09-02T15:33:43.994+05:00 DEBUG 1848 --- [http-nio-8089-exec-8] s.w.s.m.m.a.RequestMappingHandlerMapping : Mapped to com.codeneticx.nihaobackend.controller.V1Controller#getCourses()
2026-09-02T15:33:43.994+05:00 DEBUG 1848 --- [http-nio-8089-exec-8] s.w.s.m.m.a.RequestMappingHandlerMapping : Mapped to com.codeneticx.nihaobackend.controller.V1Controller#getCourses()
2026-09-02T15:33:43.994+05:00 DEBUG 1848 --- [http-nio-8089-exec-8] s.w.s.m.m.a.RequestMappingHandlerMapping : Mapped to com.codeneticx.nihaobackend.controller.V1Controller#getCourses()
2026-09-02T15:33:43.994+05:00 DEBUG 1848 --- [http-nio-8089-exec-8] s.w.s.m.m.a.RequestMappingHandlerMapping : Mapped to com.codeneticx.nihaobackend.controller.V1Controller#getCourses()
2026-09-02T15:33:43.995+05:00 DEBUG 1848 --- [http-nio-8089-exec-8] s.w.s.m.m.a.RequestMappingHandlerMapping : Mapped to com.codeneticx.nihaobackend.controller.V1Controller#getCourses()
2026-09-02T15:33:43.995+05:00 DEBUG 1848 --- [http-nio-8089-exec-8] s.w.s.m.m.a.RequestMappingHandlerMapping : Mapped to com.codeneticx.nihaobackend.controller.V1Controller#getCourses()
2026-09-02T15:33:43.995+05:00 DEBUG 1848 --- [http-nio-8089-exec-8] s.w.s.m.m.a.RequestMappingHandlerMapping : Mapped to com.codeneticx.nihaobackend.controller.V1Controller#getCourses()
2026-09-02T15:33:43.995+05:00 DEBUG 1848 --- [http-nio-8089-exec-8] s.w.s.m.m.a.RequestMappingHandlerMapping : Mapped to com.codeneticx.nihaobackend.controller.V1Controller#getCourses()
2026-09-02T15:33:43.995+05:00 DEBUG 1848 --- [http-nio-8089-exec-8] o.s.security.web.FilterChainProxy        : Secured GET /v1/courses
2026-09-02T15:33:43.995+05:00 DEBUG 1848 --- [http-nio-8089-exec-8] o.s.web.servlet.DispatcherServlet        : GET "/api/v1/courses", parameters={}
2026-09-02T15:33:43.995+05:00 DEBUG 1848 --- [http-nio-8089-exec-8] s.w.s.m.m.a.RequestMappingHandlerMapping : Mapped to com.codeneticx.nihaobackend.controller.V1Controller#getCourses()
2026-09-02T15:33:44.023+05:00 DEBUG 1848 --- [http-nio-8089-exec-8] m.m.a.RequestResponseBodyMethodProcessor : Using 'application/json', given [application/json] and supported [application/json, application/*+json]
2026-09-02T15:33:44.024+05:00 DEBUG 1848 --- [http-nio-8089-exec-8] m.m.a.RequestResponseBodyMethodProcessor : Writing [ApiResponse(success=true, message=Courses fetched successfully, data=[CourseListItemDto(id=0a2552cb- (truncated)...]
2026-09-02T15:33:44.024+05:00 DEBUG 1848 --- [http-nio-8089-exec-8] o.s.web.servlet.DispatcherServlet        : Completed 200 OK
2026-09-02T15:33:44.038+05:00 DEBUG 1848 --- [http-nio-8089-exec-9] o.s.security.web.FilterChainProxy        : Securing GET /v1/courses/0a2552cb-962e-40ef-9cfe-85a6e5830387/units?limit=20&offset=0
2026-09-02T15:33:44.046+05:00 DEBUG 1848 --- [http-nio-8089-exec-9] s.w.s.m.m.a.RequestMappingHandlerMapping : Mapped to com.codeneticx.nihaobackend.controller.V1Controller#getCourseUnits(String, int, int)
2026-09-02T15:33:44.046+05:00 DEBUG 1848 --- [http-nio-8089-exec-9] s.w.s.m.m.a.RequestMappingHandlerMapping : Mapped to com.codeneticx.nihaobackend.controller.V1Controller#getCourseUnits(String, int, int)
2026-09-02T15:33:44.046+05:00 DEBUG 1848 --- [http-nio-8089-exec-9] s.w.s.m.m.a.RequestMappingHandlerMapping : Mapped to com.codeneticx.nihaobackend.controller.V1Controller#getCourseUnits(String, int, int)
2026-09-02T15:33:44.046+05:00 DEBUG 1848 --- [http-nio-8089-exec-9] s.w.s.m.m.a.RequestMappingHandlerMapping : Mapped to com.codeneticx.nihaobackend.controller.V1Controller#getCourseUnits(String, int, int)
2026-09-02T15:33:44.047+05:00 DEBUG 1848 --- [http-nio-8089-exec-9] s.w.s.m.m.a.RequestMappingHandlerMapping : Mapped to com.codeneticx.nihaobackend.controller.V1Controller#getCourseUnits(String, int, int)
2026-09-02T15:33:44.047+05:00 DEBUG 1848 --- [http-nio-8089-exec-9] s.w.s.m.m.a.RequestMappingHandlerMapping : Mapped to com.codeneticx.nihaobackend.controller.V1Controller#getCourseUnits(String, int, int)
2026-09-02T15:33:44.047+05:00 DEBUG 1848 --- [http-nio-8089-exec-9] s.w.s.m.m.a.RequestMappingHandlerMapping : Mapped to com.codeneticx.nihaobackend.controller.V1Controller#getCourseUnits(String, int, int)
2026-09-02T15:33:44.048+05:00 DEBUG 1848 --- [http-nio-8089-exec-9] s.w.s.m.m.a.RequestMappingHandlerMapping : Mapped to com.codeneticx.nihaobackend.controller.V1Controller#getCourseUnits(String, int, int)
2026-09-02T15:33:44.048+05:00 DEBUG 1848 --- [http-nio-8089-exec-9] s.w.s.m.m.a.RequestMappingHandlerMapping : Mapped to com.codeneticx.nihaobackend.controller.V1Controller#getCourseUnits(String, int, int)
2026-09-02T15:33:44.048+05:00 DEBUG 1848 --- [http-nio-8089-exec-9] s.w.s.m.m.a.RequestMappingHandlerMapping : Mapped to com.codeneticx.nihaobackend.controller.V1Controller#getCourseUnits(String, int, int)
2026-09-02T15:33:44.048+05:00 DEBUG 1848 --- [http-nio-8089-exec-9] s.w.s.m.m.a.RequestMappingHandlerMapping : Mapped to com.codeneticx.nihaobackend.controller.V1Controller#getCourseUnits(String, int, int)
2026-09-02T15:33:44.048+05:00 DEBUG 1848 --- [http-nio-8089-exec-9] o.s.security.web.FilterChainProxy        : Secured GET /v1/courses/0a2552cb-962e-40ef-9cfe-85a6e5830387/units?limit=20&offset=0
2026-09-02T15:33:44.048+05:00 DEBUG 1848 --- [http-nio-8089-exec-9] o.s.web.servlet.DispatcherServlet        : GET "/api/v1/courses/0a2552cb-962e-40ef-9cfe-85a6e5830387/units?limit=20&offset=0", parameters={masked}
2026-09-02T15:33:44.049+05:00 DEBUG 1848 --- [http-nio-8089-exec-9] s.w.s.m.m.a.RequestMappingHandlerMapping : Mapped to com.codeneticx.nihaobackend.controller.V1Controller#getCourseUnits(String, int, int)
2026-09-02T15:33:44.062+05:00 DEBUG 1848 --- [http-nio-8089-exec-9] m.m.a.RequestResponseBodyMethodProcessor : Using 'application/json', given [application/json] and supported [application/json, application/*+json]
2026-09-02T15:33:44.063+05:00 DEBUG 1848 --- [http-nio-8089-exec-9] m.m.a.RequestResponseBodyMethodProcessor : Writing [ApiResponse(success=true, message=Units fetched successfully, data=[UnitJourneyNodeDto(id=f32cee8d-2 (truncated)...]
2026-09-02T15:33:44.063+05:00 DEBUG 1848 --- [http-nio-8089-exec-9] o.s.web.servlet.DispatcherServlet        : Completed 200 OK
2026-09-02T15:33:44.079+05:00 DEBUG 1848 --- [http-nio-8089-exec-10] o.s.security.web.FilterChainProxy        : Securing GET /v1/units/f32cee8d-264d-47e2-a3e0-6c4ede6e0e09/lessons
2026-09-02T15:33:44.083+05:00 DEBUG 1848 --- [http-nio-8089-exec-10] s.w.s.m.m.a.RequestMappingHandlerMapping : Mapped to com.codeneticx.nihaobackend.controller.V1Controller#getUnitLessons(String)
2026-09-02T15:33:44.083+05:00 DEBUG 1848 --- [http-nio-8089-exec-10] s.w.s.m.m.a.RequestMappingHandlerMapping : Mapped to com.codeneticx.nihaobackend.controller.V1Controller#getUnitLessons(String)
2026-09-02T15:33:44.083+05:00 DEBUG 1848 --- [http-nio-8089-exec-10] s.w.s.m.m.a.RequestMappingHandlerMapping : Mapped to com.codeneticx.nihaobackend.controller.V1Controller#getUnitLessons(String)
2026-09-02T15:33:44.084+05:00 DEBUG 1848 --- [http-nio-8089-exec-10] s.w.s.m.m.a.RequestMappingHandlerMapping : Mapped to com.codeneticx.nihaobackend.controller.V1Controller#getUnitLessons(String)
2026-09-02T15:33:44.084+05:00 DEBUG 1848 --- [http-nio-8089-exec-10] s.w.s.m.m.a.RequestMappingHandlerMapping : Mapped to com.codeneticx.nihaobackend.controller.V1Controller#getUnitLessons(String)
2026-09-02T15:33:44.084+05:00 DEBUG 1848 --- [http-nio-8089-exec-10] s.w.s.m.m.a.RequestMappingHandlerMapping : Mapped to com.codeneticx.nihaobackend.controller.V1Controller#getUnitLessons(String)
2026-09-02T15:33:44.085+05:00 DEBUG 1848 --- [http-nio-8089-exec-10] s.w.s.m.m.a.RequestMappingHandlerMapping : Mapped to com.codeneticx.nihaobackend.controller.V1Controller#getUnitLessons(String)
2026-09-02T15:33:44.086+05:00 DEBUG 1848 --- [http-nio-8089-exec-10] s.w.s.m.m.a.RequestMappingHandlerMapping : Mapped to com.codeneticx.nihaobackend.controller.V1Controller#getUnitLessons(String)
2026-09-02T15:33:44.086+05:00 DEBUG 1848 --- [http-nio-8089-exec-10] s.w.s.m.m.a.RequestMappingHandlerMapping : Mapped to com.codeneticx.nihaobackend.controller.V1Controller#getUnitLessons(String)
2026-09-02T15:33:44.086+05:00 DEBUG 1848 --- [http-nio-8089-exec-10] s.w.s.m.m.a.RequestMappingHandlerMapping : Mapped to com.codeneticx.nihaobackend.controller.V1Controller#getUnitLessons(String)
2026-09-02T15:33:44.086+05:00 DEBUG 1848 --- [http-nio-8089-exec-10] s.w.s.m.m.a.RequestMappingHandlerMapping : Mapped to com.codeneticx.nihaobackend.controller.V1Controller#getUnitLessons(String)
2026-09-02T15:33:44.086+05:00 DEBUG 1848 --- [http-nio-8089-exec-10] o.s.security.web.FilterChainProxy        : Secured GET /v1/units/f32cee8d-264d-47e2-a3e0-6c4ede6e0e09/lessons
2026-09-02T15:33:44.086+05:00 DEBUG 1848 --- [http-nio-8089-exec-10] o.s.web.servlet.DispatcherServlet        : GET "/api/v1/units/f32cee8d-264d-47e2-a3e0-6c4ede6e0e09/lessons", parameters={}
2026-09-02T15:33:44.086+05:00 DEBUG 1848 --- [http-nio-8089-exec-10] s.w.s.m.m.a.RequestMappingHandlerMapping : Mapped to com.codeneticx.nihaobackend.controller.V1Controller#getUnitLessons(String)
2026-09-02T15:33:44.112+05:00 DEBUG 1848 --- [http-nio-8089-exec-10] m.m.a.RequestResponseBodyMethodProcessor : Using 'application/json', given [application/json] and supported [application/json, application/*+json]
2026-09-02T15:33:44.113+05:00 DEBUG 1848 --- [http-nio-8089-exec-10] m.m.a.RequestResponseBodyMethodProcessor : Writing [ApiResponse(success=true, message=Lessons fetched successfully, data=[LessonJourneyNodeDto(id=780b13 (truncated)...]
2026-09-02T15:33:44.113+05:00 DEBUG 1848 --- [http-nio-8089-exec-10] o.s.web.servlet.DispatcherServlet        : Completed 200 OK
2026-09-02T15:33:44.128+05:00 DEBUG 1848 --- [http-nio-8089-exec-1] o.s.security.web.FilterChainProxy        : Securing GET /v1/courses/0a2552cb-962e-40ef-9cfe-85a6e5830387/progress
2026-09-02T15:33:44.146+05:00 DEBUG 1848 --- [http-nio-8089-exec-1] s.w.s.m.m.a.RequestMappingHandlerMapping : Mapped to com.codeneticx.nihaobackend.controller.V1Controller#getCourseProgress(String)
2026-09-02T15:33:44.146+05:00 DEBUG 1848 --- [http-nio-8089-exec-1] s.w.s.m.m.a.RequestMappingHandlerMapping : Mapped to com.codeneticx.nihaobackend.controller.V1Controller#getCourseProgress(String)
2026-09-02T15:33:44.149+05:00 DEBUG 1848 --- [http-nio-8089-exec-1] s.w.s.m.m.a.RequestMappingHandlerMapping : Mapped to com.codeneticx.nihaobackend.controller.V1Controller#getCourseProgress(String)
2026-09-02T15:33:44.150+05:00 DEBUG 1848 --- [http-nio-8089-exec-1] s.w.s.m.m.a.RequestMappingHandlerMapping : Mapped to com.codeneticx.nihaobackend.controller.V1Controller#getCourseProgress(String)
2026-09-02T15:33:44.150+05:00 DEBUG 1848 --- [http-nio-8089-exec-1] s.w.s.m.m.a.RequestMappingHandlerMapping : Mapped to com.codeneticx.nihaobackend.controller.V1Controller#getCourseProgress(String)
2026-09-02T15:33:44.152+05:00 DEBUG 1848 --- [http-nio-8089-exec-1] s.w.s.m.m.a.RequestMappingHandlerMapping : Mapped to com.codeneticx.nihaobackend.controller.V1Controller#getCourseProgress(String)
2026-09-02T15:33:44.152+05:00 DEBUG 1848 --- [http-nio-8089-exec-1] s.w.s.m.m.a.RequestMappingHandlerMapping : Mapped to com.codeneticx.nihaobackend.controller.V1Controller#getCourseProgress(String)
2026-09-02T15:33:44.154+05:00 DEBUG 1848 --- [http-nio-8089-exec-1] s.w.s.m.m.a.RequestMappingHandlerMapping : Mapped to com.codeneticx.nihaobackend.controller.V1Controller#getCourseProgress(String)
2026-09-02T15:33:44.155+05:00 DEBUG 1848 --- [http-nio-8089-exec-1] s.w.s.m.m.a.RequestMappingHandlerMapping : Mapped to com.codeneticx.nihaobackend.controller.V1Controller#getCourseProgress(String)
2026-09-02T15:33:44.155+05:00 DEBUG 1848 --- [http-nio-8089-exec-1] s.w.s.m.m.a.RequestMappingHandlerMapping : Mapped to com.codeneticx.nihaobackend.controller.V1Controller#getCourseProgress(String)
2026-09-02T15:33:44.157+05:00 DEBUG 1848 --- [http-nio-8089-exec-1] s.w.s.m.m.a.RequestMappingHandlerMapping : Mapped to com.codeneticx.nihaobackend.controller.V1Controller#getCourseProgress(String)
2026-09-02T15:33:44.157+05:00 DEBUG 1848 --- [http-nio-8089-exec-1] o.s.security.web.FilterChainProxy        : Secured GET /v1/courses/0a2552cb-962e-40ef-9cfe-85a6e5830387/progress
2026-09-02T15:33:44.157+05:00 DEBUG 1848 --- [http-nio-8089-exec-1] o.s.web.servlet.DispatcherServlet        : GET "/api/v1/courses/0a2552cb-962e-40ef-9cfe-85a6e5830387/progress", parameters={}
2026-09-02T15:33:44.157+05:00 DEBUG 1848 --- [http-nio-8089-exec-1] s.w.s.m.m.a.RequestMappingHandlerMapping : Mapped to com.codeneticx.nihaobackend.controller.V1Controller#getCourseProgress(String)
2026-09-02T15:33:44.179+05:00 DEBUG 1848 --- [http-nio-8089-exec-1] m.m.a.RequestResponseBodyMethodProcessor : Using 'application/json', given [application/json] and supported [application/json, application/*+json]
2026-09-02T15:33:44.179+05:00 DEBUG 1848 --- [http-nio-8089-exec-1] m.m.a.RequestResponseBodyMethodProcessor : Writing [ApiResponse(success=true, message=Course progress fetched successfully, data=CourseProgressDto(xp=40 (truncated)...]
2026-09-02T15:33:44.180+05:00 DEBUG 1848 --- [http-nio-8089-exec-1] o.s.web.servlet.DispatcherServlet        : Completed 200 OK
2026-09-02T15:33:44.725+05:00 DEBUG 1848 --- [HikariPool-1 housekeeper] com.zaxxer.hikari.pool.HikariPool        : HikariPool-1 - Pool stats (total=10, active=0, idle=10, waiting=0)
2026-09-02T15:33:44.725+05:00 DEBUG 1848 --- [HikariPool-1 housekeeper] com.zaxxer.hikari.pool.HikariPool        : HikariPool-1 - Fill pool skipped, pool has sufficient level or currently being filled (queueDepth=0).
2026-09-02T15:33:46.260+05:00 DEBUG 1848 --- [http-nio-8089-exec-2] o.s.security.web.FilterChainProxy        : Securing GET /v1/courses
2026-09-02T15:33:46.264+05:00 DEBUG 1848 --- [http-nio-8089-exec-2] s.w.s.m.m.a.RequestMappingHandlerMapping : Mapped to com.codeneticx.nihaobackend.controller.V1Controller#getCourses()
2026-09-02T15:33:46.264+05:00 DEBUG 1848 --- [http-nio-8089-exec-2] s.w.s.m.m.a.RequestMappingHandlerMapping : Mapped to com.codeneticx.nihaobackend.controller.V1Controller#getCourses()
2026-09-02T15:33:46.266+05:00 DEBUG 1848 --- [http-nio-8089-exec-2] s.w.s.m.m.a.RequestMappingHandlerMapping : Mapped to com.codeneticx.nihaobackend.controller.V1Controller#getCourses()
2026-09-02T15:33:46.266+05:00 DEBUG 1848 --- [http-nio-8089-exec-2] s.w.s.m.m.a.RequestMappingHandlerMapping : Mapped to com.codeneticx.nihaobackend.controller.V1Controller#getCourses()
2026-09-02T15:33:46.266+05:00 DEBUG 1848 --- [http-nio-8089-exec-2] s.w.s.m.m.a.RequestMappingHandlerMapping : Mapped to com.codeneticx.nihaobackend.controller.V1Controller#getCourses()
2026-09-02T15:33:46.266+05:00 DEBUG 1848 --- [http-nio-8089-exec-2] s.w.s.m.m.a.RequestMappingHandlerMapping : Mapped to com.codeneticx.nihaobackend.controller.V1Controller#getCourses()
2026-09-02T15:33:46.266+05:00 DEBUG 1848 --- [http-nio-8089-exec-2] s.w.s.m.m.a.RequestMappingHandlerMapping : Mapped to com.codeneticx.nihaobackend.controller.V1Controller#getCourses()
2026-09-02T15:33:46.266+05:00 DEBUG 1848 --- [http-nio-8089-exec-2] s.w.s.m.m.a.RequestMappingHandlerMapping : Mapped to com.codeneticx.nihaobackend.controller.V1Controller#getCourses()
2026-09-02T15:33:46.266+05:00 DEBUG 1848 --- [http-nio-8089-exec-2] s.w.s.m.m.a.RequestMappingHandlerMapping : Mapped to com.codeneticx.nihaobackend.controller.V1Controller#getCourses()
2026-09-02T15:33:46.266+05:00 DEBUG 1848 --- [http-nio-8089-exec-2] s.w.s.m.m.a.RequestMappingHandlerMapping : Mapped to com.codeneticx.nihaobackend.controller.V1Controller#getCourses()
2026-09-02T15:33:46.266+05:00 DEBUG 1848 --- [http-nio-8089-exec-2] s.w.s.m.m.a.RequestMappingHandlerMapping : Mapped to com.codeneticx.nihaobackend.controller.V1Controller#getCourses()
2026-09-02T15:33:46.266+05:00 DEBUG 1848 --- [http-nio-8089-exec-2] o.s.security.web.FilterChainProxy        : Secured GET /v1/courses
2026-09-02T15:33:46.266+05:00 DEBUG 1848 --- [http-nio-8089-exec-2] o.s.web.servlet.DispatcherServlet        : GET "/api/v1/courses", parameters={}
2026-09-02T15:33:46.266+05:00 DEBUG 1848 --- [http-nio-8089-exec-2] s.w.s.m.m.a.RequestMappingHandlerMapping : Mapped to com.codeneticx.nihaobackend.controller.V1Controller#getCourses()
2026-09-02T15:33:46.288+05:00 DEBUG 1848 --- [http-nio-8089-exec-2] m.m.a.RequestResponseBodyMethodProcessor : Using 'application/json', given [application/json] and supported [application/json, application/*+json]
2026-09-02T15:33:46.288+05:00 DEBUG 1848 --- [http-nio-8089-exec-2] m.m.a.RequestResponseBodyMethodProcessor : Writing [ApiResponse(success=true, message=Courses fetched successfully, data=[CourseListItemDto(id=0a2552cb- (truncated)...]
2026-09-02T15:33:46.290+05:00 DEBUG 1848 --- [http-nio-8089-exec-2] o.s.web.servlet.DispatcherServlet        : Completed 200 OK
2026-09-02T15:33:46.332+05:00 DEBUG 1848 --- [http-nio-8089-exec-3] o.s.security.web.FilterChainProxy        : Securing GET /v1/courses/0a2552cb-962e-40ef-9cfe-85a6e5830387/units?limit=20&offset=0
2026-09-02T15:33:46.342+05:00 DEBUG 1848 --- [http-nio-8089-exec-3] s.w.s.m.m.a.RequestMappingHandlerMapping : Mapped to com.codeneticx.nihaobackend.controller.V1Controller#getCourseUnits(String, int, int)
2026-09-02T15:33:46.343+05:00 DEBUG 1848 --- [http-nio-8089-exec-3] s.w.s.m.m.a.RequestMappingHandlerMapping : Mapped to com.codeneticx.nihaobackend.controller.V1Controller#getCourseUnits(String, int, int)
2026-09-02T15:33:46.343+05:00 DEBUG 1848 --- [http-nio-8089-exec-3] s.w.s.m.m.a.RequestMappingHandlerMapping : Mapped to com.codeneticx.nihaobackend.controller.V1Controller#getCourseUnits(String, int, int)
2026-09-02T15:33:46.344+05:00 DEBUG 1848 --- [http-nio-8089-exec-3] s.w.s.m.m.a.RequestMappingHandlerMapping : Mapped to com.codeneticx.nihaobackend.controller.V1Controller#getCourseUnits(String, int, int)
2026-09-02T15:33:46.344+05:00 DEBUG 1848 --- [http-nio-8089-exec-3] s.w.s.m.m.a.RequestMappingHandlerMapping : Mapped to com.codeneticx.nihaobackend.controller.V1Controller#getCourseUnits(String, int, int)
2026-09-02T15:33:46.345+05:00 DEBUG 1848 --- [http-nio-8089-exec-3] s.w.s.m.m.a.RequestMappingHandlerMapping : Mapped to com.codeneticx.nihaobackend.controller.V1Controller#getCourseUnits(String, int, int)
2026-09-02T15:33:46.345+05:00 DEBUG 1848 --- [http-nio-8089-exec-3] s.w.s.m.m.a.RequestMappingHandlerMapping : Mapped to com.codeneticx.nihaobackend.controller.V1Controller#getCourseUnits(String, int, int)
2026-09-02T15:33:46.346+05:00 DEBUG 1848 --- [http-nio-8089-exec-3] s.w.s.m.m.a.RequestMappingHandlerMapping : Mapped to com.codeneticx.nihaobackend.controller.V1Controller#getCourseUnits(String, int, int)
2026-09-02T15:33:46.346+05:00 DEBUG 1848 --- [http-nio-8089-exec-3] s.w.s.m.m.a.RequestMappingHandlerMapping : Mapped to com.codeneticx.nihaobackend.controller.V1Controller#getCourseUnits(String, int, int)
2026-09-02T15:33:46.347+05:00 DEBUG 1848 --- [http-nio-8089-exec-3] s.w.s.m.m.a.RequestMappingHandlerMapping : Mapped to com.codeneticx.nihaobackend.controller.V1Controller#getCourseUnits(String, int, int)
2026-09-02T15:33:46.347+05:00 DEBUG 1848 --- [http-nio-8089-exec-3] s.w.s.m.m.a.RequestMappingHandlerMapping : Mapped to com.codeneticx.nihaobackend.controller.V1Controller#getCourseUnits(String, int, int)
2026-09-02T15:33:46.347+05:00 DEBUG 1848 --- [http-nio-8089-exec-3] o.s.security.web.FilterChainProxy        : Secured GET /v1/courses/0a2552cb-962e-40ef-9cfe-85a6e5830387/units?limit=20&offset=0
2026-09-02T15:33:46.348+05:00 DEBUG 1848 --- [http-nio-8089-exec-3] o.s.web.servlet.DispatcherServlet        : GET "/api/v1/courses/0a2552cb-962e-40ef-9cfe-85a6e5830387/units?limit=20&offset=0", parameters={masked}
2026-09-02T15:33:46.348+05:00 DEBUG 1848 --- [http-nio-8089-exec-3] s.w.s.m.m.a.RequestMappingHandlerMapping : Mapped to com.codeneticx.nihaobackend.controller.V1Controller#getCourseUnits(String, int, int)
2026-09-02T15:33:46.370+05:00 DEBUG 1848 --- [http-nio-8089-exec-3] m.m.a.RequestResponseBodyMethodProcessor : Using 'application/json', given [application/json] and supported [application/json, application/*+json]
2026-09-02T15:33:46.371+05:00 DEBUG 1848 --- [http-nio-8089-exec-3] m.m.a.RequestResponseBodyMethodProcessor : Writing [ApiResponse(success=true, message=Units fetched successfully, data=[UnitJourneyNodeDto(id=f32cee8d-2 (truncated)...]
2026-09-02T15:33:46.372+05:00 DEBUG 1848 --- [http-nio-8089-exec-3] o.s.web.servlet.DispatcherServlet        : Completed 200 OK
2026-09-02T15:33:46.414+05:00 DEBUG 1848 --- [http-nio-8089-exec-4] o.s.security.web.FilterChainProxy        : Securing GET /v1/units/f32cee8d-264d-47e2-a3e0-6c4ede6e0e09/lessons
2026-09-02T15:33:46.422+05:00 DEBUG 1848 --- [http-nio-8089-exec-4] s.w.s.m.m.a.RequestMappingHandlerMapping : Mapped to com.codeneticx.nihaobackend.controller.V1Controller#getUnitLessons(String)
2026-09-02T15:33:46.422+05:00 DEBUG 1848 --- [http-nio-8089-exec-4] s.w.s.m.m.a.RequestMappingHandlerMapping : Mapped to com.codeneticx.nihaobackend.controller.V1Controller#getUnitLessons(String)
2026-09-02T15:33:46.423+05:00 DEBUG 1848 --- [http-nio-8089-exec-4] s.w.s.m.m.a.RequestMappingHandlerMapping : Mapped to com.codeneticx.nihaobackend.controller.V1Controller#getUnitLessons(String)
2026-09-02T15:33:46.424+05:00 DEBUG 1848 --- [http-nio-8089-exec-4] s.w.s.m.m.a.RequestMappingHandlerMapping : Mapped to com.codeneticx.nihaobackend.controller.V1Controller#getUnitLessons(String)
2026-09-02T15:33:46.425+05:00 DEBUG 1848 --- [http-nio-8089-exec-4] s.w.s.m.m.a.RequestMappingHandlerMapping : Mapped to com.codeneticx.nihaobackend.controller.V1Controller#getUnitLessons(String)
2026-09-02T15:33:46.425+05:00 DEBUG 1848 --- [http-nio-8089-exec-4] s.w.s.m.m.a.RequestMappingHandlerMapping : Mapped to com.codeneticx.nihaobackend.controller.V1Controller#getUnitLessons(String)
2026-09-02T15:33:46.426+05:00 DEBUG 1848 --- [http-nio-8089-exec-4] s.w.s.m.m.a.RequestMappingHandlerMapping : Mapped to com.codeneticx.nihaobackend.controller.V1Controller#getUnitLessons(String)
2026-09-02T15:33:46.427+05:00 DEBUG 1848 --- [http-nio-8089-exec-4] s.w.s.m.m.a.RequestMappingHandlerMapping : Mapped to com.codeneticx.nihaobackend.controller.V1Controller#getUnitLessons(String)
2026-09-02T15:33:46.428+05:00 DEBUG 1848 --- [http-nio-8089-exec-4] s.w.s.m.m.a.RequestMappingHandlerMapping : Mapped to com.codeneticx.nihaobackend.controller.V1Controller#getUnitLessons(String)
2026-09-02T15:33:46.429+05:00 DEBUG 1848 --- [http-nio-8089-exec-4] s.w.s.m.m.a.RequestMappingHandlerMapping : Mapped to com.codeneticx.nihaobackend.controller.V1Controller#getUnitLessons(String)
2026-09-02T15:33:46.430+05:00 DEBUG 1848 --- [http-nio-8089-exec-4] s.w.s.m.m.a.RequestMappingHandlerMapping : Mapped to com.codeneticx.nihaobackend.controller.V1Controller#getUnitLessons(String)
2026-09-02T15:33:46.431+05:00 DEBUG 1848 --- [http-nio-8089-exec-4] o.s.security.web.FilterChainProxy        : Secured GET /v1/units/f32cee8d-264d-47e2-a3e0-6c4ede6e0e09/lessons
2026-09-02T15:33:46.431+05:00 DEBUG 1848 --- [http-nio-8089-exec-4] o.s.web.servlet.DispatcherServlet        : GET "/api/v1/units/f32cee8d-264d-47e2-a3e0-6c4ede6e0e09/lessons", parameters={}
2026-09-02T15:33:46.431+05:00 DEBUG 1848 --- [http-nio-8089-exec-4] s.w.s.m.m.a.RequestMappingHandlerMapping : Mapped to com.codeneticx.nihaobackend.controller.V1Controller#getUnitLessons(String)
2026-09-02T15:33:46.451+05:00 DEBUG 1848 --- [http-nio-8089-exec-4] m.m.a.RequestResponseBodyMethodProcessor : Using 'application/json', given [application/json] and supported [application/json, application/*+json]
2026-09-02T15:33:46.452+05:00 DEBUG 1848 --- [http-nio-8089-exec-4] m.m.a.RequestResponseBodyMethodProcessor : Writing [ApiResponse(success=true, message=Lessons fetched successfully, data=[LessonJourneyNodeDto(id=780b13 (truncated)...]
2026-09-02T15:33:46.454+05:00 DEBUG 1848 --- [http-nio-8089-exec-4] o.s.web.servlet.DispatcherServlet        : Completed 200 OK
2026-09-02T15:33:46.505+05:00 DEBUG 1848 --- [http-nio-8089-exec-5] o.s.security.web.FilterChainProxy        : Securing GET /v1/courses/0a2552cb-962e-40ef-9cfe-85a6e5830387/progress
2026-09-02T15:33:46.517+05:00 DEBUG 1848 --- [http-nio-8089-exec-5] s.w.s.m.m.a.RequestMappingHandlerMapping : Mapped to com.codeneticx.nihaobackend.controller.V1Controller#getCourseProgress(String)
2026-09-02T15:33:46.518+05:00 DEBUG 1848 --- [http-nio-8089-exec-5] s.w.s.m.m.a.RequestMappingHandlerMapping : Mapped to com.codeneticx.nihaobackend.controller.V1Controller#getCourseProgress(String)
2026-09-02T15:33:46.519+05:00 DEBUG 1848 --- [http-nio-8089-exec-5] s.w.s.m.m.a.RequestMappingHandlerMapping : Mapped to com.codeneticx.nihaobackend.controller.V1Controller#getCourseProgress(String)
2026-09-02T15:33:46.519+05:00 DEBUG 1848 --- [http-nio-8089-exec-5] s.w.s.m.m.a.RequestMappingHandlerMapping : Mapped to com.codeneticx.nihaobackend.controller.V1Controller#getCourseProgress(String)
2026-09-02T15:33:46.520+05:00 DEBUG 1848 --- [http-nio-8089-exec-5] s.w.s.m.m.a.RequestMappingHandlerMapping : Mapped to com.codeneticx.nihaobackend.controller.V1Controller#getCourseProgress(String)
2026-09-02T15:33:46.520+05:00 DEBUG 1848 --- [http-nio-8089-exec-5] s.w.s.m.m.a.RequestMappingHandlerMapping : Mapped to com.codeneticx.nihaobackend.controller.V1Controller#getCourseProgress(String)
2026-09-02T15:33:46.522+05:00 DEBUG 1848 --- [http-nio-8089-exec-5] s.w.s.m.m.a.RequestMappingHandlerMapping : Mapped to com.codeneticx.nihaobackend.controller.V1Controller#getCourseProgress(String)
2026-09-02T15:33:46.522+05:00 DEBUG 1848 --- [http-nio-8089-exec-5] s.w.s.m.m.a.RequestMappingHandlerMapping : Mapped to com.codeneticx.nihaobackend.controller.V1Controller#getCourseProgress(String)
2026-09-02T15:33:46.523+05:00 DEBUG 1848 --- [http-nio-8089-exec-5] s.w.s.m.m.a.RequestMappingHandlerMapping : Mapped to com.codeneticx.nihaobackend.controller.V1Controller#getCourseProgress(String)
2026-09-02T15:33:46.523+05:00 DEBUG 1848 --- [http-nio-8089-exec-5] s.w.s.m.m.a.RequestMappingHandlerMapping : Mapped to com.codeneticx.nihaobackend.controller.V1Controller#getCourseProgress(String)
2026-09-02T15:33:46.524+05:00 DEBUG 1848 --- [http-nio-8089-exec-5] s.w.s.m.m.a.RequestMappingHandlerMapping : Mapped to com.codeneticx.nihaobackend.controller.V1Controller#getCourseProgress(String)
2026-09-02T15:33:46.524+05:00 DEBUG 1848 --- [http-nio-8089-exec-5] o.s.security.web.FilterChainProxy        : Secured GET /v1/courses/0a2552cb-962e-40ef-9cfe-85a6e5830387/progress
2026-09-02T15:33:46.524+05:00 DEBUG 1848 --- [http-nio-8089-exec-5] o.s.web.servlet.DispatcherServlet        : GET "/api/v1/courses/0a2552cb-962e-40ef-9cfe-85a6e5830387/progress", parameters={}
2026-09-02T15:33:46.525+05:00 DEBUG 1848 --- [http-nio-8089-exec-5] s.w.s.m.m.a.RequestMappingHandlerMapping : Mapped to com.codeneticx.nihaobackend.controller.V1Controller#getCourseProgress(String)
2026-09-02T15:33:46.558+05:00 DEBUG 1848 --- [http-nio-8089-exec-5] m.m.a.RequestResponseBodyMethodProcessor : Using 'application/json', given [application/json] and supported [application/json, application/*+json]
2026-09-02T15:33:46.560+05:00 DEBUG 1848 --- [http-nio-8089-exec-5] m.m.a.RequestResponseBodyMethodProcessor : Writing [ApiResponse(success=true, message=Course progress fetched successfully, data=CourseProgressDto(xp=40 (truncated)...]
2026-09-02T15:33:46.560+05:00 DEBUG 1848 --- [http-nio-8089-exec-5] o.s.web.servlet.DispatcherServlet        : Completed 200 OK
2026-09-02T15:33:48.211+05:00 DEBUG 1848 --- [http-nio-8089-exec-6] o.s.security.web.FilterChainProxy        : Securing GET /v1/courses
2026-09-02T15:33:48.218+05:00 DEBUG 1848 --- [http-nio-8089-exec-6] s.w.s.m.m.a.RequestMappingHandlerMapping : Mapped to com.codeneticx.nihaobackend.controller.V1Controller#getCourses()
2026-09-02T15:33:48.218+05:00 DEBUG 1848 --- [http-nio-8089-exec-6] s.w.s.m.m.a.RequestMappingHandlerMapping : Mapped to com.codeneticx.nihaobackend.controller.V1Controller#getCourses()
2026-09-02T15:33:48.218+05:00 DEBUG 1848 --- [http-nio-8089-exec-6] s.w.s.m.m.a.RequestMappingHandlerMapping : Mapped to com.codeneticx.nihaobackend.controller.V1Controller#getCourses()
2026-09-02T15:33:48.218+05:00 DEBUG 1848 --- [http-nio-8089-exec-6] s.w.s.m.m.a.RequestMappingHandlerMapping : Mapped to com.codeneticx.nihaobackend.controller.V1Controller#getCourses()
2026-09-02T15:33:48.219+05:00 DEBUG 1848 --- [http-nio-8089-exec-6] s.w.s.m.m.a.RequestMappingHandlerMapping : Mapped to com.codeneticx.nihaobackend.controller.V1Controller#getCourses()
2026-09-02T15:33:48.219+05:00 DEBUG 1848 --- [http-nio-8089-exec-6] s.w.s.m.m.a.RequestMappingHandlerMapping : Mapped to com.codeneticx.nihaobackend.controller.V1Controller#getCourses()
2026-09-02T15:33:48.219+05:00 DEBUG 1848 --- [http-nio-8089-exec-6] s.w.s.m.m.a.RequestMappingHandlerMapping : Mapped to com.codeneticx.nihaobackend.controller.V1Controller#getCourses()
2026-09-02T15:33:48.219+05:00 DEBUG 1848 --- [http-nio-8089-exec-6] s.w.s.m.m.a.RequestMappingHandlerMapping : Mapped to com.codeneticx.nihaobackend.controller.V1Controller#getCourses()
2026-09-02T15:33:48.219+05:00 DEBUG 1848 --- [http-nio-8089-exec-6] s.w.s.m.m.a.RequestMappingHandlerMapping : Mapped to com.codeneticx.nihaobackend.controller.V1Controller#getCourses()
2026-09-02T15:33:48.220+05:00 DEBUG 1848 --- [http-nio-8089-exec-6] s.w.s.m.m.a.RequestMappingHandlerMapping : Mapped to com.codeneticx.nihaobackend.controller.V1Controller#getCourses()
2026-09-02T15:33:48.220+05:00 DEBUG 1848 --- [http-nio-8089-exec-6] s.w.s.m.m.a.RequestMappingHandlerMapping : Mapped to com.codeneticx.nihaobackend.controller.V1Controller#getCourses()
2026-09-02T15:33:48.220+05:00 DEBUG 1848 --- [http-nio-8089-exec-6] o.s.security.web.FilterChainProxy        : Secured GET /v1/courses
2026-09-02T15:33:48.220+05:00 DEBUG 1848 --- [http-nio-8089-exec-6] o.s.web.servlet.DispatcherServlet        : GET "/api/v1/courses", parameters={}
2026-09-02T15:33:48.220+05:00 DEBUG 1848 --- [http-nio-8089-exec-6] s.w.s.m.m.a.RequestMappingHandlerMapping : Mapped to com.codeneticx.nihaobackend.controller.V1Controller#getCourses()
2026-09-02T15:33:48.245+05:00 DEBUG 1848 --- [http-nio-8089-exec-6] m.m.a.RequestResponseBodyMethodProcessor : Using 'application/json', given [application/json] and supported [application/json, application/*+json]
2026-09-02T15:33:48.245+05:00 DEBUG 1848 --- [http-nio-8089-exec-6] m.m.a.RequestResponseBodyMethodProcessor : Writing [ApiResponse(success=true, message=Courses fetched successfully, data=[CourseListItemDto(id=0a2552cb- (truncated)...]
2026-09-02T15:33:48.246+05:00 DEBUG 1848 --- [http-nio-8089-exec-6] o.s.web.servlet.DispatcherServlet        : Completed 200 OK
2026-09-02T15:33:48.268+05:00 DEBUG 1848 --- [http-nio-8089-exec-7] o.s.security.web.FilterChainProxy        : Securing GET /v1/courses/0a2552cb-962e-40ef-9cfe-85a6e5830387/units?limit=20&offset=0
2026-09-02T15:33:48.274+05:00 DEBUG 1848 --- [http-nio-8089-exec-7] s.w.s.m.m.a.RequestMappingHandlerMapping : Mapped to com.codeneticx.nihaobackend.controller.V1Controller#getCourseUnits(String, int, int)
2026-09-02T15:33:48.274+05:00 DEBUG 1848 --- [http-nio-8089-exec-7] s.w.s.m.m.a.RequestMappingHandlerMapping : Mapped to com.codeneticx.nihaobackend.controller.V1Controller#getCourseUnits(String, int, int)
2026-09-02T15:33:48.275+05:00 DEBUG 1848 --- [http-nio-8089-exec-7] s.w.s.m.m.a.RequestMappingHandlerMapping : Mapped to com.codeneticx.nihaobackend.controller.V1Controller#getCourseUnits(String, int, int)
2026-09-02T15:33:48.275+05:00 DEBUG 1848 --- [http-nio-8089-exec-7] s.w.s.m.m.a.RequestMappingHandlerMapping : Mapped to com.codeneticx.nihaobackend.controller.V1Controller#getCourseUnits(String, int, int)
2026-09-02T15:33:48.275+05:00 DEBUG 1848 --- [http-nio-8089-exec-7] s.w.s.m.m.a.RequestMappingHandlerMapping : Mapped to com.codeneticx.nihaobackend.controller.V1Controller#getCourseUnits(String, int, int)
2026-09-02T15:33:48.276+05:00 DEBUG 1848 --- [http-nio-8089-exec-7] s.w.s.m.m.a.RequestMappingHandlerMapping : Mapped to com.codeneticx.nihaobackend.controller.V1Controller#getCourseUnits(String, int, int)
2026-09-02T15:33:48.276+05:00 DEBUG 1848 --- [http-nio-8089-exec-7] s.w.s.m.m.a.RequestMappingHandlerMapping : Mapped to com.codeneticx.nihaobackend.controller.V1Controller#getCourseUnits(String, int, int)
2026-09-02T15:33:48.277+05:00 DEBUG 1848 --- [http-nio-8089-exec-7] s.w.s.m.m.a.RequestMappingHandlerMapping : Mapped to com.codeneticx.nihaobackend.controller.V1Controller#getCourseUnits(String, int, int)
2026-09-02T15:33:48.277+05:00 DEBUG 1848 --- [http-nio-8089-exec-7] s.w.s.m.m.a.RequestMappingHandlerMapping : Mapped to com.codeneticx.nihaobackend.controller.V1Controller#getCourseUnits(String, int, int)
2026-09-02T15:33:48.278+05:00 DEBUG 1848 --- [http-nio-8089-exec-7] s.w.s.m.m.a.RequestMappingHandlerMapping : Mapped to com.codeneticx.nihaobackend.controller.V1Controller#getCourseUnits(String, int, int)
2026-09-02T15:33:48.278+05:00 DEBUG 1848 --- [http-nio-8089-exec-7] s.w.s.m.m.a.RequestMappingHandlerMapping : Mapped to com.codeneticx.nihaobackend.controller.V1Controller#getCourseUnits(String, int, int)
2026-09-02T15:33:48.278+05:00 DEBUG 1848 --- [http-nio-8089-exec-7] o.s.security.web.FilterChainProxy        : Secured GET /v1/courses/0a2552cb-962e-40ef-9cfe-85a6e5830387/units?limit=20&offset=0
2026-09-02T15:33:48.278+05:00 DEBUG 1848 --- [http-nio-8089-exec-7] o.s.web.servlet.DispatcherServlet        : GET "/api/v1/courses/0a2552cb-962e-40ef-9cfe-85a6e5830387/units?limit=20&offset=0", parameters={masked}
2026-09-02T15:33:48.279+05:00 DEBUG 1848 --- [http-nio-8089-exec-7] s.w.s.m.m.a.RequestMappingHandlerMapping : Mapped to com.codeneticx.nihaobackend.controller.V1Controller#getCourseUnits(String, int, int)
2026-09-02T15:33:48.296+05:00 DEBUG 1848 --- [http-nio-8089-exec-7] m.m.a.RequestResponseBodyMethodProcessor : Using 'application/json', given [application/json] and supported [application/json, application/*+json]
2026-09-02T15:33:48.296+05:00 DEBUG 1848 --- [http-nio-8089-exec-7] m.m.a.RequestResponseBodyMethodProcessor : Writing [ApiResponse(success=true, message=Units fetched successfully, data=[UnitJourneyNodeDto(id=f32cee8d-2 (truncated)...]
2026-09-02T15:33:48.297+05:00 DEBUG 1848 --- [http-nio-8089-exec-7] o.s.web.servlet.DispatcherServlet        : Completed 200 OK
2026-09-02T15:33:48.317+05:00 DEBUG 1848 --- [http-nio-8089-exec-8] o.s.security.web.FilterChainProxy        : Securing GET /v1/units/f32cee8d-264d-47e2-a3e0-6c4ede6e0e09/lessons
2026-09-02T15:33:48.322+05:00 DEBUG 1848 --- [http-nio-8089-exec-8] s.w.s.m.m.a.RequestMappingHandlerMapping : Mapped to com.codeneticx.nihaobackend.controller.V1Controller#getUnitLessons(String)
2026-09-02T15:33:48.322+05:00 DEBUG 1848 --- [http-nio-8089-exec-8] s.w.s.m.m.a.RequestMappingHandlerMapping : Mapped to com.codeneticx.nihaobackend.controller.V1Controller#getUnitLessons(String)
2026-09-02T15:33:48.323+05:00 DEBUG 1848 --- [http-nio-8089-exec-8] s.w.s.m.m.a.RequestMappingHandlerMapping : Mapped to com.codeneticx.nihaobackend.controller.V1Controller#getUnitLessons(String)
2026-09-02T15:33:48.323+05:00 DEBUG 1848 --- [http-nio-8089-exec-8] s.w.s.m.m.a.RequestMappingHandlerMapping : Mapped to com.codeneticx.nihaobackend.controller.V1Controller#getUnitLessons(String)
2026-09-02T15:33:48.323+05:00 DEBUG 1848 --- [http-nio-8089-exec-8] s.w.s.m.m.a.RequestMappingHandlerMapping : Mapped to com.codeneticx.nihaobackend.controller.V1Controller#getUnitLessons(String)
2026-09-02T15:33:48.323+05:00 DEBUG 1848 --- [http-nio-8089-exec-8] s.w.s.m.m.a.RequestMappingHandlerMapping : Mapped to com.codeneticx.nihaobackend.controller.V1Controller#getUnitLessons(String)
2026-09-02T15:33:48.324+05:00 DEBUG 1848 --- [http-nio-8089-exec-8] s.w.s.m.m.a.RequestMappingHandlerMapping : Mapped to com.codeneticx.nihaobackend.controller.V1Controller#getUnitLessons(String)
2026-09-02T15:33:48.324+05:00 DEBUG 1848 --- [http-nio-8089-exec-8] s.w.s.m.m.a.RequestMappingHandlerMapping : Mapped to com.codeneticx.nihaobackend.controller.V1Controller#getUnitLessons(String)
2026-09-02T15:33:48.324+05:00 DEBUG 1848 --- [http-nio-8089-exec-8] s.w.s.m.m.a.RequestMappingHandlerMapping : Mapped to com.codeneticx.nihaobackend.controller.V1Controller#getUnitLessons(String)
2026-09-02T15:33:48.325+05:00 DEBUG 1848 --- [http-nio-8089-exec-8] s.w.s.m.m.a.RequestMappingHandlerMapping : Mapped to com.codeneticx.nihaobackend.controller.V1Controller#getUnitLessons(String)
2026-09-02T15:33:48.325+05:00 DEBUG 1848 --- [http-nio-8089-exec-8] s.w.s.m.m.a.RequestMappingHandlerMapping : Mapped to com.codeneticx.nihaobackend.controller.V1Controller#getUnitLessons(String)
2026-09-02T15:33:48.325+05:00 DEBUG 1848 --- [http-nio-8089-exec-8] o.s.security.web.FilterChainProxy        : Secured GET /v1/units/f32cee8d-264d-47e2-a3e0-6c4ede6e0e09/lessons
2026-09-02T15:33:48.325+05:00 DEBUG 1848 --- [http-nio-8089-exec-8] o.s.web.servlet.DispatcherServlet        : GET "/api/v1/units/f32cee8d-264d-47e2-a3e0-6c4ede6e0e09/lessons", parameters={}
2026-09-02T15:33:48.326+05:00 DEBUG 1848 --- [http-nio-8089-exec-8] s.w.s.m.m.a.RequestMappingHandlerMapping : Mapped to com.codeneticx.nihaobackend.controller.V1Controller#getUnitLessons(String)
2026-09-02T15:33:48.338+05:00 DEBUG 1848 --- [http-nio-8089-exec-8] m.m.a.RequestResponseBodyMethodProcessor : Using 'application/json', given [application/json] and supported [application/json, application/*+json]
2026-09-02T15:33:48.338+05:00 DEBUG 1848 --- [http-nio-8089-exec-8] m.m.a.RequestResponseBodyMethodProcessor : Writing [ApiResponse(success=true, message=Lessons fetched successfully, data=[LessonJourneyNodeDto(id=780b13 (truncated)...]
2026-09-02T15:33:48.340+05:00 DEBUG 1848 --- [http-nio-8089-exec-8] o.s.web.servlet.DispatcherServlet        : Completed 200 OK
2026-09-02T15:33:48.361+05:00 DEBUG 1848 --- [http-nio-8089-exec-9] o.s.security.web.FilterChainProxy        : Securing GET /v1/courses/0a2552cb-962e-40ef-9cfe-85a6e5830387/progress
2026-09-02T15:33:48.371+05:00 DEBUG 1848 --- [http-nio-8089-exec-9] s.w.s.m.m.a.RequestMappingHandlerMapping : Mapped to com.codeneticx.nihaobackend.controller.V1Controller#getCourseProgress(String)
2026-09-02T15:33:48.371+05:00 DEBUG 1848 --- [http-nio-8089-exec-9] s.w.s.m.m.a.RequestMappingHandlerMapping : Mapped to com.codeneticx.nihaobackend.controller.V1Controller#getCourseProgress(String)
2026-09-02T15:33:48.372+05:00 DEBUG 1848 --- [http-nio-8089-exec-9] s.w.s.m.m.a.RequestMappingHandlerMapping : Mapped to com.codeneticx.nihaobackend.controller.V1Controller#getCourseProgress(String)
2026-09-02T15:33:48.372+05:00 DEBUG 1848 --- [http-nio-8089-exec-9] s.w.s.m.m.a.RequestMappingHandlerMapping : Mapped to com.codeneticx.nihaobackend.controller.V1Controller#getCourseProgress(String)
2026-09-02T15:33:48.372+05:00 DEBUG 1848 --- [http-nio-8089-exec-9] s.w.s.m.m.a.RequestMappingHandlerMapping : Mapped to com.codeneticx.nihaobackend.controller.V1Controller#getCourseProgress(String)
2026-09-02T15:33:48.373+05:00 DEBUG 1848 --- [http-nio-8089-exec-9] s.w.s.m.m.a.RequestMappingHandlerMapping : Mapped to com.codeneticx.nihaobackend.controller.V1Controller#getCourseProgress(String)
2026-09-02T15:33:48.373+05:00 DEBUG 1848 --- [http-nio-8089-exec-9] s.w.s.m.m.a.RequestMappingHandlerMapping : Mapped to com.codeneticx.nihaobackend.controller.V1Controller#getCourseProgress(String)
2026-09-02T15:33:48.374+05:00 DEBUG 1848 --- [http-nio-8089-exec-9] s.w.s.m.m.a.RequestMappingHandlerMapping : Mapped to com.codeneticx.nihaobackend.controller.V1Controller#getCourseProgress(String)
2026-09-02T15:33:48.374+05:00 DEBUG 1848 --- [http-nio-8089-exec-9] s.w.s.m.m.a.RequestMappingHandlerMapping : Mapped to com.codeneticx.nihaobackend.controller.V1Controller#getCourseProgress(String)
2026-09-02T15:33:48.374+05:00 DEBUG 1848 --- [http-nio-8089-exec-9] s.w.s.m.m.a.RequestMappingHandlerMapping : Mapped to com.codeneticx.nihaobackend.controller.V1Controller#getCourseProgress(String)
2026-09-02T15:33:48.375+05:00 DEBUG 1848 --- [http-nio-8089-exec-9] s.w.s.m.m.a.RequestMappingHandlerMapping : Mapped to com.codeneticx.nihaobackend.controller.V1Controller#getCourseProgress(String)
2026-09-02T15:33:48.375+05:00 DEBUG 1848 --- [http-nio-8089-exec-9] o.s.security.web.FilterChainProxy        : Secured GET /v1/courses/0a2552cb-962e-40ef-9cfe-85a6e5830387/progress
2026-09-02T15:33:48.375+05:00 DEBUG 1848 --- [http-nio-8089-exec-9] o.s.web.servlet.DispatcherServlet        : GET "/api/v1/courses/0a2552cb-962e-40ef-9cfe-85a6e5830387/progress", parameters={}
2026-09-02T15:33:48.376+05:00 DEBUG 1848 --- [http-nio-8089-exec-9] s.w.s.m.m.a.RequestMappingHandlerMapping : Mapped to com.codeneticx.nihaobackend.controller.V1Controller#getCourseProgress(String)
2026-09-02T15:33:48.396+05:00 DEBUG 1848 --- [http-nio-8089-exec-9] m.m.a.RequestResponseBodyMethodProcessor : Using 'application/json', given [application/json] and supported [application/json, application/*+json]
2026-09-02T15:33:48.397+05:00 DEBUG 1848 --- [http-nio-8089-exec-9] m.m.a.RequestResponseBodyMethodProcessor : Writing [ApiResponse(success=true, message=Course progress fetched successfully, data=CourseProgressDto(xp=40 (truncated)...]
2026-09-02T15:33:48.398+05:00 DEBUG 1848 --- [http-nio-8089-exec-9] o.s.web.servlet.DispatcherServlet        : Completed 200 OK
2026-09-02T15:33:48.418+05:00 DEBUG 1848 --- [http-nio-8089-exec-10] o.s.security.web.FilterChainProxy        : Securing GET /v1/api/vocabulary
2026-09-02T15:33:48.424+05:00 DEBUG 1848 --- [http-nio-8089-exec-10] s.w.s.m.m.a.RequestMappingHandlerMapping : Mapped to com.codeneticx.nihaobackend.controller.V1ApiController#getVocabulary(Integer, String)
2026-09-02T15:33:48.424+05:00 DEBUG 1848 --- [http-nio-8089-exec-10] s.w.s.m.m.a.RequestMappingHandlerMapping : Mapped to com.codeneticx.nihaobackend.controller.V1ApiController#getVocabulary(Integer, String)
2026-09-02T15:33:48.424+05:00 DEBUG 1848 --- [http-nio-8089-exec-10] s.w.s.m.m.a.RequestMappingHandlerMapping : Mapped to com.codeneticx.nihaobackend.controller.V1ApiController#getVocabulary(Integer, String)
2026-09-02T15:33:48.424+05:00 DEBUG 1848 --- [http-nio-8089-exec-10] s.w.s.m.m.a.RequestMappingHandlerMapping : Mapped to com.codeneticx.nihaobackend.controller.V1ApiController#getVocabulary(Integer, String)
2026-09-02T15:33:48.424+05:00 DEBUG 1848 --- [http-nio-8089-exec-10] s.w.s.m.m.a.RequestMappingHandlerMapping : Mapped to com.codeneticx.nihaobackend.controller.V1ApiController#getVocabulary(Integer, String)
2026-09-02T15:33:48.424+05:00 DEBUG 1848 --- [http-nio-8089-exec-10] s.w.s.m.m.a.RequestMappingHandlerMapping : Mapped to com.codeneticx.nihaobackend.controller.V1ApiController#getVocabulary(Integer, String)
2026-09-02T15:33:48.424+05:00 DEBUG 1848 --- [http-nio-8089-exec-10] s.w.s.m.m.a.RequestMappingHandlerMapping : Mapped to com.codeneticx.nihaobackend.controller.V1ApiController#getVocabulary(Integer, String)
2026-09-02T15:33:48.424+05:00 DEBUG 1848 --- [http-nio-8089-exec-10] s.w.s.m.m.a.RequestMappingHandlerMapping : Mapped to com.codeneticx.nihaobackend.controller.V1ApiController#getVocabulary(Integer, String)
2026-09-02T15:33:48.425+05:00 DEBUG 1848 --- [http-nio-8089-exec-10] s.w.s.m.m.a.RequestMappingHandlerMapping : Mapped to com.codeneticx.nihaobackend.controller.V1ApiController#getVocabulary(Integer, String)
2026-09-02T15:33:48.425+05:00 DEBUG 1848 --- [http-nio-8089-exec-10] s.w.s.m.m.a.RequestMappingHandlerMapping : Mapped to com.codeneticx.nihaobackend.controller.V1ApiController#getVocabulary(Integer, String)
2026-09-02T15:33:48.426+05:00 DEBUG 1848 --- [http-nio-8089-exec-10] s.w.s.m.m.a.RequestMappingHandlerMapping : Mapped to com.codeneticx.nihaobackend.controller.V1ApiController#getVocabulary(Integer, String)
2026-09-02T15:33:48.426+05:00 DEBUG 1848 --- [http-nio-8089-exec-10] o.s.security.web.FilterChainProxy        : Secured GET /v1/api/vocabulary
2026-09-02T15:33:48.426+05:00 DEBUG 1848 --- [http-nio-8089-exec-10] o.s.web.servlet.DispatcherServlet        : GET "/api/v1/api/vocabulary", parameters={}
2026-09-02T15:33:48.426+05:00 DEBUG 1848 --- [http-nio-8089-exec-10] s.w.s.m.m.a.RequestMappingHandlerMapping : Mapped to com.codeneticx.nihaobackend.controller.V1ApiController#getVocabulary(Integer, String)
2026-09-02T15:33:48.652+05:00 DEBUG 1848 --- [http-nio-8089-exec-10] m.m.a.RequestResponseBodyMethodProcessor : Using 'application/json', given [application/json] and supported [application/json, application/*+json]
2026-09-02T15:33:48.659+05:00 DEBUG 1848 --- [http-nio-8089-exec-10] m.m.a.RequestResponseBodyMethodProcessor : Writing [org.hibernate.LazyInitializationException: failed to lazily initialize a collection of role: com.cod (truncated)...]
2026-09-02T15:33:48.687+05:00 DEBUG 1848 --- [http-nio-8089-exec-10] .m.m.a.ExceptionHandlerExceptionResolver : Using @ExceptionHandler com.codeneticx.nihaobackend.exception.GlobalExceptionHandler#handleGeneric(Exception)
2026-09-02T15:33:48.688+05:00 DEBUG 1848 --- [http-nio-8089-exec-10] o.s.w.s.m.m.a.HttpEntityMethodProcessor  : Using 'application/json', given [application/json] and supported [application/json, application/*+json]
2026-09-02T15:33:48.689+05:00 DEBUG 1848 --- [http-nio-8089-exec-10] o.s.w.s.m.m.a.HttpEntityMethodProcessor  : Writing [ApiResponse(success=false, message=An unexpected error occurred: Could not write JSON: failed to laz (truncated)...]
2026-09-02T15:33:48.689+05:00  WARN 1848 --- [http-nio-8089-exec-10] .m.m.a.ExceptionHandlerExceptionResolver : Resolved [org.springframework.http.converter.HttpMessageNotWritableException: Could not write JSON: failed to lazily initialize a collection of role: com.codeneticx.nihaobackend.model.Vocabulary.topics: could not initialize proxy - no Session]
2026-09-02T15:33:48.689+05:00 DEBUG 1848 --- [http-nio-8089-exec-10] o.s.web.servlet.DispatcherServlet        : Completed 500 INTERNAL_SERVER_ERROR
2026-09-02T15:33:48.719+05:00 DEBUG 1848 --- [http-nio-8089-exec-1] o.s.security.web.FilterChainProxy        : Securing GET /v1/lessons/780b13bd-a283-467c-ac81-0e9b1a7c9bbd/exercises
2026-09-02T15:33:48.727+05:00 DEBUG 1848 --- [http-nio-8089-exec-1] s.w.s.m.m.a.RequestMappingHandlerMapping : Mapped to com.codeneticx.nihaobackend.controller.V1Controller#getLessonExercises(String)
2026-09-02T15:33:48.727+05:00 DEBUG 1848 --- [http-nio-8089-exec-1] s.w.s.m.m.a.RequestMappingHandlerMapping : Mapped to com.codeneticx.nihaobackend.controller.V1Controller#getLessonExercises(String)
2026-09-02T15:33:48.728+05:00 DEBUG 1848 --- [http-nio-8089-exec-1] s.w.s.m.m.a.RequestMappingHandlerMapping : Mapped to com.codeneticx.nihaobackend.controller.V1Controller#getLessonExercises(String)
2026-09-02T15:33:48.728+05:00 DEBUG 1848 --- [http-nio-8089-exec-1] s.w.s.m.m.a.RequestMappingHandlerMapping : Mapped to com.codeneticx.nihaobackend.controller.V1Controller#getLessonExercises(String)
2026-09-02T15:33:48.728+05:00 DEBUG 1848 --- [http-nio-8089-exec-1] s.w.s.m.m.a.RequestMappingHandlerMapping : Mapped to com.codeneticx.nihaobackend.controller.V1Controller#getLessonExercises(String)
2026-09-02T15:33:48.729+05:00 DEBUG 1848 --- [http-nio-8089-exec-1] s.w.s.m.m.a.RequestMappingHandlerMapping : Mapped to com.codeneticx.nihaobackend.controller.V1Controller#getLessonExercises(String)
2026-09-02T15:33:48.729+05:00 DEBUG 1848 --- [http-nio-8089-exec-1] s.w.s.m.m.a.RequestMappingHandlerMapping : Mapped to com.codeneticx.nihaobackend.controller.V1Controller#getLessonExercises(String)
2026-09-02T15:33:48.729+05:00 DEBUG 1848 --- [http-nio-8089-exec-1] s.w.s.m.m.a.RequestMappingHandlerMapping : Mapped to com.codeneticx.nihaobackend.controller.V1Controller#getLessonExercises(String)
2026-09-02T15:33:48.730+05:00 DEBUG 1848 --- [http-nio-8089-exec-1] s.w.s.m.m.a.RequestMappingHandlerMapping : Mapped to com.codeneticx.nihaobackend.controller.V1Controller#getLessonExercises(String)
2026-09-02T15:33:48.730+05:00 DEBUG 1848 --- [http-nio-8089-exec-1] s.w.s.m.m.a.RequestMappingHandlerMapping : Mapped to com.codeneticx.nihaobackend.controller.V1Controller#getLessonExercises(String)
2026-09-02T15:33:48.731+05:00 DEBUG 1848 --- [http-nio-8089-exec-1] s.w.s.m.m.a.RequestMappingHandlerMapping : Mapped to com.codeneticx.nihaobackend.controller.V1Controller#getLessonExercises(String)
2026-09-02T15:33:48.731+05:00 DEBUG 1848 --- [http-nio-8089-exec-1] o.s.security.web.FilterChainProxy        : Secured GET /v1/lessons/780b13bd-a283-467c-ac81-0e9b1a7c9bbd/exercises
2026-09-02T15:33:48.731+05:00 DEBUG 1848 --- [http-nio-8089-exec-1] o.s.web.servlet.DispatcherServlet        : GET "/api/v1/lessons/780b13bd-a283-467c-ac81-0e9b1a7c9bbd/exercises", parameters={}
2026-09-02T15:33:48.731+05:00 DEBUG 1848 --- [http-nio-8089-exec-1] s.w.s.m.m.a.RequestMappingHandlerMapping : Mapped to com.codeneticx.nihaobackend.controller.V1Controller#getLessonExercises(String)
2026-09-02T15:33:48.739+05:00 DEBUG 1848 --- [http-nio-8089-exec-1] m.m.a.RequestResponseBodyMethodProcessor : Using 'application/json', given [application/json] and supported [application/json, application/*+json]
2026-09-02T15:33:48.739+05:00 DEBUG 1848 --- [http-nio-8089-exec-1] m.m.a.RequestResponseBodyMethodProcessor : Writing [ApiResponse(success=true, message=Exercises fetched successfully, data=[ExerciseNodeDto(id=78834536- (truncated)...]
2026-09-02T15:33:48.740+05:00 DEBUG 1848 --- [http-nio-8089-exec-1] o.s.web.servlet.DispatcherServlet        : Completed 200 OK
2026-09-02T15:33:48.775+05:00 DEBUG 1848 --- [http-nio-8089-exec-2] o.s.security.web.FilterChainProxy        : Securing GET /v1/lessons/ba3f33d6-3ad2-44fe-9e22-1c9e8d78a09a/exercises
2026-09-02T15:33:48.783+05:00 DEBUG 1848 --- [http-nio-8089-exec-2] s.w.s.m.m.a.RequestMappingHandlerMapping : Mapped to com.codeneticx.nihaobackend.controller.V1Controller#getLessonExercises(String)
2026-09-02T15:33:48.784+05:00 DEBUG 1848 --- [http-nio-8089-exec-2] s.w.s.m.m.a.RequestMappingHandlerMapping : Mapped to com.codeneticx.nihaobackend.controller.V1Controller#getLessonExercises(String)
2026-09-02T15:33:48.785+05:00 DEBUG 1848 --- [http-nio-8089-exec-2] s.w.s.m.m.a.RequestMappingHandlerMapping : Mapped to com.codeneticx.nihaobackend.controller.V1Controller#getLessonExercises(String)
2026-09-02T15:33:48.785+05:00 DEBUG 1848 --- [http-nio-8089-exec-2] s.w.s.m.m.a.RequestMappingHandlerMapping : Mapped to com.codeneticx.nihaobackend.controller.V1Controller#getLessonExercises(String)
2026-09-02T15:33:48.786+05:00 DEBUG 1848 --- [http-nio-8089-exec-2] s.w.s.m.m.a.RequestMappingHandlerMapping : Mapped to com.codeneticx.nihaobackend.controller.V1Controller#getLessonExercises(String)
2026-09-02T15:33:48.787+05:00 DEBUG 1848 --- [http-nio-8089-exec-2] s.w.s.m.m.a.RequestMappingHandlerMapping : Mapped to com.codeneticx.nihaobackend.controller.V1Controller#getLessonExercises(String)
2026-09-02T15:33:48.787+05:00 DEBUG 1848 --- [http-nio-8089-exec-2] s.w.s.m.m.a.RequestMappingHandlerMapping : Mapped to com.codeneticx.nihaobackend.controller.V1Controller#getLessonExercises(String)
2026-09-02T15:33:48.788+05:00 DEBUG 1848 --- [http-nio-8089-exec-2] s.w.s.m.m.a.RequestMappingHandlerMapping : Mapped to com.codeneticx.nihaobackend.controller.V1Controller#getLessonExercises(String)
2026-09-02T15:33:48.788+05:00 DEBUG 1848 --- [http-nio-8089-exec-2] s.w.s.m.m.a.RequestMappingHandlerMapping : Mapped to com.codeneticx.nihaobackend.controller.V1Controller#getLessonExercises(String)
2026-09-02T15:33:48.789+05:00 DEBUG 1848 --- [http-nio-8089-exec-2] s.w.s.m.m.a.RequestMappingHandlerMapping : Mapped to com.codeneticx.nihaobackend.controller.V1Controller#getLessonExercises(String)
2026-09-02T15:33:48.789+05:00 DEBUG 1848 --- [http-nio-8089-exec-2] s.w.s.m.m.a.RequestMappingHandlerMapping : Mapped to com.codeneticx.nihaobackend.controller.V1Controller#getLessonExercises(String)
2026-09-02T15:33:48.789+05:00 DEBUG 1848 --- [http-nio-8089-exec-2] o.s.security.web.FilterChainProxy        : Secured GET /v1/lessons/ba3f33d6-3ad2-44fe-9e22-1c9e8d78a09a/exercises
2026-09-02T15:33:48.789+05:00 DEBUG 1848 --- [http-nio-8089-exec-2] o.s.web.servlet.DispatcherServlet        : GET "/api/v1/lessons/ba3f33d6-3ad2-44fe-9e22-1c9e8d78a09a/exercises", parameters={}
2026-09-02T15:33:48.789+05:00 DEBUG 1848 --- [http-nio-8089-exec-2] s.w.s.m.m.a.RequestMappingHandlerMapping : Mapped to com.codeneticx.nihaobackend.controller.V1Controller#getLessonExercises(String)
2026-09-02T15:33:48.795+05:00 DEBUG 1848 --- [http-nio-8089-exec-2] m.m.a.RequestResponseBodyMethodProcessor : Using 'application/json', given [application/json] and supported [application/json, application/*+json]
2026-09-02T15:33:48.796+05:00 DEBUG 1848 --- [http-nio-8089-exec-2] m.m.a.RequestResponseBodyMethodProcessor : Writing [ApiResponse(success=true, message=Exercises fetched successfully, data=[ExerciseNodeDto(id=3ff4944b- (truncated)...]
2026-09-02T15:33:48.797+05:00 DEBUG 1848 --- [http-nio-8089-exec-2] o.s.web.servlet.DispatcherServlet        : Completed 200 OK
2026-09-02T15:33:48.820+05:00 DEBUG 1848 --- [http-nio-8089-exec-3] o.s.security.web.FilterChainProxy        : Securing GET /v1/lessons/adb2ad19-d7d0-4316-b5e9-91cb48629bc9/exercises
2026-09-02T15:33:48.827+05:00 DEBUG 1848 --- [http-nio-8089-exec-3] s.w.s.m.m.a.RequestMappingHandlerMapping : Mapped to com.codeneticx.nihaobackend.controller.V1Controller#getLessonExercises(String)
2026-09-02T15:33:48.827+05:00 DEBUG 1848 --- [http-nio-8089-exec-3] s.w.s.m.m.a.RequestMappingHandlerMapping : Mapped to com.codeneticx.nihaobackend.controller.V1Controller#getLessonExercises(String)
2026-09-02T15:33:48.828+05:00 DEBUG 1848 --- [http-nio-8089-exec-3] s.w.s.m.m.a.RequestMappingHandlerMapping : Mapped to com.codeneticx.nihaobackend.controller.V1Controller#getLessonExercises(String)
2026-09-02T15:33:48.828+05:00 DEBUG 1848 --- [http-nio-8089-exec-3] s.w.s.m.m.a.RequestMappingHandlerMapping : Mapped to com.codeneticx.nihaobackend.controller.V1Controller#getLessonExercises(String)
2026-09-02T15:33:48.829+05:00 DEBUG 1848 --- [http-nio-8089-exec-3] s.w.s.m.m.a.RequestMappingHandlerMapping : Mapped to com.codeneticx.nihaobackend.controller.V1Controller#getLessonExercises(String)
2026-09-02T15:33:48.829+05:00 DEBUG 1848 --- [http-nio-8089-exec-3] s.w.s.m.m.a.RequestMappingHandlerMapping : Mapped to com.codeneticx.nihaobackend.controller.V1Controller#getLessonExercises(String)
2026-09-02T15:33:48.830+05:00 DEBUG 1848 --- [http-nio-8089-exec-3] s.w.s.m.m.a.RequestMappingHandlerMapping : Mapped to com.codeneticx.nihaobackend.controller.V1Controller#getLessonExercises(String)
2026-09-02T15:33:48.830+05:00 DEBUG 1848 --- [http-nio-8089-exec-3] s.w.s.m.m.a.RequestMappingHandlerMapping : Mapped to com.codeneticx.nihaobackend.controller.V1Controller#getLessonExercises(String)
2026-09-02T15:33:48.831+05:00 DEBUG 1848 --- [http-nio-8089-exec-3] s.w.s.m.m.a.RequestMappingHandlerMapping : Mapped to com.codeneticx.nihaobackend.controller.V1Controller#getLessonExercises(String)
2026-09-02T15:33:48.831+05:00 DEBUG 1848 --- [http-nio-8089-exec-3] s.w.s.m.m.a.RequestMappingHandlerMapping : Mapped to com.codeneticx.nihaobackend.controller.V1Controller#getLessonExercises(String)
2026-09-02T15:33:48.831+05:00 DEBUG 1848 --- [http-nio-8089-exec-3] s.w.s.m.m.a.RequestMappingHandlerMapping : Mapped to com.codeneticx.nihaobackend.controller.V1Controller#getLessonExercises(String)
2026-09-02T15:33:48.832+05:00 DEBUG 1848 --- [http-nio-8089-exec-3] o.s.security.web.FilterChainProxy        : Secured GET /v1/lessons/adb2ad19-d7d0-4316-b5e9-91cb48629bc9/exercises
2026-09-02T15:33:48.832+05:00 DEBUG 1848 --- [http-nio-8089-exec-3] o.s.web.servlet.DispatcherServlet        : GET "/api/v1/lessons/adb2ad19-d7d0-4316-b5e9-91cb48629bc9/exercises", parameters={}
2026-09-02T15:33:48.832+05:00 DEBUG 1848 --- [http-nio-8089-exec-3] s.w.s.m.m.a.RequestMappingHandlerMapping : Mapped to com.codeneticx.nihaobackend.controller.V1Controller#getLessonExercises(String)
2026-09-02T15:33:48.838+05:00 DEBUG 1848 --- [http-nio-8089-exec-3] m.m.a.RequestResponseBodyMethodProcessor : Using 'application/json', given [application/json] and supported [application/json, application/*+json]
2026-09-02T15:33:48.840+05:00 DEBUG 1848 --- [http-nio-8089-exec-3] m.m.a.RequestResponseBodyMethodProcessor : Writing [ApiResponse(success=true, message=Exercises fetched successfully, data=[ExerciseNodeDto(id=6156787a- (truncated)...]
2026-09-02T15:33:48.840+05:00 DEBUG 1848 --- [http-nio-8089-exec-3] o.s.web.servlet.DispatcherServlet        : Completed 200 OK
2026-09-02T15:34:10.168+05:00 DEBUG 1848 --- [http-nio-8089-exec-4] o.s.security.web.FilterChainProxy        : Securing GET /v1/courses
2026-09-02T15:34:10.174+05:00 DEBUG 1848 --- [http-nio-8089-exec-4] s.w.s.m.m.a.RequestMappingHandlerMapping : Mapped to com.codeneticx.nihaobackend.controller.V1Controller#getCourses()
2026-09-02T15:34:10.174+05:00 DEBUG 1848 --- [http-nio-8089-exec-4] s.w.s.m.m.a.RequestMappingHandlerMapping : Mapped to com.codeneticx.nihaobackend.controller.V1Controller#getCourses()
2026-09-02T15:34:10.174+05:00 DEBUG 1848 --- [http-nio-8089-exec-4] s.w.s.m.m.a.RequestMappingHandlerMapping : Mapped to com.codeneticx.nihaobackend.controller.V1Controller#getCourses()
2026-09-02T15:34:10.174+05:00 DEBUG 1848 --- [http-nio-8089-exec-4] s.w.s.m.m.a.RequestMappingHandlerMapping : Mapped to com.codeneticx.nihaobackend.controller.V1Controller#getCourses()
2026-09-02T15:34:10.175+05:00 DEBUG 1848 --- [http-nio-8089-exec-4] s.w.s.m.m.a.RequestMappingHandlerMapping : Mapped to com.codeneticx.nihaobackend.controller.V1Controller#getCourses()
2026-09-02T15:34:10.175+05:00 DEBUG 1848 --- [http-nio-8089-exec-4] s.w.s.m.m.a.RequestMappingHandlerMapping : Mapped to com.codeneticx.nihaobackend.controller.V1Controller#getCourses()
2026-09-02T15:34:10.175+05:00 DEBUG 1848 --- [http-nio-8089-exec-4] s.w.s.m.m.a.RequestMappingHandlerMapping : Mapped to com.codeneticx.nihaobackend.controller.V1Controller#getCourses()
2026-09-02T15:34:10.175+05:00 DEBUG 1848 --- [http-nio-8089-exec-4] s.w.s.m.m.a.RequestMappingHandlerMapping : Mapped to com.codeneticx.nihaobackend.controller.V1Controller#getCourses()
2026-09-02T15:34:10.175+05:00 DEBUG 1848 --- [http-nio-8089-exec-4] s.w.s.m.m.a.RequestMappingHandlerMapping : Mapped to com.codeneticx.nihaobackend.controller.V1Controller#getCourses()
2026-09-02T15:34:10.175+05:00 DEBUG 1848 --- [http-nio-8089-exec-4] s.w.s.m.m.a.RequestMappingHandlerMapping : Mapped to com.codeneticx.nihaobackend.controller.V1Controller#getCourses()
2026-09-02T15:34:10.175+05:00 DEBUG 1848 --- [http-nio-8089-exec-4] s.w.s.m.m.a.RequestMappingHandlerMapping : Mapped to com.codeneticx.nihaobackend.controller.V1Controller#getCourses()
2026-09-02T15:34:10.175+05:00 DEBUG 1848 --- [http-nio-8089-exec-4] o.s.security.web.FilterChainProxy        : Secured GET /v1/courses
2026-09-02T15:34:10.176+05:00 DEBUG 1848 --- [http-nio-8089-exec-4] o.s.web.servlet.DispatcherServlet        : GET "/api/v1/courses", parameters={}
2026-09-02T15:34:10.176+05:00 DEBUG 1848 --- [http-nio-8089-exec-4] s.w.s.m.m.a.RequestMappingHandlerMapping : Mapped to com.codeneticx.nihaobackend.controller.V1Controller#getCourses()
2026-09-02T15:34:10.228+05:00 DEBUG 1848 --- [http-nio-8089-exec-4] m.m.a.RequestResponseBodyMethodProcessor : Using 'application/json', given [application/json] and supported [application/json, application/*+json]
2026-09-02T15:34:10.228+05:00 DEBUG 1848 --- [http-nio-8089-exec-4] m.m.a.RequestResponseBodyMethodProcessor : Writing [ApiResponse(success=true, message=Courses fetched successfully, data=[CourseListItemDto(id=0a2552cb- (truncated)...]
2026-09-02T15:34:10.229+05:00 DEBUG 1848 --- [http-nio-8089-exec-4] o.s.web.servlet.DispatcherServlet        : Completed 200 OK
2026-09-02T15:34:10.243+05:00 DEBUG 1848 --- [http-nio-8089-exec-5] o.s.security.web.FilterChainProxy        : Securing GET /v1/courses/0a2552cb-962e-40ef-9cfe-85a6e5830387/units?limit=20&offset=0
2026-09-02T15:34:10.247+05:00 DEBUG 1848 --- [http-nio-8089-exec-5] s.w.s.m.m.a.RequestMappingHandlerMapping : Mapped to com.codeneticx.nihaobackend.controller.V1Controller#getCourseUnits(String, int, int)
2026-09-02T15:34:10.247+05:00 DEBUG 1848 --- [http-nio-8089-exec-5] s.w.s.m.m.a.RequestMappingHandlerMapping : Mapped to com.codeneticx.nihaobackend.controller.V1Controller#getCourseUnits(String, int, int)
2026-09-02T15:34:10.247+05:00 DEBUG 1848 --- [http-nio-8089-exec-5] s.w.s.m.m.a.RequestMappingHandlerMapping : Mapped to com.codeneticx.nihaobackend.controller.V1Controller#getCourseUnits(String, int, int)
2026-09-02T15:34:10.248+05:00 DEBUG 1848 --- [http-nio-8089-exec-5] s.w.s.m.m.a.RequestMappingHandlerMapping : Mapped to com.codeneticx.nihaobackend.controller.V1Controller#getCourseUnits(String, int, int)
2026-09-02T15:34:10.248+05:00 DEBUG 1848 --- [http-nio-8089-exec-5] s.w.s.m.m.a.RequestMappingHandlerMapping : Mapped to com.codeneticx.nihaobackend.controller.V1Controller#getCourseUnits(String, int, int)
2026-09-02T15:34:10.248+05:00 DEBUG 1848 --- [http-nio-8089-exec-5] s.w.s.m.m.a.RequestMappingHandlerMapping : Mapped to com.codeneticx.nihaobackend.controller.V1Controller#getCourseUnits(String, int, int)
2026-09-02T15:34:10.248+05:00 DEBUG 1848 --- [http-nio-8089-exec-5] s.w.s.m.m.a.RequestMappingHandlerMapping : Mapped to com.codeneticx.nihaobackend.controller.V1Controller#getCourseUnits(String, int, int)
2026-09-02T15:34:10.248+05:00 DEBUG 1848 --- [http-nio-8089-exec-5] s.w.s.m.m.a.RequestMappingHandlerMapping : Mapped to com.codeneticx.nihaobackend.controller.V1Controller#getCourseUnits(String, int, int)
2026-09-02T15:34:10.248+05:00 DEBUG 1848 --- [http-nio-8089-exec-5] s.w.s.m.m.a.RequestMappingHandlerMapping : Mapped to com.codeneticx.nihaobackend.controller.V1Controller#getCourseUnits(String, int, int)
2026-09-02T15:34:10.250+05:00 DEBUG 1848 --- [http-nio-8089-exec-5] s.w.s.m.m.a.RequestMappingHandlerMapping : Mapped to com.codeneticx.nihaobackend.controller.V1Controller#getCourseUnits(String, int, int)
2026-09-02T15:34:10.250+05:00 DEBUG 1848 --- [http-nio-8089-exec-5] s.w.s.m.m.a.RequestMappingHandlerMapping : Mapped to com.codeneticx.nihaobackend.controller.V1Controller#getCourseUnits(String, int, int)
2026-09-02T15:34:10.250+05:00 DEBUG 1848 --- [http-nio-8089-exec-5] o.s.security.web.FilterChainProxy        : Secured GET /v1/courses/0a2552cb-962e-40ef-9cfe-85a6e5830387/units?limit=20&offset=0
2026-09-02T15:34:10.250+05:00 DEBUG 1848 --- [http-nio-8089-exec-5] o.s.web.servlet.DispatcherServlet        : GET "/api/v1/courses/0a2552cb-962e-40ef-9cfe-85a6e5830387/units?limit=20&offset=0", parameters={masked}
2026-09-02T15:34:10.251+05:00 DEBUG 1848 --- [http-nio-8089-exec-5] s.w.s.m.m.a.RequestMappingHandlerMapping : Mapped to com.codeneticx.nihaobackend.controller.V1Controller#getCourseUnits(String, int, int)
2026-09-02T15:34:10.261+05:00 DEBUG 1848 --- [http-nio-8089-exec-5] m.m.a.RequestResponseBodyMethodProcessor : Using 'application/json', given [application/json] and supported [application/json, application/*+json]
2026-09-02T15:34:10.261+05:00 DEBUG 1848 --- [http-nio-8089-exec-5] m.m.a.RequestResponseBodyMethodProcessor : Writing [ApiResponse(success=true, message=Units fetched successfully, data=[UnitJourneyNodeDto(id=f32cee8d-2 (truncated)...]
2026-09-02T15:34:10.262+05:00 DEBUG 1848 --- [http-nio-8089-exec-5] o.s.web.servlet.DispatcherServlet        : Completed 200 OK
2026-09-02T15:34:10.274+05:00 DEBUG 1848 --- [http-nio-8089-exec-6] o.s.security.web.FilterChainProxy        : Securing GET /v1/units/f32cee8d-264d-47e2-a3e0-6c4ede6e0e09/lessons
2026-09-02T15:34:10.279+05:00 DEBUG 1848 --- [http-nio-8089-exec-6] s.w.s.m.m.a.RequestMappingHandlerMapping : Mapped to com.codeneticx.nihaobackend.controller.V1Controller#getUnitLessons(String)
2026-09-02T15:34:10.279+05:00 DEBUG 1848 --- [http-nio-8089-exec-6] s.w.s.m.m.a.RequestMappingHandlerMapping : Mapped to com.codeneticx.nihaobackend.controller.V1Controller#getUnitLessons(String)
2026-09-02T15:34:10.279+05:00 DEBUG 1848 --- [http-nio-8089-exec-6] s.w.s.m.m.a.RequestMappingHandlerMapping : Mapped to com.codeneticx.nihaobackend.controller.V1Controller#getUnitLessons(String)
2026-09-02T15:34:10.279+05:00 DEBUG 1848 --- [http-nio-8089-exec-6] s.w.s.m.m.a.RequestMappingHandlerMapping : Mapped to com.codeneticx.nihaobackend.controller.V1Controller#getUnitLessons(String)
2026-09-02T15:34:10.279+05:00 DEBUG 1848 --- [http-nio-8089-exec-6] s.w.s.m.m.a.RequestMappingHandlerMapping : Mapped to com.codeneticx.nihaobackend.controller.V1Controller#getUnitLessons(String)
2026-09-02T15:34:10.279+05:00 DEBUG 1848 --- [http-nio-8089-exec-6] s.w.s.m.m.a.RequestMappingHandlerMapping : Mapped to com.codeneticx.nihaobackend.controller.V1Controller#getUnitLessons(String)
2026-09-02T15:34:10.280+05:00 DEBUG 1848 --- [http-nio-8089-exec-6] s.w.s.m.m.a.RequestMappingHandlerMapping : Mapped to com.codeneticx.nihaobackend.controller.V1Controller#getUnitLessons(String)
2026-09-02T15:34:10.281+05:00 DEBUG 1848 --- [http-nio-8089-exec-6] s.w.s.m.m.a.RequestMappingHandlerMapping : Mapped to com.codeneticx.nihaobackend.controller.V1Controller#getUnitLessons(String)
2026-09-02T15:34:10.281+05:00 DEBUG 1848 --- [http-nio-8089-exec-6] s.w.s.m.m.a.RequestMappingHandlerMapping : Mapped to com.codeneticx.nihaobackend.controller.V1Controller#getUnitLessons(String)
2026-09-02T15:34:10.281+05:00 DEBUG 1848 --- [http-nio-8089-exec-6] s.w.s.m.m.a.RequestMappingHandlerMapping : Mapped to com.codeneticx.nihaobackend.controller.V1Controller#getUnitLessons(String)
2026-09-02T15:34:10.282+05:00 DEBUG 1848 --- [http-nio-8089-exec-6] s.w.s.m.m.a.RequestMappingHandlerMapping : Mapped to com.codeneticx.nihaobackend.controller.V1Controller#getUnitLessons(String)
2026-09-02T15:34:10.282+05:00 DEBUG 1848 --- [http-nio-8089-exec-6] o.s.security.web.FilterChainProxy        : Secured GET /v1/units/f32cee8d-264d-47e2-a3e0-6c4ede6e0e09/lessons
2026-09-02T15:34:10.282+05:00 DEBUG 1848 --- [http-nio-8089-exec-6] o.s.web.servlet.DispatcherServlet        : GET "/api/v1/units/f32cee8d-264d-47e2-a3e0-6c4ede6e0e09/lessons", parameters={}
2026-09-02T15:34:10.282+05:00 DEBUG 1848 --- [http-nio-8089-exec-6] s.w.s.m.m.a.RequestMappingHandlerMapping : Mapped to com.codeneticx.nihaobackend.controller.V1Controller#getUnitLessons(String)
2026-09-02T15:34:10.291+05:00 DEBUG 1848 --- [http-nio-8089-exec-6] m.m.a.RequestResponseBodyMethodProcessor : Using 'application/json', given [application/json] and supported [application/json, application/*+json]
2026-09-02T15:34:10.291+05:00 DEBUG 1848 --- [http-nio-8089-exec-6] m.m.a.RequestResponseBodyMethodProcessor : Writing [ApiResponse(success=true, message=Lessons fetched successfully, data=[LessonJourneyNodeDto(id=780b13 (truncated)...]
2026-09-02T15:34:10.292+05:00 DEBUG 1848 --- [http-nio-8089-exec-6] o.s.web.servlet.DispatcherServlet        : Completed 200 OK
2026-09-02T15:34:10.304+05:00 DEBUG 1848 --- [http-nio-8089-exec-7] o.s.security.web.FilterChainProxy        : Securing GET /v1/courses/0a2552cb-962e-40ef-9cfe-85a6e5830387/progress
2026-09-02T15:34:10.310+05:00 DEBUG 1848 --- [http-nio-8089-exec-7] s.w.s.m.m.a.RequestMappingHandlerMapping : Mapped to com.codeneticx.nihaobackend.controller.V1Controller#getCourseProgress(String)
2026-09-02T15:34:10.311+05:00 DEBUG 1848 --- [http-nio-8089-exec-7] s.w.s.m.m.a.RequestMappingHandlerMapping : Mapped to com.codeneticx.nihaobackend.controller.V1Controller#getCourseProgress(String)
2026-09-02T15:34:10.311+05:00 DEBUG 1848 --- [http-nio-8089-exec-7] s.w.s.m.m.a.RequestMappingHandlerMapping : Mapped to com.codeneticx.nihaobackend.controller.V1Controller#getCourseProgress(String)
2026-09-02T15:34:10.312+05:00 DEBUG 1848 --- [http-nio-8089-exec-7] s.w.s.m.m.a.RequestMappingHandlerMapping : Mapped to com.codeneticx.nihaobackend.controller.V1Controller#getCourseProgress(String)
2026-09-02T15:34:10.312+05:00 DEBUG 1848 --- [http-nio-8089-exec-7] s.w.s.m.m.a.RequestMappingHandlerMapping : Mapped to com.codeneticx.nihaobackend.controller.V1Controller#getCourseProgress(String)
2026-09-02T15:34:10.312+05:00 DEBUG 1848 --- [http-nio-8089-exec-7] s.w.s.m.m.a.RequestMappingHandlerMapping : Mapped to com.codeneticx.nihaobackend.controller.V1Controller#getCourseProgress(String)
2026-09-02T15:34:10.312+05:00 DEBUG 1848 --- [http-nio-8089-exec-7] s.w.s.m.m.a.RequestMappingHandlerMapping : Mapped to com.codeneticx.nihaobackend.controller.V1Controller#getCourseProgress(String)
2026-09-02T15:34:10.313+05:00 DEBUG 1848 --- [http-nio-8089-exec-7] s.w.s.m.m.a.RequestMappingHandlerMapping : Mapped to com.codeneticx.nihaobackend.controller.V1Controller#getCourseProgress(String)
2026-09-02T15:34:10.313+05:00 DEBUG 1848 --- [http-nio-8089-exec-7] s.w.s.m.m.a.RequestMappingHandlerMapping : Mapped to com.codeneticx.nihaobackend.controller.V1Controller#getCourseProgress(String)
2026-09-02T15:34:10.313+05:00 DEBUG 1848 --- [http-nio-8089-exec-7] s.w.s.m.m.a.RequestMappingHandlerMapping : Mapped to com.codeneticx.nihaobackend.controller.V1Controller#getCourseProgress(String)
2026-09-02T15:34:10.313+05:00 DEBUG 1848 --- [http-nio-8089-exec-7] s.w.s.m.m.a.RequestMappingHandlerMapping : Mapped to com.codeneticx.nihaobackend.controller.V1Controller#getCourseProgress(String)
2026-09-02T15:34:10.313+05:00 DEBUG 1848 --- [http-nio-8089-exec-7] o.s.security.web.FilterChainProxy        : Secured GET /v1/courses/0a2552cb-962e-40ef-9cfe-85a6e5830387/progress
2026-09-02T15:34:10.314+05:00 DEBUG 1848 --- [http-nio-8089-exec-7] o.s.web.servlet.DispatcherServlet        : GET "/api/v1/courses/0a2552cb-962e-40ef-9cfe-85a6e5830387/progress", parameters={}
2026-09-02T15:34:10.314+05:00 DEBUG 1848 --- [http-nio-8089-exec-7] s.w.s.m.m.a.RequestMappingHandlerMapping : Mapped to com.codeneticx.nihaobackend.controller.V1Controller#getCourseProgress(String)
2026-09-02T15:34:10.324+05:00 DEBUG 1848 --- [http-nio-8089-exec-7] m.m.a.RequestResponseBodyMethodProcessor : Using 'application/json', given [application/json] and supported [application/json, application/*+json]
2026-09-02T15:34:10.324+05:00 DEBUG 1848 --- [http-nio-8089-exec-7] m.m.a.RequestResponseBodyMethodProcessor : Writing [ApiResponse(success=true, message=Course progress fetched successfully, data=CourseProgressDto(xp=40 (truncated)...]
2026-09-02T15:34:10.325+05:00 DEBUG 1848 --- [http-nio-8089-exec-7] o.s.web.servlet.DispatcherServlet        : Completed 200 OK
2026-09-02T15:34:10.336+05:00 DEBUG 1848 --- [http-nio-8089-exec-8] o.s.security.web.FilterChainProxy        : Securing GET /v1/api/vocabulary
2026-09-02T15:34:10.340+05:00 DEBUG 1848 --- [http-nio-8089-exec-8] s.w.s.m.m.a.RequestMappingHandlerMapping : Mapped to com.codeneticx.nihaobackend.controller.V1ApiController#getVocabulary(Integer, String)
2026-09-02T15:34:10.340+05:00 DEBUG 1848 --- [http-nio-8089-exec-8] s.w.s.m.m.a.RequestMappingHandlerMapping : Mapped to com.codeneticx.nihaobackend.controller.V1ApiController#getVocabulary(Integer, String)
2026-09-02T15:34:10.340+05:00 DEBUG 1848 --- [http-nio-8089-exec-8] s.w.s.m.m.a.RequestMappingHandlerMapping : Mapped to com.codeneticx.nihaobackend.controller.V1ApiController#getVocabulary(Integer, String)
2026-09-02T15:34:10.340+05:00 DEBUG 1848 --- [http-nio-8089-exec-8] s.w.s.m.m.a.RequestMappingHandlerMapping : Mapped to com.codeneticx.nihaobackend.controller.V1ApiController#getVocabulary(Integer, String)
2026-09-02T15:34:10.340+05:00 DEBUG 1848 --- [http-nio-8089-exec-8] s.w.s.m.m.a.RequestMappingHandlerMapping : Mapped to com.codeneticx.nihaobackend.controller.V1ApiController#getVocabulary(Integer, String)
2026-09-02T15:34:10.340+05:00 DEBUG 1848 --- [http-nio-8089-exec-8] s.w.s.m.m.a.RequestMappingHandlerMapping : Mapped to com.codeneticx.nihaobackend.controller.V1ApiController#getVocabulary(Integer, String)
2026-09-02T15:34:10.340+05:00 DEBUG 1848 --- [http-nio-8089-exec-8] s.w.s.m.m.a.RequestMappingHandlerMapping : Mapped to com.codeneticx.nihaobackend.controller.V1ApiController#getVocabulary(Integer, String)
2026-09-02T15:34:10.340+05:00 DEBUG 1848 --- [http-nio-8089-exec-8] s.w.s.m.m.a.RequestMappingHandlerMapping : Mapped to com.codeneticx.nihaobackend.controller.V1ApiController#getVocabulary(Integer, String)
2026-09-02T15:34:10.340+05:00 DEBUG 1848 --- [http-nio-8089-exec-8] s.w.s.m.m.a.RequestMappingHandlerMapping : Mapped to com.codeneticx.nihaobackend.controller.V1ApiController#getVocabulary(Integer, String)
2026-09-02T15:34:10.340+05:00 DEBUG 1848 --- [http-nio-8089-exec-8] s.w.s.m.m.a.RequestMappingHandlerMapping : Mapped to com.codeneticx.nihaobackend.controller.V1ApiController#getVocabulary(Integer, String)
2026-09-02T15:34:10.340+05:00 DEBUG 1848 --- [http-nio-8089-exec-8] s.w.s.m.m.a.RequestMappingHandlerMapping : Mapped to com.codeneticx.nihaobackend.controller.V1ApiController#getVocabulary(Integer, String)
2026-09-02T15:34:10.340+05:00 DEBUG 1848 --- [http-nio-8089-exec-8] o.s.security.web.FilterChainProxy        : Secured GET /v1/api/vocabulary
2026-09-02T15:34:10.340+05:00 DEBUG 1848 --- [http-nio-8089-exec-8] o.s.web.servlet.DispatcherServlet        : GET "/api/v1/api/vocabulary", parameters={}
2026-09-02T15:34:10.340+05:00 DEBUG 1848 --- [http-nio-8089-exec-8] s.w.s.m.m.a.RequestMappingHandlerMapping : Mapped to com.codeneticx.nihaobackend.controller.V1ApiController#getVocabulary(Integer, String)
2026-09-02T15:34:10.349+05:00 DEBUG 1848 --- [http-nio-8089-exec-8] m.m.a.RequestResponseBodyMethodProcessor : Using 'application/json', given [application/json] and supported [application/json, application/*+json]
2026-09-02T15:34:10.349+05:00 DEBUG 1848 --- [http-nio-8089-exec-8] m.m.a.RequestResponseBodyMethodProcessor : Writing [org.hibernate.LazyInitializationException: failed to lazily initialize a collection of role: com.cod (truncated)...]
2026-09-02T15:34:10.349+05:00 DEBUG 1848 --- [http-nio-8089-exec-8] .m.m.a.ExceptionHandlerExceptionResolver : Using @ExceptionHandler com.codeneticx.nihaobackend.exception.GlobalExceptionHandler#handleGeneric(Exception)
2026-09-02T15:34:10.349+05:00 DEBUG 1848 --- [http-nio-8089-exec-8] o.s.w.s.m.m.a.HttpEntityMethodProcessor  : Using 'application/json', given [application/json] and supported [application/json, application/*+json]
2026-09-02T15:34:10.349+05:00 DEBUG 1848 --- [http-nio-8089-exec-8] o.s.w.s.m.m.a.HttpEntityMethodProcessor  : Writing [ApiResponse(success=false, message=An unexpected error occurred: Could not write JSON: failed to laz (truncated)...]
2026-09-02T15:34:10.349+05:00  WARN 1848 --- [http-nio-8089-exec-8] .m.m.a.ExceptionHandlerExceptionResolver : Resolved [org.springframework.http.converter.HttpMessageNotWritableException: Could not write JSON: failed to lazily initialize a collection of role: com.codeneticx.nihaobackend.model.Vocabulary.topics: could not initialize proxy - no Session]
2026-09-02T15:34:10.349+05:00 DEBUG 1848 --- [http-nio-8089-exec-8] o.s.web.servlet.DispatcherServlet        : Completed 500 INTERNAL_SERVER_ERROR
2026-09-02T15:34:10.369+05:00 DEBUG 1848 --- [http-nio-8089-exec-9] o.s.security.web.FilterChainProxy        : Securing GET /v1/lessons/780b13bd-a283-467c-ac81-0e9b1a7c9bbd/exercises
2026-09-02T15:34:10.374+05:00 DEBUG 1848 --- [http-nio-8089-exec-9] s.w.s.m.m.a.RequestMappingHandlerMapping : Mapped to com.codeneticx.nihaobackend.controller.V1Controller#getLessonExercises(String)
2026-09-02T15:34:10.374+05:00 DEBUG 1848 --- [http-nio-8089-exec-9] s.w.s.m.m.a.RequestMappingHandlerMapping : Mapped to com.codeneticx.nihaobackend.controller.V1Controller#getLessonExercises(String)
2026-09-02T15:34:10.374+05:00 DEBUG 1848 --- [http-nio-8089-exec-9] s.w.s.m.m.a.RequestMappingHandlerMapping : Mapped to com.codeneticx.nihaobackend.controller.V1Controller#getLessonExercises(String)
2026-09-02T15:34:10.374+05:00 DEBUG 1848 --- [http-nio-8089-exec-9] s.w.s.m.m.a.RequestMappingHandlerMapping : Mapped to com.codeneticx.nihaobackend.controller.V1Controller#getLessonExercises(String)
2026-09-02T15:34:10.375+05:00 DEBUG 1848 --- [http-nio-8089-exec-9] s.w.s.m.m.a.RequestMappingHandlerMapping : Mapped to com.codeneticx.nihaobackend.controller.V1Controller#getLessonExercises(String)
2026-09-02T15:34:10.375+05:00 DEBUG 1848 --- [http-nio-8089-exec-9] s.w.s.m.m.a.RequestMappingHandlerMapping : Mapped to com.codeneticx.nihaobackend.controller.V1Controller#getLessonExercises(String)
2026-09-02T15:34:10.375+05:00 DEBUG 1848 --- [http-nio-8089-exec-9] s.w.s.m.m.a.RequestMappingHandlerMapping : Mapped to com.codeneticx.nihaobackend.controller.V1Controller#getLessonExercises(String)
2026-09-02T15:34:10.375+05:00 DEBUG 1848 --- [http-nio-8089-exec-9] s.w.s.m.m.a.RequestMappingHandlerMapping : Mapped to com.codeneticx.nihaobackend.controller.V1Controller#getLessonExercises(String)
2026-09-02T15:34:10.375+05:00 DEBUG 1848 --- [http-nio-8089-exec-9] s.w.s.m.m.a.RequestMappingHandlerMapping : Mapped to com.codeneticx.nihaobackend.controller.V1Controller#getLessonExercises(String)
2026-09-02T15:34:10.375+05:00 DEBUG 1848 --- [http-nio-8089-exec-9] s.w.s.m.m.a.RequestMappingHandlerMapping : Mapped to com.codeneticx.nihaobackend.controller.V1Controller#getLessonExercises(String)
2026-09-02T15:34:10.375+05:00 DEBUG 1848 --- [http-nio-8089-exec-9] s.w.s.m.m.a.RequestMappingHandlerMapping : Mapped to com.codeneticx.nihaobackend.controller.V1Controller#getLessonExercises(String)
2026-09-02T15:34:10.375+05:00 DEBUG 1848 --- [http-nio-8089-exec-9] o.s.security.web.FilterChainProxy        : Secured GET /v1/lessons/780b13bd-a283-467c-ac81-0e9b1a7c9bbd/exercises
2026-09-02T15:34:10.376+05:00 DEBUG 1848 --- [http-nio-8089-exec-9] o.s.web.servlet.DispatcherServlet        : GET "/api/v1/lessons/780b13bd-a283-467c-ac81-0e9b1a7c9bbd/exercises", parameters={}
2026-09-02T15:34:10.376+05:00 DEBUG 1848 --- [http-nio-8089-exec-9] s.w.s.m.m.a.RequestMappingHandlerMapping : Mapped to com.codeneticx.nihaobackend.controller.V1Controller#getLessonExercises(String)
2026-09-02T15:34:10.379+05:00 DEBUG 1848 --- [http-nio-8089-exec-9] m.m.a.RequestResponseBodyMethodProcessor : Using 'application/json', given [application/json] and supported [application/json, application/*+json]
2026-09-02T15:34:10.380+05:00 DEBUG 1848 --- [http-nio-8089-exec-9] m.m.a.RequestResponseBodyMethodProcessor : Writing [ApiResponse(success=true, message=Exercises fetched successfully, data=[ExerciseNodeDto(id=78834536- (truncated)...]
2026-09-02T15:34:10.381+05:00 DEBUG 1848 --- [http-nio-8089-exec-9] o.s.web.servlet.DispatcherServlet        : Completed 200 OK
2026-09-02T15:34:10.399+05:00 DEBUG 1848 --- [http-nio-8089-exec-10] o.s.security.web.FilterChainProxy        : Securing GET /v1/lessons/ba3f33d6-3ad2-44fe-9e22-1c9e8d78a09a/exercises
2026-09-02T15:34:10.403+05:00 DEBUG 1848 --- [http-nio-8089-exec-10] s.w.s.m.m.a.RequestMappingHandlerMapping : Mapped to com.codeneticx.nihaobackend.controller.V1Controller#getLessonExercises(String)
2026-09-02T15:34:10.403+05:00 DEBUG 1848 --- [http-nio-8089-exec-10] s.w.s.m.m.a.RequestMappingHandlerMapping : Mapped to com.codeneticx.nihaobackend.controller.V1Controller#getLessonExercises(String)
2026-09-02T15:34:10.404+05:00 DEBUG 1848 --- [http-nio-8089-exec-10] s.w.s.m.m.a.RequestMappingHandlerMapping : Mapped to com.codeneticx.nihaobackend.controller.V1Controller#getLessonExercises(String)
2026-09-02T15:34:10.404+05:00 DEBUG 1848 --- [http-nio-8089-exec-10] s.w.s.m.m.a.RequestMappingHandlerMapping : Mapped to com.codeneticx.nihaobackend.controller.V1Controller#getLessonExercises(String)
2026-09-02T15:34:10.404+05:00 DEBUG 1848 --- [http-nio-8089-exec-10] s.w.s.m.m.a.RequestMappingHandlerMapping : Mapped to com.codeneticx.nihaobackend.controller.V1Controller#getLessonExercises(String)
2026-09-02T15:34:10.404+05:00 DEBUG 1848 --- [http-nio-8089-exec-10] s.w.s.m.m.a.RequestMappingHandlerMapping : Mapped to com.codeneticx.nihaobackend.controller.V1Controller#getLessonExercises(String)
2026-09-02T15:34:10.404+05:00 DEBUG 1848 --- [http-nio-8089-exec-10] s.w.s.m.m.a.RequestMappingHandlerMapping : Mapped to com.codeneticx.nihaobackend.controller.V1Controller#getLessonExercises(String)
2026-09-02T15:34:10.404+05:00 DEBUG 1848 --- [http-nio-8089-exec-10] s.w.s.m.m.a.RequestMappingHandlerMapping : Mapped to com.codeneticx.nihaobackend.controller.V1Controller#getLessonExercises(String)
2026-09-02T15:34:10.405+05:00 DEBUG 1848 --- [http-nio-8089-exec-10] s.w.s.m.m.a.RequestMappingHandlerMapping : Mapped to com.codeneticx.nihaobackend.controller.V1Controller#getLessonExercises(String)
2026-09-02T15:34:10.405+05:00 DEBUG 1848 --- [http-nio-8089-exec-10] s.w.s.m.m.a.RequestMappingHandlerMapping : Mapped to com.codeneticx.nihaobackend.controller.V1Controller#getLessonExercises(String)
2026-09-02T15:34:10.405+05:00 DEBUG 1848 --- [http-nio-8089-exec-10] s.w.s.m.m.a.RequestMappingHandlerMapping : Mapped to com.codeneticx.nihaobackend.controller.V1Controller#getLessonExercises(String)
2026-09-02T15:34:10.405+05:00 DEBUG 1848 --- [http-nio-8089-exec-10] o.s.security.web.FilterChainProxy        : Secured GET /v1/lessons/ba3f33d6-3ad2-44fe-9e22-1c9e8d78a09a/exercises
2026-09-02T15:34:10.405+05:00 DEBUG 1848 --- [http-nio-8089-exec-10] o.s.web.servlet.DispatcherServlet        : GET "/api/v1/lessons/ba3f33d6-3ad2-44fe-9e22-1c9e8d78a09a/exercises", parameters={}
2026-09-02T15:34:10.406+05:00 DEBUG 1848 --- [http-nio-8089-exec-10] s.w.s.m.m.a.RequestMappingHandlerMapping : Mapped to com.codeneticx.nihaobackend.controller.V1Controller#getLessonExercises(String)
2026-09-02T15:34:10.411+05:00 DEBUG 1848 --- [http-nio-8089-exec-10] m.m.a.RequestResponseBodyMethodProcessor : Using 'application/json', given [application/json] and supported [application/json, application/*+json]
2026-09-02T15:34:10.412+05:00 DEBUG 1848 --- [http-nio-8089-exec-10] m.m.a.RequestResponseBodyMethodProcessor : Writing [ApiResponse(success=true, message=Exercises fetched successfully, data=[ExerciseNodeDto(id=3ff4944b- (truncated)...]
2026-09-02T15:34:10.412+05:00 DEBUG 1848 --- [http-nio-8089-exec-10] o.s.web.servlet.DispatcherServlet        : Completed 200 OK
2026-09-02T15:34:10.430+05:00 DEBUG 1848 --- [http-nio-8089-exec-1] o.s.security.web.FilterChainProxy        : Securing GET /v1/lessons/adb2ad19-d7d0-4316-b5e9-91cb48629bc9/exercises
2026-09-02T15:34:10.436+05:00 DEBUG 1848 --- [http-nio-8089-exec-1] s.w.s.m.m.a.RequestMappingHandlerMapping : Mapped to com.codeneticx.nihaobackend.controller.V1Controller#getLessonExercises(String)
2026-09-02T15:34:10.436+05:00 DEBUG 1848 --- [http-nio-8089-exec-1] s.w.s.m.m.a.RequestMappingHandlerMapping : Mapped to com.codeneticx.nihaobackend.controller.V1Controller#getLessonExercises(String)
2026-09-02T15:34:10.436+05:00 DEBUG 1848 --- [http-nio-8089-exec-1] s.w.s.m.m.a.RequestMappingHandlerMapping : Mapped to com.codeneticx.nihaobackend.controller.V1Controller#getLessonExercises(String)
2026-09-02T15:34:10.437+05:00 DEBUG 1848 --- [http-nio-8089-exec-1] s.w.s.m.m.a.RequestMappingHandlerMapping : Mapped to com.codeneticx.nihaobackend.controller.V1Controller#getLessonExercises(String)
2026-09-02T15:34:10.437+05:00 DEBUG 1848 --- [http-nio-8089-exec-1] s.w.s.m.m.a.RequestMappingHandlerMapping : Mapped to com.codeneticx.nihaobackend.controller.V1Controller#getLessonExercises(String)
2026-09-02T15:34:10.437+05:00 DEBUG 1848 --- [http-nio-8089-exec-1] s.w.s.m.m.a.RequestMappingHandlerMapping : Mapped to com.codeneticx.nihaobackend.controller.V1Controller#getLessonExercises(String)
2026-09-02T15:34:10.437+05:00 DEBUG 1848 --- [http-nio-8089-exec-1] s.w.s.m.m.a.RequestMappingHandlerMapping : Mapped to com.codeneticx.nihaobackend.controller.V1Controller#getLessonExercises(String)
2026-09-02T15:34:10.437+05:00 DEBUG 1848 --- [http-nio-8089-exec-1] s.w.s.m.m.a.RequestMappingHandlerMapping : Mapped to com.codeneticx.nihaobackend.controller.V1Controller#getLessonExercises(String)
2026-09-02T15:34:10.437+05:00 DEBUG 1848 --- [http-nio-8089-exec-1] s.w.s.m.m.a.RequestMappingHandlerMapping : Mapped to com.codeneticx.nihaobackend.controller.V1Controller#getLessonExercises(String)
2026-09-02T15:34:10.438+05:00 DEBUG 1848 --- [http-nio-8089-exec-1] s.w.s.m.m.a.RequestMappingHandlerMapping : Mapped to com.codeneticx.nihaobackend.controller.V1Controller#getLessonExercises(String)
2026-09-02T15:34:10.438+05:00 DEBUG 1848 --- [http-nio-8089-exec-1] s.w.s.m.m.a.RequestMappingHandlerMapping : Mapped to com.codeneticx.nihaobackend.controller.V1Controller#getLessonExercises(String)
2026-09-02T15:34:10.438+05:00 DEBUG 1848 --- [http-nio-8089-exec-1] o.s.security.web.FilterChainProxy        : Secured GET /v1/lessons/adb2ad19-d7d0-4316-b5e9-91cb48629bc9/exercises
2026-09-02T15:34:10.438+05:00 DEBUG 1848 --- [http-nio-8089-exec-1] o.s.web.servlet.DispatcherServlet        : GET "/api/v1/lessons/adb2ad19-d7d0-4316-b5e9-91cb48629bc9/exercises", parameters={}
2026-09-02T15:34:10.438+05:00 DEBUG 1848 --- [http-nio-8089-exec-1] s.w.s.m.m.a.RequestMappingHandlerMapping : Mapped to com.codeneticx.nihaobackend.controller.V1Controller#getLessonExercises(String)
2026-09-02T15:34:10.443+05:00 DEBUG 1848 --- [http-nio-8089-exec-1] m.m.a.RequestResponseBodyMethodProcessor : Using 'application/json', given [application/json] and supported [application/json, application/*+json]
2026-09-02T15:34:10.443+05:00 DEBUG 1848 --- [http-nio-8089-exec-1] m.m.a.RequestResponseBodyMethodProcessor : Writing [ApiResponse(success=true, message=Exercises fetched successfully, data=[ExerciseNodeDto(id=6156787a- (truncated)...]
2026-09-02T15:34:10.444+05:00 DEBUG 1848 --- [http-nio-8089-exec-1] o.s.web.servlet.DispatcherServlet        : Completed 200 OK
2026-09-02T15:34:12.385+05:00 DEBUG 1848 --- [http-nio-8089-exec-2] o.s.security.web.FilterChainProxy        : Securing GET /v1/courses
2026-09-02T15:34:12.390+05:00 DEBUG 1848 --- [http-nio-8089-exec-2] s.w.s.m.m.a.RequestMappingHandlerMapping : Mapped to com.codeneticx.nihaobackend.controller.V1Controller#getCourses()
2026-09-02T15:34:12.390+05:00 DEBUG 1848 --- [http-nio-8089-exec-2] s.w.s.m.m.a.RequestMappingHandlerMapping : Mapped to com.codeneticx.nihaobackend.controller.V1Controller#getCourses()
2026-09-02T15:34:12.391+05:00 DEBUG 1848 --- [http-nio-8089-exec-2] s.w.s.m.m.a.RequestMappingHandlerMapping : Mapped to com.codeneticx.nihaobackend.controller.V1Controller#getCourses()
2026-09-02T15:34:12.391+05:00 DEBUG 1848 --- [http-nio-8089-exec-2] s.w.s.m.m.a.RequestMappingHandlerMapping : Mapped to com.codeneticx.nihaobackend.controller.V1Controller#getCourses()
2026-09-02T15:34:12.391+05:00 DEBUG 1848 --- [http-nio-8089-exec-2] s.w.s.m.m.a.RequestMappingHandlerMapping : Mapped to com.codeneticx.nihaobackend.controller.V1Controller#getCourses()
2026-09-02T15:34:12.391+05:00 DEBUG 1848 --- [http-nio-8089-exec-2] s.w.s.m.m.a.RequestMappingHandlerMapping : Mapped to com.codeneticx.nihaobackend.controller.V1Controller#getCourses()
2026-09-02T15:34:12.391+05:00 DEBUG 1848 --- [http-nio-8089-exec-2] s.w.s.m.m.a.RequestMappingHandlerMapping : Mapped to com.codeneticx.nihaobackend.controller.V1Controller#getCourses()
2026-09-02T15:34:12.391+05:00 DEBUG 1848 --- [http-nio-8089-exec-2] s.w.s.m.m.a.RequestMappingHandlerMapping : Mapped to com.codeneticx.nihaobackend.controller.V1Controller#getCourses()
2026-09-02T15:34:12.391+05:00 DEBUG 1848 --- [http-nio-8089-exec-2] s.w.s.m.m.a.RequestMappingHandlerMapping : Mapped to com.codeneticx.nihaobackend.controller.V1Controller#getCourses()
2026-09-02T15:34:12.391+05:00 DEBUG 1848 --- [http-nio-8089-exec-2] s.w.s.m.m.a.RequestMappingHandlerMapping : Mapped to com.codeneticx.nihaobackend.controller.V1Controller#getCourses()
2026-09-02T15:34:12.391+05:00 DEBUG 1848 --- [http-nio-8089-exec-2] s.w.s.m.m.a.RequestMappingHandlerMapping : Mapped to com.codeneticx.nihaobackend.controller.V1Controller#getCourses()
2026-09-02T15:34:12.391+05:00 DEBUG 1848 --- [http-nio-8089-exec-2] o.s.security.web.FilterChainProxy        : Secured GET /v1/courses
2026-09-02T15:34:12.391+05:00 DEBUG 1848 --- [http-nio-8089-exec-2] o.s.web.servlet.DispatcherServlet        : GET "/api/v1/courses", parameters={}
2026-09-02T15:34:12.391+05:00 DEBUG 1848 --- [http-nio-8089-exec-2] s.w.s.m.m.a.RequestMappingHandlerMapping : Mapped to com.codeneticx.nihaobackend.controller.V1Controller#getCourses()
2026-09-02T15:34:12.407+05:00 DEBUG 1848 --- [http-nio-8089-exec-2] m.m.a.RequestResponseBodyMethodProcessor : Using 'application/json', given [application/json] and supported [application/json, application/*+json]
2026-09-02T15:34:12.407+05:00 DEBUG 1848 --- [http-nio-8089-exec-2] m.m.a.RequestResponseBodyMethodProcessor : Writing [ApiResponse(success=true, message=Courses fetched successfully, data=[CourseListItemDto(id=0a2552cb- (truncated)...]
2026-09-02T15:34:12.408+05:00 DEBUG 1848 --- [http-nio-8089-exec-2] o.s.web.servlet.DispatcherServlet        : Completed 200 OK
2026-09-02T15:34:12.432+05:00 DEBUG 1848 --- [http-nio-8089-exec-3] o.s.security.web.FilterChainProxy        : Securing GET /v1/courses/0a2552cb-962e-40ef-9cfe-85a6e5830387/units?limit=20&offset=0
2026-09-02T15:34:12.438+05:00 DEBUG 1848 --- [http-nio-8089-exec-3] s.w.s.m.m.a.RequestMappingHandlerMapping : Mapped to com.codeneticx.nihaobackend.controller.V1Controller#getCourseUnits(String, int, int)
2026-09-02T15:34:12.438+05:00 DEBUG 1848 --- [http-nio-8089-exec-3] s.w.s.m.m.a.RequestMappingHandlerMapping : Mapped to com.codeneticx.nihaobackend.controller.V1Controller#getCourseUnits(String, int, int)
2026-09-02T15:34:12.438+05:00 DEBUG 1848 --- [http-nio-8089-exec-3] s.w.s.m.m.a.RequestMappingHandlerMapping : Mapped to com.codeneticx.nihaobackend.controller.V1Controller#getCourseUnits(String, int, int)
2026-09-02T15:34:12.438+05:00 DEBUG 1848 --- [http-nio-8089-exec-3] s.w.s.m.m.a.RequestMappingHandlerMapping : Mapped to com.codeneticx.nihaobackend.controller.V1Controller#getCourseUnits(String, int, int)
2026-09-02T15:34:12.438+05:00 DEBUG 1848 --- [http-nio-8089-exec-3] s.w.s.m.m.a.RequestMappingHandlerMapping : Mapped to com.codeneticx.nihaobackend.controller.V1Controller#getCourseUnits(String, int, int)
2026-09-02T15:34:12.438+05:00 DEBUG 1848 --- [http-nio-8089-exec-3] s.w.s.m.m.a.RequestMappingHandlerMapping : Mapped to com.codeneticx.nihaobackend.controller.V1Controller#getCourseUnits(String, int, int)
2026-09-02T15:34:12.438+05:00 DEBUG 1848 --- [http-nio-8089-exec-3] s.w.s.m.m.a.RequestMappingHandlerMapping : Mapped to com.codeneticx.nihaobackend.controller.V1Controller#getCourseUnits(String, int, int)
2026-09-02T15:34:12.440+05:00 DEBUG 1848 --- [http-nio-8089-exec-3] s.w.s.m.m.a.RequestMappingHandlerMapping : Mapped to com.codeneticx.nihaobackend.controller.V1Controller#getCourseUnits(String, int, int)
2026-09-02T15:34:12.440+05:00 DEBUG 1848 --- [http-nio-8089-exec-3] s.w.s.m.m.a.RequestMappingHandlerMapping : Mapped to com.codeneticx.nihaobackend.controller.V1Controller#getCourseUnits(String, int, int)
2026-09-02T15:34:12.440+05:00 DEBUG 1848 --- [http-nio-8089-exec-3] s.w.s.m.m.a.RequestMappingHandlerMapping : Mapped to com.codeneticx.nihaobackend.controller.V1Controller#getCourseUnits(String, int, int)
2026-09-02T15:34:12.440+05:00 DEBUG 1848 --- [http-nio-8089-exec-3] s.w.s.m.m.a.RequestMappingHandlerMapping : Mapped to com.codeneticx.nihaobackend.controller.V1Controller#getCourseUnits(String, int, int)
2026-09-02T15:34:12.440+05:00 DEBUG 1848 --- [http-nio-8089-exec-3] o.s.security.web.FilterChainProxy        : Secured GET /v1/courses/0a2552cb-962e-40ef-9cfe-85a6e5830387/units?limit=20&offset=0
2026-09-02T15:34:12.440+05:00 DEBUG 1848 --- [http-nio-8089-exec-3] o.s.web.servlet.DispatcherServlet        : GET "/api/v1/courses/0a2552cb-962e-40ef-9cfe-85a6e5830387/units?limit=20&offset=0", parameters={masked}
2026-09-02T15:34:12.441+05:00 DEBUG 1848 --- [http-nio-8089-exec-3] s.w.s.m.m.a.RequestMappingHandlerMapping : Mapped to com.codeneticx.nihaobackend.controller.V1Controller#getCourseUnits(String, int, int)
2026-09-02T15:34:12.456+05:00 DEBUG 1848 --- [http-nio-8089-exec-3] m.m.a.RequestResponseBodyMethodProcessor : Using 'application/json', given [application/json] and supported [application/json, application/*+json]
2026-09-02T15:34:12.456+05:00 DEBUG 1848 --- [http-nio-8089-exec-3] m.m.a.RequestResponseBodyMethodProcessor : Writing [ApiResponse(success=true, message=Units fetched successfully, data=[UnitJourneyNodeDto(id=f32cee8d-2 (truncated)...]
2026-09-02T15:34:12.457+05:00 DEBUG 1848 --- [http-nio-8089-exec-3] o.s.web.servlet.DispatcherServlet        : Completed 200 OK
2026-09-02T15:34:12.476+05:00 DEBUG 1848 --- [http-nio-8089-exec-4] o.s.security.web.FilterChainProxy        : Securing GET /v1/units/f32cee8d-264d-47e2-a3e0-6c4ede6e0e09/lessons
2026-09-02T15:34:12.482+05:00 DEBUG 1848 --- [http-nio-8089-exec-4] s.w.s.m.m.a.RequestMappingHandlerMapping : Mapped to com.codeneticx.nihaobackend.controller.V1Controller#getUnitLessons(String)
2026-09-02T15:34:12.482+05:00 DEBUG 1848 --- [http-nio-8089-exec-4] s.w.s.m.m.a.RequestMappingHandlerMapping : Mapped to com.codeneticx.nihaobackend.controller.V1Controller#getUnitLessons(String)
2026-09-02T15:34:12.482+05:00 DEBUG 1848 --- [http-nio-8089-exec-4] s.w.s.m.m.a.RequestMappingHandlerMapping : Mapped to com.codeneticx.nihaobackend.controller.V1Controller#getUnitLessons(String)
2026-09-02T15:34:12.483+05:00 DEBUG 1848 --- [http-nio-8089-exec-4] s.w.s.m.m.a.RequestMappingHandlerMapping : Mapped to com.codeneticx.nihaobackend.controller.V1Controller#getUnitLessons(String)
2026-09-02T15:34:12.483+05:00 DEBUG 1848 --- [http-nio-8089-exec-4] s.w.s.m.m.a.RequestMappingHandlerMapping : Mapped to com.codeneticx.nihaobackend.controller.V1Controller#getUnitLessons(String)
2026-09-02T15:34:12.483+05:00 DEBUG 1848 --- [http-nio-8089-exec-4] s.w.s.m.m.a.RequestMappingHandlerMapping : Mapped to com.codeneticx.nihaobackend.controller.V1Controller#getUnitLessons(String)
2026-09-02T15:34:12.483+05:00 DEBUG 1848 --- [http-nio-8089-exec-4] s.w.s.m.m.a.RequestMappingHandlerMapping : Mapped to com.codeneticx.nihaobackend.controller.V1Controller#getUnitLessons(String)
2026-09-02T15:34:12.483+05:00 DEBUG 1848 --- [http-nio-8089-exec-4] s.w.s.m.m.a.RequestMappingHandlerMapping : Mapped to com.codeneticx.nihaobackend.controller.V1Controller#getUnitLessons(String)
2026-09-02T15:34:12.483+05:00 DEBUG 1848 --- [http-nio-8089-exec-4] s.w.s.m.m.a.RequestMappingHandlerMapping : Mapped to com.codeneticx.nihaobackend.controller.V1Controller#getUnitLessons(String)
2026-09-02T15:34:12.484+05:00 DEBUG 1848 --- [http-nio-8089-exec-4] s.w.s.m.m.a.RequestMappingHandlerMapping : Mapped to com.codeneticx.nihaobackend.controller.V1Controller#getUnitLessons(String)
2026-09-02T15:34:12.484+05:00 DEBUG 1848 --- [http-nio-8089-exec-4] s.w.s.m.m.a.RequestMappingHandlerMapping : Mapped to com.codeneticx.nihaobackend.controller.V1Controller#getUnitLessons(String)
2026-09-02T15:34:12.484+05:00 DEBUG 1848 --- [http-nio-8089-exec-4] o.s.security.web.FilterChainProxy        : Secured GET /v1/units/f32cee8d-264d-47e2-a3e0-6c4ede6e0e09/lessons
2026-09-02T15:34:12.484+05:00 DEBUG 1848 --- [http-nio-8089-exec-4] o.s.web.servlet.DispatcherServlet        : GET "/api/v1/units/f32cee8d-264d-47e2-a3e0-6c4ede6e0e09/lessons", parameters={}
2026-09-02T15:34:12.484+05:00 DEBUG 1848 --- [http-nio-8089-exec-4] s.w.s.m.m.a.RequestMappingHandlerMapping : Mapped to com.codeneticx.nihaobackend.controller.V1Controller#getUnitLessons(String)
2026-09-02T15:34:12.493+05:00 DEBUG 1848 --- [http-nio-8089-exec-4] m.m.a.RequestResponseBodyMethodProcessor : Using 'application/json', given [application/json] and supported [application/json, application/*+json]
2026-09-02T15:34:12.494+05:00 DEBUG 1848 --- [http-nio-8089-exec-4] m.m.a.RequestResponseBodyMethodProcessor : Writing [ApiResponse(success=true, message=Lessons fetched successfully, data=[LessonJourneyNodeDto(id=780b13 (truncated)...]
2026-09-02T15:34:12.495+05:00 DEBUG 1848 --- [http-nio-8089-exec-4] o.s.web.servlet.DispatcherServlet        : Completed 200 OK
2026-09-02T15:34:12.537+05:00 DEBUG 1848 --- [http-nio-8089-exec-5] o.s.security.web.FilterChainProxy        : Securing GET /v1/courses/0a2552cb-962e-40ef-9cfe-85a6e5830387/progress
2026-09-02T15:34:12.545+05:00 DEBUG 1848 --- [http-nio-8089-exec-5] s.w.s.m.m.a.RequestMappingHandlerMapping : Mapped to com.codeneticx.nihaobackend.controller.V1Controller#getCourseProgress(String)
2026-09-02T15:34:12.545+05:00 DEBUG 1848 --- [http-nio-8089-exec-5] s.w.s.m.m.a.RequestMappingHandlerMapping : Mapped to com.codeneticx.nihaobackend.controller.V1Controller#getCourseProgress(String)
2026-09-02T15:34:12.545+05:00 DEBUG 1848 --- [http-nio-8089-exec-5] s.w.s.m.m.a.RequestMappingHandlerMapping : Mapped to com.codeneticx.nihaobackend.controller.V1Controller#getCourseProgress(String)
2026-09-02T15:34:12.545+05:00 DEBUG 1848 --- [http-nio-8089-exec-5] s.w.s.m.m.a.RequestMappingHandlerMapping : Mapped to com.codeneticx.nihaobackend.controller.V1Controller#getCourseProgress(String)
2026-09-02T15:34:12.546+05:00 DEBUG 1848 --- [http-nio-8089-exec-5] s.w.s.m.m.a.RequestMappingHandlerMapping : Mapped to com.codeneticx.nihaobackend.controller.V1Controller#getCourseProgress(String)
2026-09-02T15:34:12.546+05:00 DEBUG 1848 --- [http-nio-8089-exec-5] s.w.s.m.m.a.RequestMappingHandlerMapping : Mapped to com.codeneticx.nihaobackend.controller.V1Controller#getCourseProgress(String)
2026-09-02T15:34:12.546+05:00 DEBUG 1848 --- [http-nio-8089-exec-5] s.w.s.m.m.a.RequestMappingHandlerMapping : Mapped to com.codeneticx.nihaobackend.controller.V1Controller#getCourseProgress(String)
2026-09-02T15:34:12.546+05:00 DEBUG 1848 --- [http-nio-8089-exec-5] s.w.s.m.m.a.RequestMappingHandlerMapping : Mapped to com.codeneticx.nihaobackend.controller.V1Controller#getCourseProgress(String)
2026-09-02T15:34:12.547+05:00 DEBUG 1848 --- [http-nio-8089-exec-5] s.w.s.m.m.a.RequestMappingHandlerMapping : Mapped to com.codeneticx.nihaobackend.controller.V1Controller#getCourseProgress(String)
2026-09-02T15:34:12.547+05:00 DEBUG 1848 --- [http-nio-8089-exec-5] s.w.s.m.m.a.RequestMappingHandlerMapping : Mapped to com.codeneticx.nihaobackend.controller.V1Controller#getCourseProgress(String)
2026-09-02T15:34:12.547+05:00 DEBUG 1848 --- [http-nio-8089-exec-5] s.w.s.m.m.a.RequestMappingHandlerMapping : Mapped to com.codeneticx.nihaobackend.controller.V1Controller#getCourseProgress(String)
2026-09-02T15:34:12.547+05:00 DEBUG 1848 --- [http-nio-8089-exec-5] o.s.security.web.FilterChainProxy        : Secured GET /v1/courses/0a2552cb-962e-40ef-9cfe-85a6e5830387/progress
2026-09-02T15:34:12.547+05:00 DEBUG 1848 --- [http-nio-8089-exec-5] o.s.web.servlet.DispatcherServlet        : GET "/api/v1/courses/0a2552cb-962e-40ef-9cfe-85a6e5830387/progress", parameters={}
2026-09-02T15:34:12.547+05:00 DEBUG 1848 --- [http-nio-8089-exec-5] s.w.s.m.m.a.RequestMappingHandlerMapping : Mapped to com.codeneticx.nihaobackend.controller.V1Controller#getCourseProgress(String)
2026-09-02T15:34:12.565+05:00 DEBUG 1848 --- [http-nio-8089-exec-5] m.m.a.RequestResponseBodyMethodProcessor : Using 'application/json', given [application/json] and supported [application/json, application/*+json]
2026-09-02T15:34:12.565+05:00 DEBUG 1848 --- [http-nio-8089-exec-5] m.m.a.RequestResponseBodyMethodProcessor : Writing [ApiResponse(success=true, message=Course progress fetched successfully, data=CourseProgressDto(xp=40 (truncated)...]
2026-09-02T15:34:12.566+05:00 DEBUG 1848 --- [http-nio-8089-exec-5] o.s.web.servlet.DispatcherServlet        : Completed 200 OK
2026-09-02T15:34:14.733+05:00 DEBUG 1848 --- [HikariPool-1 housekeeper] com.zaxxer.hikari.pool.HikariPool        : HikariPool-1 - Pool stats (total=10, active=0, idle=10, waiting=0)
2026-09-02T15:34:14.734+05:00 DEBUG 1848 --- [HikariPool-1 housekeeper] com.zaxxer.hikari.pool.HikariPool        : HikariPool-1 - Fill pool skipped, pool has sufficient level or currently being filled (queueDepth=0).
2026-09-02T15:34:44.749+05:00 DEBUG 1848 --- [HikariPool-1 housekeeper] com.zaxxer.hikari.pool.HikariPool        : HikariPool-1 - Pool stats (total=10, active=0, idle=10, waiting=0)
2026-09-02T15:34:44.749+05:00 DEBUG 1848 --- [HikariPool-1 housekeeper] com.zaxxer.hikari.pool.HikariPool        : HikariPool-1 - Fill pool skipped, pool has sufficient level or currently being filled (queueDepth=0).
2026-09-02T15:35:14.754+05:00 DEBUG 1848 --- [HikariPool-1 housekeeper] com.zaxxer.hikari.pool.HikariPool        : HikariPool-1 - Pool stats (total=10, active=0, idle=10, waiting=0)
2026-09-02T15:35:14.755+05:00 DEBUG 1848 --- [HikariPool-1 housekeeper] com.zaxxer.hikari.pool.HikariPool        : HikariPool-1 - Fill pool skipped, pool has sufficient level or currently being filled (queueDepth=0).
2026-09-02T15:35:44.758+05:00 DEBUG 1848 --- [HikariPool-1 housekeeper] com.zaxxer.hikari.pool.HikariPool        : HikariPool-1 - Pool stats (total=10, active=0, idle=10, waiting=0)
2026-09-02T15:35:44.758+05:00 DEBUG 1848 --- [HikariPool-1 housekeeper] com.zaxxer.hikari.pool.HikariPool        : HikariPool-1 - Fill pool skipped, pool has sufficient level or currently being filled (queueDepth=0).
2026-09-02T15:36:14.762+05:00 DEBUG 1848 --- [HikariPool-1 housekeeper] com.zaxxer.hikari.pool.HikariPool        : HikariPool-1 - Pool stats (total=10, active=0, idle=10, waiting=0)
2026-09-02T15:36:14.762+05:00 DEBUG 1848 --- [HikariPool-1 housekeeper] com.zaxxer.hikari.pool.HikariPool        : HikariPool-1 - Fill pool skipped, pool has sufficient level or currently being filled (queueDepth=0).
2026-09-02T15:36:44.775+05:00 DEBUG 1848 --- [HikariPool-1 housekeeper] com.zaxxer.hikari.pool.HikariPool        : HikariPool-1 - Pool stats (total=10, active=0, idle=10, waiting=0)
2026-09-02T15:36:44.775+05:00 DEBUG 1848 --- [HikariPool-1 housekeeper] com.zaxxer.hikari.pool.HikariPool        : HikariPool-1 - Fill pool skipped, pool has sufficient level or currently being filled (queueDepth=0).
2026-09-02T15:37:14.784+05:00 DEBUG 1848 --- [HikariPool-1 housekeeper] com.zaxxer.hikari.pool.HikariPool        : HikariPool-1 - Pool stats (total=10, active=0, idle=10, waiting=0)
2026-09-02T15:37:14.785+05:00 DEBUG 1848 --- [HikariPool-1 housekeeper] com.zaxxer.hikari.pool.HikariPool        : HikariPool-1 - Fill pool skipped, pool has sufficient level or currently being filled (queueDepth=0).
2026-09-02T15:37:44.790+05:00 DEBUG 1848 --- [HikariPool-1 housekeeper] com.zaxxer.hikari.pool.HikariPool        : HikariPool-1 - Pool stats (total=10, active=0, idle=10, waiting=0)
2026-09-02T15:37:44.790+05:00 DEBUG 1848 --- [HikariPool-1 housekeeper] com.zaxxer.hikari.pool.HikariPool        : HikariPool-1 - Fill pool skipped, pool has sufficient level or currently being filled (queueDepth=0).
2026-09-02T15:38:14.790+05:00 DEBUG 1848 --- [HikariPool-1 housekeeper] com.zaxxer.hikari.pool.HikariPool        : HikariPool-1 - Pool stats (total=10, active=0, idle=10, waiting=0)
2026-09-02T15:38:14.791+05:00 DEBUG 1848 --- [HikariPool-1 housekeeper] com.zaxxer.hikari.pool.HikariPool        : HikariPool-1 - Fill pool skipped, pool has sufficient level or currently being filled (queueDepth=0).
2026-09-02T15:38:44.806+05:00 DEBUG 1848 --- [HikariPool-1 housekeeper] com.zaxxer.hikari.pool.HikariPool        : HikariPool-1 - Pool stats (total=10, active=0, idle=10, waiting=0)
2026-09-02T15:38:44.807+05:00 DEBUG 1848 --- [HikariPool-1 housekeeper] com.zaxxer.hikari.pool.HikariPool        : HikariPool-1 - Fill pool skipped, pool has sufficient level or currently being filled (queueDepth=0).
2026-09-02T15:39:14.822+05:00 DEBUG 1848 --- [HikariPool-1 housekeeper] com.zaxxer.hikari.pool.HikariPool        : HikariPool-1 - Pool stats (total=10, active=0, idle=10, waiting=0)
2026-09-02T15:39:14.823+05:00 DEBUG 1848 --- [HikariPool-1 housekeeper] com.zaxxer.hikari.pool.HikariPool        : HikariPool-1 - Fill pool skipped, pool has sufficient level or currently being filled (queueDepth=0).
2026-09-02T15:39:44.831+05:00 DEBUG 1848 --- [HikariPool-1 housekeeper] com.zaxxer.hikari.pool.HikariPool        : HikariPool-1 - Pool stats (total=10, active=0, idle=10, waiting=0)
2026-09-02T15:39:44.831+05:00 DEBUG 1848 --- [HikariPool-1 housekeeper] com.zaxxer.hikari.pool.HikariPool        : HikariPool-1 - Fill pool skipped, pool has sufficient level or currently being filled (queueDepth=0).
2026-09-02T15:40:14.831+05:00 DEBUG 1848 --- [HikariPool-1 housekeeper] com.zaxxer.hikari.pool.HikariPool        : HikariPool-1 - Pool stats (total=10, active=0, idle=10, waiting=0)
2026-09-02T15:40:14.832+05:00 DEBUG 1848 --- [HikariPool-1 housekeeper] com.zaxxer.hikari.pool.HikariPool        : HikariPool-1 - Fill pool skipped, pool has sufficient level or currently being filled (queueDepth=0).
2026-09-02T15:40:44.855+05:00 DEBUG 1848 --- [HikariPool-1 housekeeper] com.zaxxer.hikari.pool.HikariPool        : HikariPool-1 - Pool stats (total=10, active=0, idle=10, waiting=0)
2026-09-02T15:40:44.855+05:00 DEBUG 1848 --- [HikariPool-1 housekeeper] com.zaxxer.hikari.pool.HikariPool        : HikariPool-1 - Fill pool skipped, pool has sufficient level or currently being filled (queueDepth=0).
2026-09-02T15:41:14.862+05:00 DEBUG 1848 --- [HikariPool-1 housekeeper] com.zaxxer.hikari.pool.HikariPool        : HikariPool-1 - Pool stats (total=10, active=0, idle=10, waiting=0)
2026-09-02T15:41:14.862+05:00 DEBUG 1848 --- [HikariPool-1 housekeeper] com.zaxxer.hikari.pool.HikariPool        : HikariPool-1 - Fill pool skipped, pool has sufficient level or currently being filled (queueDepth=0).
2026-09-02T15:41:44.872+05:00 DEBUG 1848 --- [HikariPool-1 housekeeper] com.zaxxer.hikari.pool.HikariPool        : HikariPool-1 - Pool stats (total=10, active=0, idle=10, waiting=0)
2026-09-02T15:41:44.872+05:00 DEBUG 1848 --- [HikariPool-1 housekeeper] com.zaxxer.hikari.pool.HikariPool        : HikariPool-1 - Fill pool skipped, pool has sufficient level or currently being filled (queueDepth=0).
2026-09-02T15:42:14.873+05:00 DEBUG 1848 --- [HikariPool-1 housekeeper] com.zaxxer.hikari.pool.HikariPool        : HikariPool-1 - Pool stats (total=10, active=0, idle=10, waiting=0)
2026-09-02T15:42:14.875+05:00 DEBUG 1848 --- [HikariPool-1 housekeeper] com.zaxxer.hikari.pool.HikariPool        : HikariPool-1 - Fill pool skipped, pool has sufficient level or currently being filled (queueDepth=0).
2026-09-02T15:42:44.887+05:00 DEBUG 1848 --- [HikariPool-1 housekeeper] com.zaxxer.hikari.pool.HikariPool        : HikariPool-1 - Pool stats (total=10, active=0, idle=10, waiting=0)
2026-09-02T15:42:44.888+05:00 DEBUG 1848 --- [HikariPool-1 housekeeper] com.zaxxer.hikari.pool.HikariPool        : HikariPool-1 - Fill pool skipped, pool has sufficient level or currently being filled (queueDepth=0).
2026-09-02T15:43:14.905+05:00 DEBUG 1848 --- [HikariPool-1 housekeeper] com.zaxxer.hikari.pool.HikariPool        : HikariPool-1 - Pool stats (total=10, active=0, idle=10, waiting=0)
2026-09-02T15:43:14.907+05:00 DEBUG 1848 --- [HikariPool-1 housekeeper] com.zaxxer.hikari.pool.HikariPool        : HikariPool-1 - Fill pool skipped, pool has sufficient level or currently being filled (queueDepth=0).
2026-09-02T15:43:44.916+05:00 DEBUG 1848 --- [HikariPool-1 housekeeper] com.zaxxer.hikari.pool.HikariPool        : HikariPool-1 - Pool stats (total=10, active=0, idle=10, waiting=0)
2026-09-02T15:43:44.917+05:00 DEBUG 1848 --- [HikariPool-1 housekeeper] com.zaxxer.hikari.pool.HikariPool        : HikariPool-1 - Fill pool skipped, pool has sufficient level or currently being filled (queueDepth=0).
2026-09-02T15:44:14.927+05:00 DEBUG 1848 --- [HikariPool-1 housekeeper] com.zaxxer.hikari.pool.HikariPool        : HikariPool-1 - Pool stats (total=10, active=0, idle=10, waiting=0)
2026-09-02T15:44:14.928+05:00 DEBUG 1848 --- [HikariPool-1 housekeeper] com.zaxxer.hikari.pool.HikariPool        : HikariPool-1 - Fill pool skipped, pool has sufficient level or currently being filled (queueDepth=0).
2026-09-02T15:44:44.938+05:00 DEBUG 1848 --- [HikariPool-1 housekeeper] com.zaxxer.hikari.pool.HikariPool        : HikariPool-1 - Pool stats (total=10, active=0, idle=10, waiting=0)
2026-09-02T15:44:44.938+05:00 DEBUG 1848 --- [HikariPool-1 housekeeper] com.zaxxer.hikari.pool.HikariPool        : HikariPool-1 - Fill pool skipped, pool has sufficient level or currently being filled (queueDepth=0).
2026-09-02T15:45:15.022+05:00 DEBUG 1848 --- [HikariPool-1 housekeeper] com.zaxxer.hikari.pool.HikariPool        : HikariPool-1 - Pool stats (total=10, active=0, idle=10, waiting=0)
2026-09-02T15:45:15.023+05:00 DEBUG 1848 --- [HikariPool-1 housekeeper] com.zaxxer.hikari.pool.HikariPool        : HikariPool-1 - Fill pool skipped, pool has sufficient level or currently being filled (queueDepth=0).
2026-09-02T15:45:45.035+05:00 DEBUG 1848 --- [HikariPool-1 housekeeper] com.zaxxer.hikari.pool.HikariPool        : HikariPool-1 - Pool stats (total=10, active=0, idle=10, waiting=0)
2026-09-02T15:45:45.037+05:00 DEBUG 1848 --- [HikariPool-1 housekeeper] com.zaxxer.hikari.pool.HikariPool        : HikariPool-1 - Fill pool skipped, pool has sufficient level or currently being filled (queueDepth=0).
2026-09-02T15:46:15.039+05:00 DEBUG 1848 --- [HikariPool-1 housekeeper] com.zaxxer.hikari.pool.HikariPool        : HikariPool-1 - Pool stats (total=10, active=0, idle=10, waiting=0)
2026-09-02T15:46:15.040+05:00 DEBUG 1848 --- [HikariPool-1 housekeeper] com.zaxxer.hikari.pool.HikariPool        : HikariPool-1 - Fill pool skipped, pool has sufficient level or currently being filled (queueDepth=0).
2026-09-02T15:46:45.052+05:00 DEBUG 1848 --- [HikariPool-1 housekeeper] com.zaxxer.hikari.pool.HikariPool        : HikariPool-1 - Pool stats (total=10, active=0, idle=10, waiting=0)
2026-09-02T15:46:45.054+05:00 DEBUG 1848 --- [HikariPool-1 housekeeper] com.zaxxer.hikari.pool.HikariPool        : HikariPool-1 - Fill pool skipped, pool has sufficient level or currently being filled (queueDepth=0).
2026-09-02T15:47:15.069+05:00 DEBUG 1848 --- [HikariPool-1 housekeeper] com.zaxxer.hikari.pool.HikariPool        : HikariPool-1 - Pool stats (total=10, active=0, idle=10, waiting=0)
2026-09-02T15:47:15.071+05:00 DEBUG 1848 --- [HikariPool-1 housekeeper] com.zaxxer.hikari.pool.HikariPool        : HikariPool-1 - Fill pool skipped, pool has sufficient level or currently being filled (queueDepth=0).
2026-09-02T15:47:45.137+05:00 DEBUG 1848 --- [HikariPool-1 housekeeper] com.zaxxer.hikari.pool.HikariPool        : HikariPool-1 - Pool stats (total=10, active=0, idle=10, waiting=0)
2026-09-02T15:47:45.137+05:00 DEBUG 1848 --- [HikariPool-1 housekeeper] com.zaxxer.hikari.pool.HikariPool        : HikariPool-1 - Fill pool skipped, pool has sufficient level or currently being filled (queueDepth=0).
2026-09-02T15:48:15.138+05:00 DEBUG 1848 --- [HikariPool-1 housekeeper] com.zaxxer.hikari.pool.HikariPool        : HikariPool-1 - Pool stats (total=10, active=0, idle=10, waiting=0)
2026-09-02T15:48:15.139+05:00 DEBUG 1848 --- [HikariPool-1 housekeeper] com.zaxxer.hikari.pool.HikariPool        : HikariPool-1 - Fill pool skipped, pool has sufficient level or currently being filled (queueDepth=0).
2026-09-02T15:48:45.158+05:00 DEBUG 1848 --- [HikariPool-1 housekeeper] com.zaxxer.hikari.pool.HikariPool        : HikariPool-1 - Pool stats (total=10, active=0, idle=10, waiting=0)
2026-09-02T15:48:45.162+05:00 DEBUG 1848 --- [HikariPool-1 housekeeper] com.zaxxer.hikari.pool.HikariPool        : HikariPool-1 - Fill pool skipped, pool has sufficient level or currently being filled (queueDepth=0).
2026-09-02T15:49:15.165+05:00 DEBUG 1848 --- [HikariPool-1 housekeeper] com.zaxxer.hikari.pool.HikariPool        : HikariPool-1 - Pool stats (total=10, active=0, idle=10, waiting=0)
2026-09-02T15:49:15.168+05:00 DEBUG 1848 --- [HikariPool-1 housekeeper] com.zaxxer.hikari.pool.HikariPool        : HikariPool-1 - Fill pool skipped, pool has sufficient level or currently being filled (queueDepth=0).
2026-09-02T15:49:45.183+05:00 DEBUG 1848 --- [HikariPool-1 housekeeper] com.zaxxer.hikari.pool.HikariPool        : HikariPool-1 - Pool stats (total=10, active=0, idle=10, waiting=0)
2026-09-02T15:49:45.184+05:00 DEBUG 1848 --- [HikariPool-1 housekeeper] com.zaxxer.hikari.pool.HikariPool        : HikariPool-1 - Fill pool skipped, pool has sufficient level or currently being filled (queueDepth=0).
2026-09-02T15:50:15.192+05:00 DEBUG 1848 --- [HikariPool-1 housekeeper] com.zaxxer.hikari.pool.HikariPool        : HikariPool-1 - Pool stats (total=10, active=0, idle=10, waiting=0)
2026-09-02T15:50:15.192+05:00 DEBUG 1848 --- [HikariPool-1 housekeeper] com.zaxxer.hikari.pool.HikariPool        : HikariPool-1 - Fill pool skipped, pool has sufficient level or currently being filled (queueDepth=0).
2026-09-02T15:50:45.206+05:00 DEBUG 1848 --- [HikariPool-1 housekeeper] com.zaxxer.hikari.pool.HikariPool        : HikariPool-1 - Pool stats (total=10, active=0, idle=10, waiting=0)
2026-09-02T15:50:45.207+05:00 DEBUG 1848 --- [HikariPool-1 housekeeper] com.zaxxer.hikari.pool.HikariPool        : HikariPool-1 - Fill pool skipped, pool has sufficient level or currently being filled (queueDepth=0).
2026-09-02T15:51:15.212+05:00 DEBUG 1848 --- [HikariPool-1 housekeeper] com.zaxxer.hikari.pool.HikariPool        : HikariPool-1 - Pool stats (total=10, active=0, idle=10, waiting=0)
2026-09-02T15:51:15.212+05:00 DEBUG 1848 --- [HikariPool-1 housekeeper] com.zaxxer.hikari.pool.HikariPool        : HikariPool-1 - Fill pool skipped, pool has sufficient level or currently being filled (queueDepth=0).
2026-09-02T15:51:45.213+05:00 DEBUG 1848 --- [HikariPool-1 housekeeper] com.zaxxer.hikari.pool.HikariPool        : HikariPool-1 - Pool stats (total=10, active=0, idle=10, waiting=0)
2026-09-02T15:51:45.213+05:00 DEBUG 1848 --- [HikariPool-1 housekeeper] com.zaxxer.hikari.pool.HikariPool        : HikariPool-1 - Fill pool skipped, pool has sufficient level or currently being filled (queueDepth=0).
2026-09-02T15:52:15.226+05:00 DEBUG 1848 --- [HikariPool-1 housekeeper] com.zaxxer.hikari.pool.HikariPool        : HikariPool-1 - Pool stats (total=10, active=0, idle=10, waiting=0)
2026-09-02T15:52:15.227+05:00 DEBUG 1848 --- [HikariPool-1 housekeeper] com.zaxxer.hikari.pool.HikariPool        : HikariPool-1 - Fill pool skipped, pool has sufficient level or currently being filled (queueDepth=0).
2026-09-02T15:52:45.237+05:00 DEBUG 1848 --- [HikariPool-1 housekeeper] com.zaxxer.hikari.pool.HikariPool        : HikariPool-1 - Pool stats (total=10, active=0, idle=10, waiting=0)
2026-09-02T15:52:45.238+05:00 DEBUG 1848 --- [HikariPool-1 housekeeper] com.zaxxer.hikari.pool.HikariPool        : HikariPool-1 - Fill pool skipped, pool has sufficient level or currently being filled (queueDepth=0).
2026-09-02T15:53:15.248+05:00 DEBUG 1848 --- [HikariPool-1 housekeeper] com.zaxxer.hikari.pool.HikariPool        : HikariPool-1 - Pool stats (total=10, active=0, idle=10, waiting=0)
2026-09-02T15:53:15.251+05:00 DEBUG 1848 --- [HikariPool-1 housekeeper] com.zaxxer.hikari.pool.HikariPool        : HikariPool-1 - Fill pool skipped, pool has sufficient level or currently being filled (queueDepth=0).
2026-09-02T15:53:45.256+05:00 DEBUG 1848 --- [HikariPool-1 housekeeper] com.zaxxer.hikari.pool.HikariPool        : HikariPool-1 - Pool stats (total=10, active=0, idle=10, waiting=0)
2026-09-02T15:53:45.256+05:00 DEBUG 1848 --- [HikariPool-1 housekeeper] com.zaxxer.hikari.pool.HikariPool        : HikariPool-1 - Fill pool skipped, pool has sufficient level or currently being filled (queueDepth=0).
2026-09-02T15:54:15.261+05:00 DEBUG 1848 --- [HikariPool-1 housekeeper] com.zaxxer.hikari.pool.HikariPool        : HikariPool-1 - Pool stats (total=10, active=0, idle=10, waiting=0)
2026-09-02T15:54:15.261+05:00 DEBUG 1848 --- [HikariPool-1 housekeeper] com.zaxxer.hikari.pool.HikariPool        : HikariPool-1 - Fill pool skipped, pool has sufficient level or currently being filled (queueDepth=0).
2026-09-02T15:54:45.276+05:00 DEBUG 1848 --- [HikariPool-1 housekeeper] com.zaxxer.hikari.pool.HikariPool        : HikariPool-1 - Pool stats (total=10, active=0, idle=10, waiting=0)
2026-09-02T15:54:45.277+05:00 DEBUG 1848 --- [HikariPool-1 housekeeper] com.zaxxer.hikari.pool.HikariPool        : HikariPool-1 - Fill pool skipped, pool has sufficient level or currently being filled (queueDepth=0).
2026-09-02T15:55:15.293+05:00 DEBUG 1848 --- [HikariPool-1 housekeeper] com.zaxxer.hikari.pool.HikariPool        : HikariPool-1 - Pool stats (total=10, active=0, idle=10, waiting=0)
2026-09-02T15:55:15.294+05:00 DEBUG 1848 --- [HikariPool-1 housekeeper] com.zaxxer.hikari.pool.HikariPool        : HikariPool-1 - Fill pool skipped, pool has sufficient level or currently being filled (queueDepth=0).
2026-09-02T15:55:45.304+05:00 DEBUG 1848 --- [HikariPool-1 housekeeper] com.zaxxer.hikari.pool.HikariPool        : HikariPool-1 - Pool stats (total=10, active=0, idle=10, waiting=0)
2026-09-02T15:55:45.305+05:00 DEBUG 1848 --- [HikariPool-1 housekeeper] com.zaxxer.hikari.pool.HikariPool        : HikariPool-1 - Fill pool skipped, pool has sufficient level or currently being filled (queueDepth=0).
2026-09-02T15:55:54.280+05:00 DEBUG 1848 --- [HikariPool-1 connection closer] com.zaxxer.hikari.pool.PoolBase          : HikariPool-1 - Closing connection com.mysql.cj.jdbc.ConnectionImpl@37a82294: (connection has passed maxLifetime)
2026-09-02T15:55:54.366+05:00 DEBUG 1848 --- [HikariPool-1 connection adder] com.zaxxer.hikari.pool.HikariPool        : HikariPool-1 - Added connection com.mysql.cj.jdbc.ConnectionImpl@e50a356
2026-09-02T15:56:02.254+05:00 DEBUG 1848 --- [HikariPool-1 connection closer] com.zaxxer.hikari.pool.PoolBase          : HikariPool-1 - Closing connection com.mysql.cj.jdbc.ConnectionImpl@769528af: (connection has passed maxLifetime)
2026-09-02T15:56:02.259+05:00 DEBUG 1848 --- [HikariPool-1 connection adder] com.zaxxer.hikari.pool.HikariPool        : HikariPool-1 - Added connection com.mysql.cj.jdbc.ConnectionImpl@d5a42fc
2026-09-02T15:56:15.317+05:00 DEBUG 1848 --- [HikariPool-1 housekeeper] com.zaxxer.hikari.pool.HikariPool        : HikariPool-1 - Pool stats (total=10, active=0, idle=10, waiting=0)
2026-09-02T15:56:15.318+05:00 DEBUG 1848 --- [HikariPool-1 housekeeper] com.zaxxer.hikari.pool.HikariPool        : HikariPool-1 - Fill pool skipped, pool has sufficient level or currently being filled (queueDepth=0).
2026-09-02T15:56:16.919+05:00 DEBUG 1848 --- [HikariPool-1 connection closer] com.zaxxer.hikari.pool.PoolBase          : HikariPool-1 - Closing connection com.mysql.cj.jdbc.ConnectionImpl@67c37835: (connection has passed maxLifetime)
2026-09-02T15:56:16.924+05:00 DEBUG 1848 --- [HikariPool-1 connection adder] com.zaxxer.hikari.pool.HikariPool        : HikariPool-1 - Added connection com.mysql.cj.jdbc.ConnectionImpl@24424b4e
2026-09-02T15:56:23.631+05:00 DEBUG 1848 --- [HikariPool-1 connection closer] com.zaxxer.hikari.pool.PoolBase          : HikariPool-1 - Closing connection com.mysql.cj.jdbc.ConnectionImpl@18dc52d: (connection has passed maxLifetime)
2026-09-02T15:56:23.633+05:00 DEBUG 1848 --- [HikariPool-1 connection adder] com.zaxxer.hikari.pool.HikariPool        : HikariPool-1 - Added connection com.mysql.cj.jdbc.ConnectionImpl@168ef307
2026-09-02T15:56:24.715+05:00 DEBUG 1848 --- [HikariPool-1 connection closer] com.zaxxer.hikari.pool.PoolBase          : HikariPool-1 - Closing connection com.mysql.cj.jdbc.ConnectionImpl@a6e9bc0: (connection has passed maxLifetime)
2026-09-02T15:56:24.722+05:00 DEBUG 1848 --- [HikariPool-1 connection adder] com.zaxxer.hikari.pool.HikariPool        : HikariPool-1 - Added connection com.mysql.cj.jdbc.ConnectionImpl@57b3f93c
2026-09-02T15:56:30.426+05:00 DEBUG 1848 --- [HikariPool-1 connection closer] com.zaxxer.hikari.pool.PoolBase          : HikariPool-1 - Closing connection com.mysql.cj.jdbc.ConnectionImpl@4b5391fb: (connection has passed maxLifetime)
2026-09-02T15:56:30.428+05:00 DEBUG 1848 --- [HikariPool-1 connection adder] com.zaxxer.hikari.pool.HikariPool        : HikariPool-1 - Added connection com.mysql.cj.jdbc.ConnectionImpl@3e4ba907
2026-09-02T15:56:38.571+05:00 DEBUG 1848 --- [HikariPool-1 connection closer] com.zaxxer.hikari.pool.PoolBase          : HikariPool-1 - Closing connection com.mysql.cj.jdbc.ConnectionImpl@40b0cf16: (connection has passed maxLifetime)
2026-09-02T15:56:38.602+05:00 DEBUG 1848 --- [HikariPool-1 connection adder] com.zaxxer.hikari.pool.HikariPool        : HikariPool-1 - Added connection com.mysql.cj.jdbc.ConnectionImpl@3647659f
2026-09-02T15:56:38.681+05:00 DEBUG 1848 --- [HikariPool-1 connection closer] com.zaxxer.hikari.pool.PoolBase          : HikariPool-1 - Closing connection com.mysql.cj.jdbc.ConnectionImpl@713ac860: (connection has passed maxLifetime)
2026-09-02T15:56:38.687+05:00 DEBUG 1848 --- [HikariPool-1 connection adder] com.zaxxer.hikari.pool.HikariPool        : HikariPool-1 - Added connection com.mysql.cj.jdbc.ConnectionImpl@777a6fa4
2026-09-02T15:56:45.326+05:00 DEBUG 1848 --- [HikariPool-1 housekeeper] com.zaxxer.hikari.pool.HikariPool        : HikariPool-1 - Pool stats (total=10, active=0, idle=10, waiting=0)
2026-09-02T15:56:45.327+05:00 DEBUG 1848 --- [HikariPool-1 housekeeper] com.zaxxer.hikari.pool.HikariPool        : HikariPool-1 - Fill pool skipped, pool has sufficient level or currently being filled (queueDepth=0).
2026-09-02T15:56:51.984+05:00 DEBUG 1848 --- [HikariPool-1 connection closer] com.zaxxer.hikari.pool.PoolBase          : HikariPool-1 - Closing connection com.mysql.cj.jdbc.ConnectionImpl@26fe720e: (connection has passed maxLifetime)
2026-09-02T15:56:51.988+05:00 DEBUG 1848 --- [HikariPool-1 connection adder] com.zaxxer.hikari.pool.HikariPool        : HikariPool-1 - Added connection com.mysql.cj.jdbc.ConnectionImpl@51af0856
2026-09-02T15:56:55.201+05:00 DEBUG 1848 --- [HikariPool-1 connection closer] com.zaxxer.hikari.pool.PoolBase          : HikariPool-1 - Closing connection com.mysql.cj.jdbc.ConnectionImpl@1712558f: (connection has passed maxLifetime)
2026-09-02T15:56:55.206+05:00 DEBUG 1848 --- [HikariPool-1 connection adder] com.zaxxer.hikari.pool.HikariPool        : HikariPool-1 - Added connection com.mysql.cj.jdbc.ConnectionImpl@1092026d
2026-09-02T15:57:15.332+05:00 DEBUG 1848 --- [HikariPool-1 housekeeper] com.zaxxer.hikari.pool.HikariPool        : HikariPool-1 - Pool stats (total=10, active=0, idle=10, waiting=0)
2026-09-02T15:57:15.346+05:00 DEBUG 1848 --- [HikariPool-1 housekeeper] com.zaxxer.hikari.pool.HikariPool        : HikariPool-1 - Fill pool skipped, pool has sufficient level or currently being filled (queueDepth=0).
2026-09-02T15:57:45.363+05:00 DEBUG 1848 --- [HikariPool-1 housekeeper] com.zaxxer.hikari.pool.HikariPool        : HikariPool-1 - Pool stats (total=10, active=0, idle=10, waiting=0)
2026-09-02T15:57:45.365+05:00 DEBUG 1848 --- [HikariPool-1 housekeeper] com.zaxxer.hikari.pool.HikariPool        : HikariPool-1 - Fill pool skipped, pool has sufficient level or currently being filled (queueDepth=0).
2026-09-02T15:58:15.373+05:00 DEBUG 1848 --- [HikariPool-1 housekeeper] com.zaxxer.hikari.pool.HikariPool        : HikariPool-1 - Pool stats (total=10, active=0, idle=10, waiting=0)
2026-09-02T15:58:15.373+05:00 DEBUG 1848 --- [HikariPool-1 housekeeper] com.zaxxer.hikari.pool.HikariPool        : HikariPool-1 - Fill pool skipped, pool has sufficient level or currently being filled (queueDepth=0).
2026-09-02T15:58:45.388+05:00 DEBUG 1848 --- [HikariPool-1 housekeeper] com.zaxxer.hikari.pool.HikariPool        : HikariPool-1 - Pool stats (total=10, active=0, idle=10, waiting=0)
2026-09-02T15:58:45.389+05:00 DEBUG 1848 --- [HikariPool-1 housekeeper] com.zaxxer.hikari.pool.HikariPool        : HikariPool-1 - Fill pool skipped, pool has sufficient level or currently being filled (queueDepth=0).
2026-09-02T15:59:15.405+05:00 DEBUG 1848 --- [HikariPool-1 housekeeper] com.zaxxer.hikari.pool.HikariPool        : HikariPool-1 - Pool stats (total=10, active=0, idle=10, waiting=0)
2026-09-02T15:59:15.405+05:00 DEBUG 1848 --- [HikariPool-1 housekeeper] com.zaxxer.hikari.pool.HikariPool        : HikariPool-1 - Fill pool skipped, pool has sufficient level or currently being filled (queueDepth=0).
2026-09-02T15:59:45.414+05:00 DEBUG 1848 --- [HikariPool-1 housekeeper] com.zaxxer.hikari.pool.HikariPool        : HikariPool-1 - Pool stats (total=10, active=0, idle=10, waiting=0)
2026-09-02T15:59:45.415+05:00 DEBUG 1848 --- [HikariPool-1 housekeeper] com.zaxxer.hikari.pool.HikariPool        : HikariPool-1 - Fill pool skipped, pool has sufficient level or currently being filled (queueDepth=0).
2026-09-02T16:00:15.426+05:00 DEBUG 1848 --- [HikariPool-1 housekeeper] com.zaxxer.hikari.pool.HikariPool        : HikariPool-1 - Pool stats (total=10, active=0, idle=10, waiting=0)
2026-09-02T16:00:15.426+05:00 DEBUG 1848 --- [HikariPool-1 housekeeper] com.zaxxer.hikari.pool.HikariPool        : HikariPool-1 - Fill pool skipped, pool has sufficient level or currently being filled (queueDepth=0).
2026-09-02T16:00:45.429+05:00 DEBUG 1848 --- [HikariPool-1 housekeeper] com.zaxxer.hikari.pool.HikariPool        : HikariPool-1 - Pool stats (total=10, active=0, idle=10, waiting=0)
2026-09-02T16:00:45.431+05:00 DEBUG 1848 --- [HikariPool-1 housekeeper] com.zaxxer.hikari.pool.HikariPool        : HikariPool-1 - Fill pool skipped, pool has sufficient level or currently being filled (queueDepth=0).
2026-09-02T16:01:15.437+05:00 DEBUG 1848 --- [HikariPool-1 housekeeper] com.zaxxer.hikari.pool.HikariPool        : HikariPool-1 - Pool stats (total=10, active=0, idle=10, waiting=0)
2026-09-02T16:01:15.437+05:00 DEBUG 1848 --- [HikariPool-1 housekeeper] com.zaxxer.hikari.pool.HikariPool        : HikariPool-1 - Fill pool skipped, pool has sufficient level or currently being filled (queueDepth=0).
2026-09-02T16:01:45.460+05:00 DEBUG 1848 --- [HikariPool-1 housekeeper] com.zaxxer.hikari.pool.HikariPool        : HikariPool-1 - Pool stats (total=10, active=0, idle=10, waiting=0)
2026-09-02T16:01:45.467+05:00 DEBUG 1848 --- [HikariPool-1 housekeeper] com.zaxxer.hikari.pool.HikariPool        : HikariPool-1 - Fill pool skipped, pool has sufficient level or currently being filled (queueDepth=0).
2026-09-02T16:02:15.480+05:00 DEBUG 1848 --- [HikariPool-1 housekeeper] com.zaxxer.hikari.pool.HikariPool        : HikariPool-1 - Pool stats (total=10, active=0, idle=10, waiting=0)
2026-09-02T16:02:15.480+05:00 DEBUG 1848 --- [HikariPool-1 housekeeper] com.zaxxer.hikari.pool.HikariPool        : HikariPool-1 - Fill pool skipped, pool has sufficient level or currently being filled (queueDepth=0).
2026-09-02T16:02:45.481+05:00 DEBUG 1848 --- [HikariPool-1 housekeeper] com.zaxxer.hikari.pool.HikariPool        : HikariPool-1 - Pool stats (total=10, active=0, idle=10, waiting=0)
2026-09-02T16:02:45.483+05:00 DEBUG 1848 --- [HikariPool-1 housekeeper] com.zaxxer.hikari.pool.HikariPool        : HikariPool-1 - Fill pool skipped, pool has sufficient level or currently being filled (queueDepth=0).
2026-09-02T16:03:15.497+05:00 DEBUG 1848 --- [HikariPool-1 housekeeper] com.zaxxer.hikari.pool.HikariPool        : HikariPool-1 - Pool stats (total=10, active=0, idle=10, waiting=0)
2026-09-02T16:03:15.497+05:00 DEBUG 1848 --- [HikariPool-1 housekeeper] com.zaxxer.hikari.pool.HikariPool        : HikariPool-1 - Fill pool skipped, pool has sufficient level or currently being filled (queueDepth=0).
2026-09-02T16:03:45.512+05:00 DEBUG 1848 --- [HikariPool-1 housekeeper] com.zaxxer.hikari.pool.HikariPool        : HikariPool-1 - Pool stats (total=10, active=0, idle=10, waiting=0)
2026-09-02T16:03:45.512+05:00 DEBUG 1848 --- [HikariPool-1 housekeeper] com.zaxxer.hikari.pool.HikariPool        : HikariPool-1 - Fill pool skipped, pool has sufficient level or currently being filled (queueDepth=0).
2026-09-02T16:04:15.513+05:00 DEBUG 1848 --- [HikariPool-1 housekeeper] com.zaxxer.hikari.pool.HikariPool        : HikariPool-1 - Pool stats (total=10, active=0, idle=10, waiting=0)
2026-09-02T16:04:15.514+05:00 DEBUG 1848 --- [HikariPool-1 housekeeper] com.zaxxer.hikari.pool.HikariPool        : HikariPool-1 - Fill pool skipped, pool has sufficient level or currently being filled (queueDepth=0).
2026-09-02T16:04:45.524+05:00 DEBUG 1848 --- [HikariPool-1 housekeeper] com.zaxxer.hikari.pool.HikariPool        : HikariPool-1 - Pool stats (total=10, active=0, idle=10, waiting=0)
2026-09-02T16:04:45.524+05:00 DEBUG 1848 --- [HikariPool-1 housekeeper] com.zaxxer.hikari.pool.HikariPool        : HikariPool-1 - Fill pool skipped, pool has sufficient level or currently being filled (queueDepth=0).
2026-09-02T16:05:15.539+05:00 DEBUG 1848 --- [HikariPool-1 housekeeper] com.zaxxer.hikari.pool.HikariPool        : HikariPool-1 - Pool stats (total=10, active=0, idle=10, waiting=0)
2026-09-02T16:05:15.540+05:00 DEBUG 1848 --- [HikariPool-1 housekeeper] com.zaxxer.hikari.pool.HikariPool        : HikariPool-1 - Fill pool skipped, pool has sufficient level or currently being filled (queueDepth=0).
2026-09-02T16:05:45.553+05:00 DEBUG 1848 --- [HikariPool-1 housekeeper] com.zaxxer.hikari.pool.HikariPool        : HikariPool-1 - Pool stats (total=10, active=0, idle=10, waiting=0)
2026-09-02T16:05:45.553+05:00 DEBUG 1848 --- [HikariPool-1 housekeeper] com.zaxxer.hikari.pool.HikariPool        : HikariPool-1 - Fill pool skipped, pool has sufficient level or currently being filled (queueDepth=0).
2026-09-02T16:06:15.555+05:00 DEBUG 1848 --- [HikariPool-1 housekeeper] com.zaxxer.hikari.pool.HikariPool        : HikariPool-1 - Pool stats (total=10, active=0, idle=10, waiting=0)
2026-09-02T16:06:15.555+05:00 DEBUG 1848 --- [HikariPool-1 housekeeper] com.zaxxer.hikari.pool.HikariPool        : HikariPool-1 - Fill pool skipped, pool has sufficient level or currently being filled (queueDepth=0).
2026-09-02T16:06:45.558+05:00 DEBUG 1848 --- [HikariPool-1 housekeeper] com.zaxxer.hikari.pool.HikariPool        : HikariPool-1 - Pool stats (total=10, active=0, idle=10, waiting=0)
2026-09-02T16:06:45.559+05:00 DEBUG 1848 --- [HikariPool-1 housekeeper] com.zaxxer.hikari.pool.HikariPool        : HikariPool-1 - Fill pool skipped, pool has sufficient level or currently being filled (queueDepth=0).
2026-09-02T16:07:15.574+05:00 DEBUG 1848 --- [HikariPool-1 housekeeper] com.zaxxer.hikari.pool.HikariPool        : HikariPool-1 - Pool stats (total=10, active=0, idle=10, waiting=0)
2026-09-02T16:07:15.574+05:00 DEBUG 1848 --- [HikariPool-1 housekeeper] com.zaxxer.hikari.pool.HikariPool        : HikariPool-1 - Fill pool skipped, pool has sufficient level or currently being filled (queueDepth=0).
2026-09-02T16:07:45.587+05:00 DEBUG 1848 --- [HikariPool-1 housekeeper] com.zaxxer.hikari.pool.HikariPool        : HikariPool-1 - Pool stats (total=10, active=0, idle=10, waiting=0)
2026-09-02T16:07:45.588+05:00 DEBUG 1848 --- [HikariPool-1 housekeeper] com.zaxxer.hikari.pool.HikariPool        : HikariPool-1 - Fill pool skipped, pool has sufficient level or currently being filled (queueDepth=0).
2026-09-02T16:08:15.600+05:00 DEBUG 1848 --- [HikariPool-1 housekeeper] com.zaxxer.hikari.pool.HikariPool        : HikariPool-1 - Pool stats (total=10, active=0, idle=10, waiting=0)
2026-09-02T16:08:15.600+05:00 DEBUG 1848 --- [HikariPool-1 housekeeper] com.zaxxer.hikari.pool.HikariPool        : HikariPool-1 - Fill pool skipped, pool has sufficient level or currently being filled (queueDepth=0).
2026-09-02T16:08:45.602+05:00 DEBUG 1848 --- [HikariPool-1 housekeeper] com.zaxxer.hikari.pool.HikariPool        : HikariPool-1 - Pool stats (total=10, active=0, idle=10, waiting=0)
2026-09-02T16:08:45.603+05:00 DEBUG 1848 --- [HikariPool-1 housekeeper] com.zaxxer.hikari.pool.HikariPool        : HikariPool-1 - Fill pool skipped, pool has sufficient level or currently being filled (queueDepth=0).
2026-09-02T16:09:15.615+05:00 DEBUG 1848 --- [HikariPool-1 housekeeper] com.zaxxer.hikari.pool.HikariPool        : HikariPool-1 - Pool stats (total=10, active=0, idle=10, waiting=0)
2026-09-02T16:09:15.615+05:00 DEBUG 1848 --- [HikariPool-1 housekeeper] com.zaxxer.hikari.pool.HikariPool        : HikariPool-1 - Fill pool skipped, pool has sufficient level or currently being filled (queueDepth=0).
2026-09-02T16:09:45.627+05:00 DEBUG 1848 --- [HikariPool-1 housekeeper] com.zaxxer.hikari.pool.HikariPool        : HikariPool-1 - Pool stats (total=10, active=0, idle=10, waiting=0)
2026-09-02T16:09:45.627+05:00 DEBUG 1848 --- [HikariPool-1 housekeeper] com.zaxxer.hikari.pool.HikariPool        : HikariPool-1 - Fill pool skipped, pool has sufficient level or currently being filled (queueDepth=0).
2026-09-02T16:10:15.630+05:00 DEBUG 1848 --- [HikariPool-1 housekeeper] com.zaxxer.hikari.pool.HikariPool        : HikariPool-1 - Pool stats (total=10, active=0, idle=10, waiting=0)
2026-09-02T16:10:15.630+05:00 DEBUG 1848 --- [HikariPool-1 housekeeper] com.zaxxer.hikari.pool.HikariPool        : HikariPool-1 - Fill pool skipped, pool has sufficient level or currently being filled (queueDepth=0).
2026-09-02T16:10:45.631+05:00 DEBUG 1848 --- [HikariPool-1 housekeeper] com.zaxxer.hikari.pool.HikariPool        : HikariPool-1 - Pool stats (total=10, active=0, idle=10, waiting=0)
2026-09-02T16:10:45.631+05:00 DEBUG 1848 --- [HikariPool-1 housekeeper] com.zaxxer.hikari.pool.HikariPool        : HikariPool-1 - Fill pool skipped, pool has sufficient level or currently being filled (queueDepth=0).
2026-09-02T16:11:15.632+05:00 DEBUG 1848 --- [HikariPool-1 housekeeper] com.zaxxer.hikari.pool.HikariPool        : HikariPool-1 - Pool stats (total=10, active=0, idle=10, waiting=0)
2026-09-02T16:11:15.632+05:00 DEBUG 1848 --- [HikariPool-1 housekeeper] com.zaxxer.hikari.pool.HikariPool        : HikariPool-1 - Fill pool skipped, pool has sufficient level or currently being filled (queueDepth=0).
2026-09-02T16:11:45.635+05:00 DEBUG 1848 --- [HikariPool-1 housekeeper] com.zaxxer.hikari.pool.HikariPool        : HikariPool-1 - Pool stats (total=10, active=0, idle=10, waiting=0)
2026-09-02T16:11:45.635+05:00 DEBUG 1848 --- [HikariPool-1 housekeeper] com.zaxxer.hikari.pool.HikariPool        : HikariPool-1 - Fill pool skipped, pool has sufficient level or currently being filled (queueDepth=0).
2026-09-02T16:12:15.645+05:00 DEBUG 1848 --- [HikariPool-1 housekeeper] com.zaxxer.hikari.pool.HikariPool        : HikariPool-1 - Pool stats (total=10, active=0, idle=10, waiting=0)
2026-09-02T16:12:15.645+05:00 DEBUG 1848 --- [HikariPool-1 housekeeper] com.zaxxer.hikari.pool.HikariPool        : HikariPool-1 - Fill pool skipped, pool has sufficient level or currently being filled (queueDepth=0).
2026-09-02T16:12:45.656+05:00 DEBUG 1848 --- [HikariPool-1 housekeeper] com.zaxxer.hikari.pool.HikariPool        : HikariPool-1 - Pool stats (total=10, active=0, idle=10, waiting=0)
2026-09-02T16:12:45.656+05:00 DEBUG 1848 --- [HikariPool-1 housekeeper] com.zaxxer.hikari.pool.HikariPool        : HikariPool-1 - Fill pool skipped, pool has sufficient level or currently being filled (queueDepth=0).
2026-09-02T16:13:15.656+05:00 DEBUG 1848 --- [HikariPool-1 housekeeper] com.zaxxer.hikari.pool.HikariPool        : HikariPool-1 - Pool stats (total=10, active=0, idle=10, waiting=0)
2026-09-02T16:13:15.656+05:00 DEBUG 1848 --- [HikariPool-1 housekeeper] com.zaxxer.hikari.pool.HikariPool        : HikariPool-1 - Fill pool skipped, pool has sufficient level or currently being filled (queueDepth=0).
2026-09-02T16:13:45.661+05:00 DEBUG 1848 --- [HikariPool-1 housekeeper] com.zaxxer.hikari.pool.HikariPool        : HikariPool-1 - Pool stats (total=10, active=0, idle=10, waiting=0)
2026-09-02T16:13:45.661+05:00 DEBUG 1848 --- [HikariPool-1 housekeeper] com.zaxxer.hikari.pool.HikariPool        : HikariPool-1 - Fill pool skipped, pool has sufficient level or currently being filled (queueDepth=0).
2026-09-02T16:14:15.670+05:00 DEBUG 1848 --- [HikariPool-1 housekeeper] com.zaxxer.hikari.pool.HikariPool        : HikariPool-1 - Pool stats (total=10, active=0, idle=10, waiting=0)
2026-09-02T16:14:15.670+05:00 DEBUG 1848 --- [HikariPool-1 housekeeper] com.zaxxer.hikari.pool.HikariPool        : HikariPool-1 - Fill pool skipped, pool has sufficient level or currently being filled (queueDepth=0).
2026-09-02T16:14:45.680+05:00 DEBUG 1848 --- [HikariPool-1 housekeeper] com.zaxxer.hikari.pool.HikariPool        : HikariPool-1 - Pool stats (total=10, active=0, idle=10, waiting=0)
2026-09-02T16:14:45.681+05:00 DEBUG 1848 --- [HikariPool-1 housekeeper] com.zaxxer.hikari.pool.HikariPool        : HikariPool-1 - Fill pool skipped, pool has sufficient level or currently being filled (queueDepth=0).
2026-09-02T16:15:15.683+05:00 DEBUG 1848 --- [HikariPool-1 housekeeper] com.zaxxer.hikari.pool.HikariPool        : HikariPool-1 - Pool stats (total=10, active=0, idle=10, waiting=0)
2026-09-02T16:15:15.683+05:00 DEBUG 1848 --- [HikariPool-1 housekeeper] com.zaxxer.hikari.pool.HikariPool        : HikariPool-1 - Fill pool skipped, pool has sufficient level or currently being filled (queueDepth=0).
2026-09-02T16:15:45.697+05:00 DEBUG 1848 --- [HikariPool-1 housekeeper] com.zaxxer.hikari.pool.HikariPool        : HikariPool-1 - Pool stats (total=10, active=0, idle=10, waiting=0)
2026-09-02T16:15:45.701+05:00 DEBUG 1848 --- [HikariPool-1 housekeeper] com.zaxxer.hikari.pool.HikariPool        : HikariPool-1 - Fill pool skipped, pool has sufficient level or currently being filled (queueDepth=0).
2026-09-02T16:16:15.715+05:00 DEBUG 1848 --- [HikariPool-1 housekeeper] com.zaxxer.hikari.pool.HikariPool        : HikariPool-1 - Pool stats (total=10, active=0, idle=10, waiting=0)
2026-09-02T16:16:15.715+05:00 DEBUG 1848 --- [HikariPool-1 housekeeper] com.zaxxer.hikari.pool.HikariPool        : HikariPool-1 - Fill pool skipped, pool has sufficient level or currently being filled (queueDepth=0).
2026-09-02T16:16:45.718+05:00 DEBUG 1848 --- [HikariPool-1 housekeeper] com.zaxxer.hikari.pool.HikariPool        : HikariPool-1 - Pool stats (total=10, active=0, idle=10, waiting=0)
2026-09-02T16:16:45.718+05:00 DEBUG 1848 --- [HikariPool-1 housekeeper] com.zaxxer.hikari.pool.HikariPool        : HikariPool-1 - Fill pool skipped, pool has sufficient level or currently being filled (queueDepth=0).
2026-09-02T16:17:15.726+05:00 DEBUG 1848 --- [HikariPool-1 housekeeper] com.zaxxer.hikari.pool.HikariPool        : HikariPool-1 - Pool stats (total=10, active=0, idle=10, waiting=0)
2026-09-02T16:17:15.726+05:00 DEBUG 1848 --- [HikariPool-1 housekeeper] com.zaxxer.hikari.pool.HikariPool        : HikariPool-1 - Fill pool skipped, pool has sufficient level or currently being filled (queueDepth=0).
2026-09-02T16:17:45.739+05:00 DEBUG 1848 --- [HikariPool-1 housekeeper] com.zaxxer.hikari.pool.HikariPool        : HikariPool-1 - Pool stats (total=10, active=0, idle=10, waiting=0)
2026-09-02T16:17:45.739+05:00 DEBUG 1848 --- [HikariPool-1 housekeeper] com.zaxxer.hikari.pool.HikariPool        : HikariPool-1 - Fill pool skipped, pool has sufficient level or currently being filled (queueDepth=0).
2026-09-02T16:18:15.753+05:00 DEBUG 1848 --- [HikariPool-1 housekeeper] com.zaxxer.hikari.pool.HikariPool        : HikariPool-1 - Pool stats (total=10, active=0, idle=10, waiting=0)
2026-09-02T16:18:15.753+05:00 DEBUG 1848 --- [HikariPool-1 housekeeper] com.zaxxer.hikari.pool.HikariPool        : HikariPool-1 - Fill pool skipped, pool has sufficient level or currently being filled (queueDepth=0).
2026-09-02T16:18:45.755+05:00 DEBUG 1848 --- [HikariPool-1 housekeeper] com.zaxxer.hikari.pool.HikariPool        : HikariPool-1 - Pool stats (total=10, active=0, idle=10, waiting=0)
2026-09-02T16:18:45.759+05:00 DEBUG 1848 --- [HikariPool-1 housekeeper] com.zaxxer.hikari.pool.HikariPool        : HikariPool-1 - Fill pool skipped, pool has sufficient level or currently being filled (queueDepth=0).
2026-09-02T16:19:15.762+05:00 DEBUG 1848 --- [HikariPool-1 housekeeper] com.zaxxer.hikari.pool.HikariPool        : HikariPool-1 - Pool stats (total=10, active=0, idle=10, waiting=0)
2026-09-02T16:19:15.762+05:00 DEBUG 1848 --- [HikariPool-1 housekeeper] com.zaxxer.hikari.pool.HikariPool        : HikariPool-1 - Fill pool skipped, pool has sufficient level or currently being filled (queueDepth=0).
2026-09-02T16:19:45.775+05:00 DEBUG 1848 --- [HikariPool-1 housekeeper] com.zaxxer.hikari.pool.HikariPool        : HikariPool-1 - Pool stats (total=10, active=0, idle=10, waiting=0)
2026-09-02T16:19:45.775+05:00 DEBUG 1848 --- [HikariPool-1 housekeeper] com.zaxxer.hikari.pool.HikariPool        : HikariPool-1 - Fill pool skipped, pool has sufficient level or currently being filled (queueDepth=0).
2026-09-02T16:20:15.777+05:00 DEBUG 1848 --- [HikariPool-1 housekeeper] com.zaxxer.hikari.pool.HikariPool        : HikariPool-1 - Pool stats (total=10, active=0, idle=10, waiting=0)
2026-09-02T16:20:15.777+05:00 DEBUG 1848 --- [HikariPool-1 housekeeper] com.zaxxer.hikari.pool.HikariPool        : HikariPool-1 - Fill pool skipped, pool has sufficient level or currently being filled (queueDepth=0).
2026-09-02T16:20:45.779+05:00 DEBUG 1848 --- [HikariPool-1 housekeeper] com.zaxxer.hikari.pool.HikariPool        : HikariPool-1 - Pool stats (total=10, active=0, idle=10, waiting=0)
2026-09-02T16:20:45.780+05:00 DEBUG 1848 --- [HikariPool-1 housekeeper] com.zaxxer.hikari.pool.HikariPool        : HikariPool-1 - Fill pool skipped, pool has sufficient level or currently being filled (queueDepth=0).
2026-09-02T16:21:15.789+05:00 DEBUG 1848 --- [HikariPool-1 housekeeper] com.zaxxer.hikari.pool.HikariPool        : HikariPool-1 - Pool stats (total=10, active=0, idle=10, waiting=0)
2026-09-02T16:21:15.790+05:00 DEBUG 1848 --- [HikariPool-1 housekeeper] com.zaxxer.hikari.pool.HikariPool        : HikariPool-1 - Fill pool skipped, pool has sufficient level or currently being filled (queueDepth=0).
2026-09-02T16:21:45.804+05:00 DEBUG 1848 --- [HikariPool-1 housekeeper] com.zaxxer.hikari.pool.HikariPool        : HikariPool-1 - Pool stats (total=10, active=0, idle=10, waiting=0)
2026-09-02T16:21:45.805+05:00 DEBUG 1848 --- [HikariPool-1 housekeeper] com.zaxxer.hikari.pool.HikariPool        : HikariPool-1 - Fill pool skipped, pool has sufficient level or currently being filled (queueDepth=0).
2026-09-02T16:22:15.817+05:00 DEBUG 1848 --- [HikariPool-1 housekeeper] com.zaxxer.hikari.pool.HikariPool        : HikariPool-1 - Pool stats (total=10, active=0, idle=10, waiting=0)
2026-09-02T16:22:15.817+05:00 DEBUG 1848 --- [HikariPool-1 housekeeper] com.zaxxer.hikari.pool.HikariPool        : HikariPool-1 - Fill pool skipped, pool has sufficient level or currently being filled (queueDepth=0).
2026-09-02T16:22:45.832+05:00 DEBUG 1848 --- [HikariPool-1 housekeeper] com.zaxxer.hikari.pool.HikariPool        : HikariPool-1 - Pool stats (total=10, active=0, idle=10, waiting=0)
2026-09-02T16:22:45.832+05:00 DEBUG 1848 --- [HikariPool-1 housekeeper] com.zaxxer.hikari.pool.HikariPool        : HikariPool-1 - Fill pool skipped, pool has sufficient level or currently being filled (queueDepth=0).
2026-09-02T16:23:15.833+05:00 DEBUG 1848 --- [HikariPool-1 housekeeper] com.zaxxer.hikari.pool.HikariPool        : HikariPool-1 - Pool stats (total=10, active=0, idle=10, waiting=0)
2026-09-02T16:23:15.833+05:00 DEBUG 1848 --- [HikariPool-1 housekeeper] com.zaxxer.hikari.pool.HikariPool        : HikariPool-1 - Fill pool skipped, pool has sufficient level or currently being filled (queueDepth=0).
2026-09-02T16:23:45.845+05:00 DEBUG 1848 --- [HikariPool-1 housekeeper] com.zaxxer.hikari.pool.HikariPool        : HikariPool-1 - Pool stats (total=10, active=0, idle=10, waiting=0)
2026-09-02T16:23:45.846+05:00 DEBUG 1848 --- [HikariPool-1 housekeeper] com.zaxxer.hikari.pool.HikariPool        : HikariPool-1 - Fill pool skipped, pool has sufficient level or currently being filled (queueDepth=0).
2026-09-02T16:24:15.857+05:00 DEBUG 1848 --- [HikariPool-1 housekeeper] com.zaxxer.hikari.pool.HikariPool        : HikariPool-1 - Pool stats (total=10, active=0, idle=10, waiting=0)
2026-09-02T16:24:15.857+05:00 DEBUG 1848 --- [HikariPool-1 housekeeper] com.zaxxer.hikari.pool.HikariPool        : HikariPool-1 - Fill pool skipped, pool has sufficient level or currently being filled (queueDepth=0).
2026-09-02T16:24:45.873+05:00 DEBUG 1848 --- [HikariPool-1 housekeeper] com.zaxxer.hikari.pool.HikariPool        : HikariPool-1 - Pool stats (total=10, active=0, idle=10, waiting=0)
2026-09-02T16:24:45.874+05:00 DEBUG 1848 --- [HikariPool-1 housekeeper] com.zaxxer.hikari.pool.HikariPool        : HikariPool-1 - Fill pool skipped, pool has sufficient level or currently being filled (queueDepth=0).
2026-09-02T16:25:12.766+05:00 DEBUG 1848 --- [HikariPool-1 connection closer] com.zaxxer.hikari.pool.PoolBase          : HikariPool-1 - Closing connection com.mysql.cj.jdbc.ConnectionImpl@e50a356: (connection has passed maxLifetime)
2026-09-02T16:25:12.841+05:00 DEBUG 1848 --- [HikariPool-1 connection adder] com.zaxxer.hikari.pool.HikariPool        : HikariPool-1 - Added connection com.mysql.cj.jdbc.ConnectionImpl@f1e3176
2026-09-02T16:25:15.887+05:00 DEBUG 1848 --- [HikariPool-1 housekeeper] com.zaxxer.hikari.pool.HikariPool        : HikariPool-1 - Pool stats (total=10, active=0, idle=10, waiting=0)
2026-09-02T16:25:15.887+05:00 DEBUG 1848 --- [HikariPool-1 housekeeper] com.zaxxer.hikari.pool.HikariPool        : HikariPool-1 - Fill pool skipped, pool has sufficient level or currently being filled (queueDepth=0).
2026-09-02T16:25:34.696+05:00 DEBUG 1848 --- [HikariPool-1 connection closer] com.zaxxer.hikari.pool.PoolBase          : HikariPool-1 - Closing connection com.mysql.cj.jdbc.ConnectionImpl@d5a42fc: (connection has passed maxLifetime)
2026-09-02T16:25:34.701+05:00 DEBUG 1848 --- [HikariPool-1 connection adder] com.zaxxer.hikari.pool.HikariPool        : HikariPool-1 - Added connection com.mysql.cj.jdbc.ConnectionImpl@38c9d8ef
2026-09-02T16:25:45.896+05:00 DEBUG 1848 --- [HikariPool-1 housekeeper] com.zaxxer.hikari.pool.HikariPool        : HikariPool-1 - Pool stats (total=10, active=0, idle=10, waiting=0)
2026-09-02T16:25:45.896+05:00 DEBUG 1848 --- [HikariPool-1 housekeeper] com.zaxxer.hikari.pool.HikariPool        : HikariPool-1 - Fill pool skipped, pool has sufficient level or currently being filled (queueDepth=0).
2026-09-02T16:25:51.766+05:00 DEBUG 1848 --- [HikariPool-1 connection closer] com.zaxxer.hikari.pool.PoolBase          : HikariPool-1 - Closing connection com.mysql.cj.jdbc.ConnectionImpl@57b3f93c: (connection has passed maxLifetime)
2026-09-02T16:25:51.771+05:00 DEBUG 1848 --- [HikariPool-1 connection adder] com.zaxxer.hikari.pool.HikariPool        : HikariPool-1 - Added connection com.mysql.cj.jdbc.ConnectionImpl@51472c0b
2026-09-02T16:25:56.841+05:00 DEBUG 1848 --- [HikariPool-1 connection closer] com.zaxxer.hikari.pool.PoolBase          : HikariPool-1 - Closing connection com.mysql.cj.jdbc.ConnectionImpl@3647659f: (connection has passed maxLifetime)
2026-09-02T16:25:56.845+05:00 DEBUG 1848 --- [HikariPool-1 connection adder] com.zaxxer.hikari.pool.HikariPool        : HikariPool-1 - Added connection com.mysql.cj.jdbc.ConnectionImpl@6fdbf083
2026-09-02T16:25:59.081+05:00 DEBUG 1848 --- [HikariPool-1 connection closer] com.zaxxer.hikari.pool.PoolBase          : HikariPool-1 - Closing connection com.mysql.cj.jdbc.ConnectionImpl@168ef307: (connection has passed maxLifetime)
2026-09-02T16:25:59.085+05:00 DEBUG 1848 --- [HikariPool-1 connection adder] com.zaxxer.hikari.pool.HikariPool        : HikariPool-1 - Added connection com.mysql.cj.jdbc.ConnectionImpl@2ee6fab8
2026-09-02T16:25:59.207+05:00 DEBUG 1848 --- [HikariPool-1 connection closer] com.zaxxer.hikari.pool.PoolBase          : HikariPool-1 - Closing connection com.mysql.cj.jdbc.ConnectionImpl@24424b4e: (connection has passed maxLifetime)
2026-09-02T16:25:59.209+05:00 DEBUG 1848 --- [HikariPool-1 connection adder] com.zaxxer.hikari.pool.HikariPool        : HikariPool-1 - Added connection com.mysql.cj.jdbc.ConnectionImpl@1f8255a0
2026-09-02T16:25:59.503+05:00 DEBUG 1848 --- [HikariPool-1 connection closer] com.zaxxer.hikari.pool.PoolBase          : HikariPool-1 - Closing connection com.mysql.cj.jdbc.ConnectionImpl@3e4ba907: (connection has passed maxLifetime)
2026-09-02T16:25:59.506+05:00 DEBUG 1848 --- [HikariPool-1 connection adder] com.zaxxer.hikari.pool.HikariPool        : HikariPool-1 - Added connection com.mysql.cj.jdbc.ConnectionImpl@4ec905f7
2026-09-02T16:26:15.907+05:00 DEBUG 1848 --- [HikariPool-1 housekeeper] com.zaxxer.hikari.pool.HikariPool        : HikariPool-1 - Pool stats (total=10, active=0, idle=10, waiting=0)
2026-09-02T16:26:15.907+05:00 DEBUG 1848 --- [HikariPool-1 housekeeper] com.zaxxer.hikari.pool.HikariPool        : HikariPool-1 - Fill pool skipped, pool has sufficient level or currently being filled (queueDepth=0).
2026-09-02T16:26:22.990+05:00 DEBUG 1848 --- [HikariPool-1 connection closer] com.zaxxer.hikari.pool.PoolBase          : HikariPool-1 - Closing connection com.mysql.cj.jdbc.ConnectionImpl@51af0856: (connection has passed maxLifetime)
2026-09-02T16:26:22.996+05:00 DEBUG 1848 --- [HikariPool-1 connection adder] com.zaxxer.hikari.pool.HikariPool        : HikariPool-1 - Added connection com.mysql.cj.jdbc.ConnectionImpl@1cd7f255
2026-09-02T16:26:38.317+05:00 DEBUG 1848 --- [HikariPool-1 connection closer] com.zaxxer.hikari.pool.PoolBase          : HikariPool-1 - Closing connection com.mysql.cj.jdbc.ConnectionImpl@777a6fa4: (connection has passed maxLifetime)
2026-09-02T16:26:38.321+05:00 DEBUG 1848 --- [HikariPool-1 connection adder] com.zaxxer.hikari.pool.HikariPool        : HikariPool-1 - Added connection com.mysql.cj.jdbc.ConnectionImpl@2b3dea0a
2026-09-02T16:26:45.908+05:00 DEBUG 1848 --- [HikariPool-1 housekeeper] com.zaxxer.hikari.pool.HikariPool        : HikariPool-1 - Pool stats (total=10, active=0, idle=10, waiting=0)
2026-09-02T16:26:45.908+05:00 DEBUG 1848 --- [HikariPool-1 housekeeper] com.zaxxer.hikari.pool.HikariPool        : HikariPool-1 - Fill pool skipped, pool has sufficient level or currently being filled (queueDepth=0).
2026-09-02T16:26:53.026+05:00 DEBUG 1848 --- [HikariPool-1 connection closer] com.zaxxer.hikari.pool.PoolBase          : HikariPool-1 - Closing connection com.mysql.cj.jdbc.ConnectionImpl@1092026d: (connection has passed maxLifetime)
2026-09-02T16:26:53.030+05:00 DEBUG 1848 --- [HikariPool-1 connection adder] com.zaxxer.hikari.pool.HikariPool        : HikariPool-1 - Added connection com.mysql.cj.jdbc.ConnectionImpl@7f92f479
2026-09-02T16:27:15.911+05:00 DEBUG 1848 --- [HikariPool-1 housekeeper] com.zaxxer.hikari.pool.HikariPool        : HikariPool-1 - Pool stats (total=10, active=0, idle=10, waiting=0)
2026-09-02T16:27:15.911+05:00 DEBUG 1848 --- [HikariPool-1 housekeeper] com.zaxxer.hikari.pool.HikariPool        : HikariPool-1 - Fill pool skipped, pool has sufficient level or currently being filled (queueDepth=0).
2026-09-02T16:27:45.926+05:00 DEBUG 1848 --- [HikariPool-1 housekeeper] com.zaxxer.hikari.pool.HikariPool        : HikariPool-1 - Pool stats (total=10, active=0, idle=10, waiting=0)
2026-09-02T16:27:45.927+05:00 DEBUG 1848 --- [HikariPool-1 housekeeper] com.zaxxer.hikari.pool.HikariPool        : HikariPool-1 - Fill pool skipped, pool has sufficient level or currently being filled (queueDepth=0).
2026-09-02T16:28:15.930+05:00 DEBUG 1848 --- [HikariPool-1 housekeeper] com.zaxxer.hikari.pool.HikariPool        : HikariPool-1 - Pool stats (total=10, active=0, idle=10, waiting=0)
2026-09-02T16:28:15.931+05:00 DEBUG 1848 --- [HikariPool-1 housekeeper] com.zaxxer.hikari.pool.HikariPool        : HikariPool-1 - Fill pool skipped, pool has sufficient level or currently being filled (queueDepth=0).
2026-09-02T16:28:45.932+05:00 DEBUG 1848 --- [HikariPool-1 housekeeper] com.zaxxer.hikari.pool.HikariPool        : HikariPool-1 - Pool stats (total=10, active=0, idle=10, waiting=0)
2026-09-02T16:28:45.932+05:00 DEBUG 1848 --- [HikariPool-1 housekeeper] com.zaxxer.hikari.pool.HikariPool        : HikariPool-1 - Fill pool skipped, pool has sufficient level or currently being filled (queueDepth=0).
2026-09-02T16:29:15.939+05:00 DEBUG 1848 --- [HikariPool-1 housekeeper] com.zaxxer.hikari.pool.HikariPool        : HikariPool-1 - Pool stats (total=10, active=0, idle=10, waiting=0)
2026-09-02T16:29:15.939+05:00 DEBUG 1848 --- [HikariPool-1 housekeeper] com.zaxxer.hikari.pool.HikariPool        : HikariPool-1 - Fill pool skipped, pool has sufficient level or currently being filled (queueDepth=0).
2026-09-02T16:29:45.941+05:00 DEBUG 1848 --- [HikariPool-1 housekeeper] com.zaxxer.hikari.pool.HikariPool        : HikariPool-1 - Pool stats (total=10, active=0, idle=10, waiting=0)
2026-09-02T16:29:45.942+05:00 DEBUG 1848 --- [HikariPool-1 housekeeper] com.zaxxer.hikari.pool.HikariPool        : HikariPool-1 - Fill pool skipped, pool has sufficient level or currently being filled (queueDepth=0).
2026-09-02T16:30:15.947+05:00 DEBUG 1848 --- [HikariPool-1 housekeeper] com.zaxxer.hikari.pool.HikariPool        : HikariPool-1 - Pool stats (total=10, active=0, idle=10, waiting=0)
2026-09-02T16:30:15.947+05:00 DEBUG 1848 --- [HikariPool-1 housekeeper] com.zaxxer.hikari.pool.HikariPool        : HikariPool-1 - Fill pool skipped, pool has sufficient level or currently being filled (queueDepth=0).
2026-09-02T16:30:45.956+05:00 DEBUG 1848 --- [HikariPool-1 housekeeper] com.zaxxer.hikari.pool.HikariPool        : HikariPool-1 - Pool stats (total=10, active=0, idle=10, waiting=0)
2026-09-02T16:30:45.956+05:00 DEBUG 1848 --- [HikariPool-1 housekeeper] com.zaxxer.hikari.pool.HikariPool        : HikariPool-1 - Fill pool skipped, pool has sufficient level or currently being filled (queueDepth=0).
2026-09-02T16:31:15.960+05:00 DEBUG 1848 --- [HikariPool-1 housekeeper] com.zaxxer.hikari.pool.HikariPool        : HikariPool-1 - Pool stats (total=10, active=0, idle=10, waiting=0)
2026-09-02T16:31:15.960+05:00 DEBUG 1848 --- [HikariPool-1 housekeeper] com.zaxxer.hikari.pool.HikariPool        : HikariPool-1 - Fill pool skipped, pool has sufficient level or currently being filled (queueDepth=0).
2026-09-02T16:31:45.975+05:00 DEBUG 1848 --- [HikariPool-1 housekeeper] com.zaxxer.hikari.pool.HikariPool        : HikariPool-1 - Pool stats (total=10, active=0, idle=10, waiting=0)
2026-09-02T16:31:45.975+05:00 DEBUG 1848 --- [HikariPool-1 housekeeper] com.zaxxer.hikari.pool.HikariPool        : HikariPool-1 - Fill pool skipped, pool has sufficient level or currently being filled (queueDepth=0).
2026-09-02T16:32:15.979+05:00 DEBUG 1848 --- [HikariPool-1 housekeeper] com.zaxxer.hikari.pool.HikariPool        : HikariPool-1 - Pool stats (total=10, active=0, idle=10, waiting=0)
2026-09-02T16:32:15.979+05:00 DEBUG 1848 --- [HikariPool-1 housekeeper] com.zaxxer.hikari.pool.HikariPool        : HikariPool-1 - Fill pool skipped, pool has sufficient level or currently being filled (queueDepth=0).
2026-09-02T16:32:45.988+05:00 DEBUG 1848 --- [HikariPool-1 housekeeper] com.zaxxer.hikari.pool.HikariPool        : HikariPool-1 - Pool stats (total=10, active=0, idle=10, waiting=0)
2026-09-02T16:32:45.988+05:00 DEBUG 1848 --- [HikariPool-1 housekeeper] com.zaxxer.hikari.pool.HikariPool        : HikariPool-1 - Fill pool skipped, pool has sufficient level or currently being filled (queueDepth=0).
2026-09-02T16:33:15.991+05:00 DEBUG 1848 --- [HikariPool-1 housekeeper] com.zaxxer.hikari.pool.HikariPool        : HikariPool-1 - Pool stats (total=10, active=0, idle=10, waiting=0)
2026-09-02T16:33:15.992+05:00 DEBUG 1848 --- [HikariPool-1 housekeeper] com.zaxxer.hikari.pool.HikariPool        : HikariPool-1 - Fill pool skipped, pool has sufficient level or currently being filled (queueDepth=0).
2026-09-02T16:33:45.997+05:00 DEBUG 1848 --- [HikariPool-1 housekeeper] com.zaxxer.hikari.pool.HikariPool        : HikariPool-1 - Pool stats (total=10, active=0, idle=10, waiting=0)
2026-09-02T16:33:45.997+05:00 DEBUG 1848 --- [HikariPool-1 housekeeper] com.zaxxer.hikari.pool.HikariPool        : HikariPool-1 - Fill pool skipped, pool has sufficient level or currently being filled (queueDepth=0).
2026-09-02T16:34:16.011+05:00 DEBUG 1848 --- [HikariPool-1 housekeeper] com.zaxxer.hikari.pool.HikariPool        : HikariPool-1 - Pool stats (total=10, active=0, idle=10, waiting=0)
2026-09-02T16:34:16.011+05:00 DEBUG 1848 --- [HikariPool-1 housekeeper] com.zaxxer.hikari.pool.HikariPool        : HikariPool-1 - Fill pool skipped, pool has sufficient level or currently being filled (queueDepth=0).
2026-09-02T16:34:46.014+05:00 DEBUG 1848 --- [HikariPool-1 housekeeper] com.zaxxer.hikari.pool.HikariPool        : HikariPool-1 - Pool stats (total=10, active=0, idle=10, waiting=0)
2026-09-02T16:34:46.014+05:00 DEBUG 1848 --- [HikariPool-1 housekeeper] com.zaxxer.hikari.pool.HikariPool        : HikariPool-1 - Fill pool skipped, pool has sufficient level or currently being filled (queueDepth=0).
2026-09-02T16:35:16.026+05:00 DEBUG 1848 --- [HikariPool-1 housekeeper] com.zaxxer.hikari.pool.HikariPool        : HikariPool-1 - Pool stats (total=10, active=0, idle=10, waiting=0)
2026-09-02T16:35:16.026+05:00 DEBUG 1848 --- [HikariPool-1 housekeeper] com.zaxxer.hikari.pool.HikariPool        : HikariPool-1 - Fill pool skipped, pool has sufficient level or currently being filled (queueDepth=0).
2026-09-02T16:35:46.038+05:00 DEBUG 1848 --- [HikariPool-1 housekeeper] com.zaxxer.hikari.pool.HikariPool        : HikariPool-1 - Pool stats (total=10, active=0, idle=10, waiting=0)
2026-09-02T16:35:46.038+05:00 DEBUG 1848 --- [HikariPool-1 housekeeper] com.zaxxer.hikari.pool.HikariPool        : HikariPool-1 - Fill pool skipped, pool has sufficient level or currently being filled (queueDepth=0).
2026-09-02T16:36:16.043+05:00 DEBUG 1848 --- [HikariPool-1 housekeeper] com.zaxxer.hikari.pool.HikariPool        : HikariPool-1 - Pool stats (total=10, active=0, idle=10, waiting=0)
2026-09-02T16:36:16.043+05:00 DEBUG 1848 --- [HikariPool-1 housekeeper] com.zaxxer.hikari.pool.HikariPool        : HikariPool-1 - Fill pool skipped, pool has sufficient level or currently being filled (queueDepth=0).
2026-09-02T16:36:46.054+05:00 DEBUG 1848 --- [HikariPool-1 housekeeper] com.zaxxer.hikari.pool.HikariPool        : HikariPool-1 - Pool stats (total=10, active=0, idle=10, waiting=0)
2026-09-02T16:36:46.054+05:00 DEBUG 1848 --- [HikariPool-1 housekeeper] com.zaxxer.hikari.pool.HikariPool        : HikariPool-1 - Fill pool skipped, pool has sufficient level or currently being filled (queueDepth=0).
2026-09-02T16:37:16.071+05:00 DEBUG 1848 --- [HikariPool-1 housekeeper] com.zaxxer.hikari.pool.HikariPool        : HikariPool-1 - Pool stats (total=10, active=0, idle=10, waiting=0)
2026-09-02T16:37:16.071+05:00 DEBUG 1848 --- [HikariPool-1 housekeeper] com.zaxxer.hikari.pool.HikariPool        : HikariPool-1 - Fill pool skipped, pool has sufficient level or currently being filled (queueDepth=0).
2026-09-02T16:37:46.081+05:00 DEBUG 1848 --- [HikariPool-1 housekeeper] com.zaxxer.hikari.pool.HikariPool        : HikariPool-1 - Pool stats (total=10, active=0, idle=10, waiting=0)
2026-09-02T16:37:46.081+05:00 DEBUG 1848 --- [HikariPool-1 housekeeper] com.zaxxer.hikari.pool.HikariPool        : HikariPool-1 - Fill pool skipped, pool has sufficient level or currently being filled (queueDepth=0).
2026-09-02T16:38:16.085+05:00 DEBUG 1848 --- [HikariPool-1 housekeeper] com.zaxxer.hikari.pool.HikariPool        : HikariPool-1 - Pool stats (total=10, active=0, idle=10, waiting=0)
2026-09-02T16:38:16.087+05:00 DEBUG 1848 --- [HikariPool-1 housekeeper] com.zaxxer.hikari.pool.HikariPool        : HikariPool-1 - Fill pool skipped, pool has sufficient level or currently being filled (queueDepth=0).
2026-09-02T16:38:46.093+05:00 DEBUG 1848 --- [HikariPool-1 housekeeper] com.zaxxer.hikari.pool.HikariPool        : HikariPool-1 - Pool stats (total=10, active=0, idle=10, waiting=0)
2026-09-02T16:38:46.093+05:00 DEBUG 1848 --- [HikariPool-1 housekeeper] com.zaxxer.hikari.pool.HikariPool        : HikariPool-1 - Fill pool skipped, pool has sufficient level or currently being filled (queueDepth=0).
2026-09-02T16:39:16.099+05:00 DEBUG 1848 --- [HikariPool-1 housekeeper] com.zaxxer.hikari.pool.HikariPool        : HikariPool-1 - Pool stats (total=10, active=0, idle=10, waiting=0)
2026-09-02T16:39:16.100+05:00 DEBUG 1848 --- [HikariPool-1 housekeeper] com.zaxxer.hikari.pool.HikariPool        : HikariPool-1 - Fill pool skipped, pool has sufficient level or currently being filled (queueDepth=0).
2026-09-02T16:39:46.101+05:00 DEBUG 1848 --- [HikariPool-1 housekeeper] com.zaxxer.hikari.pool.HikariPool        : HikariPool-1 - Pool stats (total=10, active=0, idle=10, waiting=0)
2026-09-02T16:39:46.101+05:00 DEBUG 1848 --- [HikariPool-1 housekeeper] com.zaxxer.hikari.pool.HikariPool        : HikariPool-1 - Fill pool skipped, pool has sufficient level or currently being filled (queueDepth=0).
2026-09-02T16:40:16.114+05:00 DEBUG 1848 --- [HikariPool-1 housekeeper] com.zaxxer.hikari.pool.HikariPool        : HikariPool-1 - Pool stats (total=10, active=0, idle=10, waiting=0)
2026-09-02T16:40:16.114+05:00 DEBUG 1848 --- [HikariPool-1 housekeeper] com.zaxxer.hikari.pool.HikariPool        : HikariPool-1 - Fill pool skipped, pool has sufficient level or currently being filled (queueDepth=0).
2026-09-02T16:40:46.118+05:00 DEBUG 1848 --- [HikariPool-1 housekeeper] com.zaxxer.hikari.pool.HikariPool        : HikariPool-1 - Pool stats (total=10, active=0, idle=10, waiting=0)
2026-09-02T16:40:46.118+05:00 DEBUG 1848 --- [HikariPool-1 housekeeper] com.zaxxer.hikari.pool.HikariPool        : HikariPool-1 - Fill pool skipped, pool has sufficient level or currently being filled (queueDepth=0).
2026-09-02T16:41:16.132+05:00 DEBUG 1848 --- [HikariPool-1 housekeeper] com.zaxxer.hikari.pool.HikariPool        : HikariPool-1 - Pool stats (total=10, active=0, idle=10, waiting=0)
2026-09-02T16:41:16.132+05:00 DEBUG 1848 --- [HikariPool-1 housekeeper] com.zaxxer.hikari.pool.HikariPool        : HikariPool-1 - Fill pool skipped, pool has sufficient level or currently being filled (queueDepth=0).
2026-09-02T16:41:46.139+05:00 DEBUG 1848 --- [HikariPool-1 housekeeper] com.zaxxer.hikari.pool.HikariPool        : HikariPool-1 - Pool stats (total=10, active=0, idle=10, waiting=0)
2026-09-02T16:41:46.139+05:00 DEBUG 1848 --- [HikariPool-1 housekeeper] com.zaxxer.hikari.pool.HikariPool        : HikariPool-1 - Fill pool skipped, pool has sufficient level or currently being filled (queueDepth=0).
2026-09-02T16:42:16.153+05:00 DEBUG 1848 --- [HikariPool-1 housekeeper] com.zaxxer.hikari.pool.HikariPool        : HikariPool-1 - Pool stats (total=10, active=0, idle=10, waiting=0)
2026-09-02T16:42:16.154+05:00 DEBUG 1848 --- [HikariPool-1 housekeeper] com.zaxxer.hikari.pool.HikariPool        : HikariPool-1 - Fill pool skipped, pool has sufficient level or currently being filled (queueDepth=0).
2026-09-02T16:42:46.162+05:00 DEBUG 1848 --- [HikariPool-1 housekeeper] com.zaxxer.hikari.pool.HikariPool        : HikariPool-1 - Pool stats (total=10, active=0, idle=10, waiting=0)
2026-09-02T16:42:46.162+05:00 DEBUG 1848 --- [HikariPool-1 housekeeper] com.zaxxer.hikari.pool.HikariPool        : HikariPool-1 - Fill pool skipped, pool has sufficient level or currently being filled (queueDepth=0).
2026-09-02T16:43:16.173+05:00 DEBUG 1848 --- [HikariPool-1 housekeeper] com.zaxxer.hikari.pool.HikariPool        : HikariPool-1 - Pool stats (total=10, active=0, idle=10, waiting=0)
2026-09-02T16:43:16.174+05:00 DEBUG 1848 --- [HikariPool-1 housekeeper] com.zaxxer.hikari.pool.HikariPool        : HikariPool-1 - Fill pool skipped, pool has sufficient level or currently being filled (queueDepth=0).
2026-09-02T16:43:46.186+05:00 DEBUG 1848 --- [HikariPool-1 housekeeper] com.zaxxer.hikari.pool.HikariPool        : HikariPool-1 - Pool stats (total=10, active=0, idle=10, waiting=0)
2026-09-02T16:43:46.186+05:00 DEBUG 1848 --- [HikariPool-1 housekeeper] com.zaxxer.hikari.pool.HikariPool        : HikariPool-1 - Fill pool skipped, pool has sufficient level or currently being filled (queueDepth=0).
2026-09-02T16:44:16.199+05:00 DEBUG 1848 --- [HikariPool-1 housekeeper] com.zaxxer.hikari.pool.HikariPool        : HikariPool-1 - Pool stats (total=10, active=0, idle=10, waiting=0)
2026-09-02T16:44:16.199+05:00 DEBUG 1848 --- [HikariPool-1 housekeeper] com.zaxxer.hikari.pool.HikariPool        : HikariPool-1 - Fill pool skipped, pool has sufficient level or currently being filled (queueDepth=0).
2026-09-02T16:44:46.202+05:00 DEBUG 1848 --- [HikariPool-1 housekeeper] com.zaxxer.hikari.pool.HikariPool        : HikariPool-1 - Pool stats (total=10, active=0, idle=10, waiting=0)
2026-09-02T16:44:46.202+05:00 DEBUG 1848 --- [HikariPool-1 housekeeper] com.zaxxer.hikari.pool.HikariPool        : HikariPool-1 - Fill pool skipped, pool has sufficient level or currently being filled (queueDepth=0).
2026-09-02T16:45:16.214+05:00 DEBUG 1848 --- [HikariPool-1 housekeeper] com.zaxxer.hikari.pool.HikariPool        : HikariPool-1 - Pool stats (total=10, active=0, idle=10, waiting=0)
2026-09-02T16:45:16.214+05:00 DEBUG 1848 --- [HikariPool-1 housekeeper] com.zaxxer.hikari.pool.HikariPool        : HikariPool-1 - Fill pool skipped, pool has sufficient level or currently being filled (queueDepth=0).
2026-09-02T16:45:46.219+05:00 DEBUG 1848 --- [HikariPool-1 housekeeper] com.zaxxer.hikari.pool.HikariPool        : HikariPool-1 - Pool stats (total=10, active=0, idle=10, waiting=0)
2026-09-02T16:45:46.219+05:00 DEBUG 1848 --- [HikariPool-1 housekeeper] com.zaxxer.hikari.pool.HikariPool        : HikariPool-1 - Fill pool skipped, pool has sufficient level or currently being filled (queueDepth=0).
2026-09-02T16:46:16.220+05:00 DEBUG 1848 --- [HikariPool-1 housekeeper] com.zaxxer.hikari.pool.HikariPool        : HikariPool-1 - Pool stats (total=10, active=0, idle=10, waiting=0)
2026-09-02T16:46:16.220+05:00 DEBUG 1848 --- [HikariPool-1 housekeeper] com.zaxxer.hikari.pool.HikariPool        : HikariPool-1 - Fill pool skipped, pool has sufficient level or currently being filled (queueDepth=0).
2026-09-02T16:46:46.231+05:00 DEBUG 1848 --- [HikariPool-1 housekeeper] com.zaxxer.hikari.pool.HikariPool        : HikariPool-1 - Pool stats (total=10, active=0, idle=10, waiting=0)
2026-09-02T16:46:46.231+05:00 DEBUG 1848 --- [HikariPool-1 housekeeper] com.zaxxer.hikari.pool.HikariPool        : HikariPool-1 - Fill pool skipped, pool has sufficient level or currently being filled (queueDepth=0).
2026-09-02T16:47:16.237+05:00 DEBUG 1848 --- [HikariPool-1 housekeeper] com.zaxxer.hikari.pool.HikariPool        : HikariPool-1 - Pool stats (total=10, active=0, idle=10, waiting=0)
2026-09-02T16:47:16.238+05:00 DEBUG 1848 --- [HikariPool-1 housekeeper] com.zaxxer.hikari.pool.HikariPool        : HikariPool-1 - Fill pool skipped, pool has sufficient level or currently being filled (queueDepth=0).
2026-09-02T16:47:46.241+05:00 DEBUG 1848 --- [HikariPool-1 housekeeper] com.zaxxer.hikari.pool.HikariPool        : HikariPool-1 - Pool stats (total=10, active=0, idle=10, waiting=0)
2026-09-02T16:47:46.241+05:00 DEBUG 1848 --- [HikariPool-1 housekeeper] com.zaxxer.hikari.pool.HikariPool        : HikariPool-1 - Fill pool skipped, pool has sufficient level or currently being filled (queueDepth=0).
2026-09-02T16:48:16.254+05:00 DEBUG 1848 --- [HikariPool-1 housekeeper] com.zaxxer.hikari.pool.HikariPool        : HikariPool-1 - Pool stats (total=10, active=0, idle=10, waiting=0)
2026-09-02T16:48:16.254+05:00 DEBUG 1848 --- [HikariPool-1 housekeeper] com.zaxxer.hikari.pool.HikariPool        : HikariPool-1 - Fill pool skipped, pool has sufficient level or currently being filled (queueDepth=0).
2026-09-02T16:48:46.267+05:00 DEBUG 1848 --- [HikariPool-1 housekeeper] com.zaxxer.hikari.pool.HikariPool        : HikariPool-1 - Pool stats (total=10, active=0, idle=10, waiting=0)
2026-09-02T16:48:46.267+05:00 DEBUG 1848 --- [HikariPool-1 housekeeper] com.zaxxer.hikari.pool.HikariPool        : HikariPool-1 - Fill pool skipped, pool has sufficient level or currently being filled (queueDepth=0).
2026-09-02T16:49:16.277+05:00 DEBUG 1848 --- [HikariPool-1 housekeeper] com.zaxxer.hikari.pool.HikariPool        : HikariPool-1 - Pool stats (total=10, active=0, idle=10, waiting=0)
2026-09-02T16:49:16.277+05:00 DEBUG 1848 --- [HikariPool-1 housekeeper] com.zaxxer.hikari.pool.HikariPool        : HikariPool-1 - Fill pool skipped, pool has sufficient level or currently being filled (queueDepth=0).
2026-09-02T16:49:46.289+05:00 DEBUG 1848 --- [HikariPool-1 housekeeper] com.zaxxer.hikari.pool.HikariPool        : HikariPool-1 - Pool stats (total=10, active=0, idle=10, waiting=0)
2026-09-02T16:49:46.289+05:00 DEBUG 1848 --- [HikariPool-1 housekeeper] com.zaxxer.hikari.pool.HikariPool        : HikariPool-1 - Fill pool skipped, pool has sufficient level or currently being filled (queueDepth=0).
2026-09-02T16:50:16.304+05:00 DEBUG 1848 --- [HikariPool-1 housekeeper] com.zaxxer.hikari.pool.HikariPool        : HikariPool-1 - Pool stats (total=10, active=0, idle=10, waiting=0)
2026-09-02T16:50:16.304+05:00 DEBUG 1848 --- [HikariPool-1 housekeeper] com.zaxxer.hikari.pool.HikariPool        : HikariPool-1 - Fill pool skipped, pool has sufficient level or currently being filled (queueDepth=0).
2026-09-02T16:50:46.305+05:00 DEBUG 1848 --- [HikariPool-1 housekeeper] com.zaxxer.hikari.pool.HikariPool        : HikariPool-1 - Pool stats (total=10, active=0, idle=10, waiting=0)
2026-09-02T16:50:46.305+05:00 DEBUG 1848 --- [HikariPool-1 housekeeper] com.zaxxer.hikari.pool.HikariPool        : HikariPool-1 - Fill pool skipped, pool has sufficient level or currently being filled (queueDepth=0).
2026-09-02T16:51:16.316+05:00 DEBUG 1848 --- [HikariPool-1 housekeeper] com.zaxxer.hikari.pool.HikariPool        : HikariPool-1 - Pool stats (total=10, active=0, idle=10, waiting=0)
2026-09-02T16:51:16.317+05:00 DEBUG 1848 --- [HikariPool-1 housekeeper] com.zaxxer.hikari.pool.HikariPool        : HikariPool-1 - Fill pool skipped, pool has sufficient level or currently being filled (queueDepth=0).
2026-09-02T16:51:46.324+05:00 DEBUG 1848 --- [HikariPool-1 housekeeper] com.zaxxer.hikari.pool.HikariPool        : HikariPool-1 - Pool stats (total=10, active=0, idle=10, waiting=0)
2026-09-02T16:51:46.324+05:00 DEBUG 1848 --- [HikariPool-1 housekeeper] com.zaxxer.hikari.pool.HikariPool        : HikariPool-1 - Fill pool skipped, pool has sufficient level or currently being filled (queueDepth=0).
2026-09-02T16:52:16.338+05:00 DEBUG 1848 --- [HikariPool-1 housekeeper] com.zaxxer.hikari.pool.HikariPool        : HikariPool-1 - Pool stats (total=10, active=0, idle=10, waiting=0)
2026-09-02T16:52:16.338+05:00 DEBUG 1848 --- [HikariPool-1 housekeeper] com.zaxxer.hikari.pool.HikariPool        : HikariPool-1 - Fill pool skipped, pool has sufficient level or currently being filled (queueDepth=0).
2026-09-02T16:52:46.352+05:00 DEBUG 1848 --- [HikariPool-1 housekeeper] com.zaxxer.hikari.pool.HikariPool        : HikariPool-1 - Pool stats (total=10, active=0, idle=10, waiting=0)
2026-09-02T16:52:46.352+05:00 DEBUG 1848 --- [HikariPool-1 housekeeper] com.zaxxer.hikari.pool.HikariPool        : HikariPool-1 - Fill pool skipped, pool has sufficient level or currently being filled (queueDepth=0).
2026-09-02T16:53:16.366+05:00 DEBUG 1848 --- [HikariPool-1 housekeeper] com.zaxxer.hikari.pool.HikariPool        : HikariPool-1 - Pool stats (total=10, active=0, idle=10, waiting=0)
2026-09-02T16:53:16.366+05:00 DEBUG 1848 --- [HikariPool-1 housekeeper] com.zaxxer.hikari.pool.HikariPool        : HikariPool-1 - Fill pool skipped, pool has sufficient level or currently being filled (queueDepth=0).
2026-09-02T16:53:46.372+05:00 DEBUG 1848 --- [HikariPool-1 housekeeper] com.zaxxer.hikari.pool.HikariPool        : HikariPool-1 - Pool stats (total=10, active=0, idle=10, waiting=0)
2026-09-02T16:53:46.372+05:00 DEBUG 1848 --- [HikariPool-1 housekeeper] com.zaxxer.hikari.pool.HikariPool        : HikariPool-1 - Fill pool skipped, pool has sufficient level or currently being filled (queueDepth=0).
2026-09-02T16:54:16.375+05:00 DEBUG 1848 --- [HikariPool-1 housekeeper] com.zaxxer.hikari.pool.HikariPool        : HikariPool-1 - Pool stats (total=10, active=0, idle=10, waiting=0)
2026-09-02T16:54:16.375+05:00 DEBUG 1848 --- [HikariPool-1 housekeeper] com.zaxxer.hikari.pool.HikariPool        : HikariPool-1 - Fill pool skipped, pool has sufficient level or currently being filled (queueDepth=0).
2026-09-02T16:54:46.383+05:00 DEBUG 1848 --- [HikariPool-1 housekeeper] com.zaxxer.hikari.pool.HikariPool        : HikariPool-1 - Pool stats (total=10, active=0, idle=10, waiting=0)
2026-09-02T16:54:46.383+05:00 DEBUG 1848 --- [HikariPool-1 housekeeper] com.zaxxer.hikari.pool.HikariPool        : HikariPool-1 - Fill pool skipped, pool has sufficient level or currently being filled (queueDepth=0).
2026-09-02T16:55:03.803+05:00 DEBUG 1848 --- [HikariPool-1 connection closer] com.zaxxer.hikari.pool.PoolBase          : HikariPool-1 - Closing connection com.mysql.cj.jdbc.ConnectionImpl@f1e3176: (connection has passed maxLifetime)
2026-09-02T16:55:03.867+05:00 DEBUG 1848 --- [HikariPool-1 connection adder] com.zaxxer.hikari.pool.HikariPool        : HikariPool-1 - Added connection com.mysql.cj.jdbc.ConnectionImpl@577a19a8
2026-09-02T16:55:16.392+05:00 DEBUG 1848 --- [HikariPool-1 housekeeper] com.zaxxer.hikari.pool.HikariPool        : HikariPool-1 - Pool stats (total=10, active=0, idle=10, waiting=0)
2026-09-02T16:55:16.392+05:00 DEBUG 1848 --- [HikariPool-1 housekeeper] com.zaxxer.hikari.pool.HikariPool        : HikariPool-1 - Fill pool skipped, pool has sufficient level or currently being filled (queueDepth=0).
2026-09-02T16:55:25.846+05:00 DEBUG 1848 --- [HikariPool-1 connection closer] com.zaxxer.hikari.pool.PoolBase          : HikariPool-1 - Closing connection com.mysql.cj.jdbc.ConnectionImpl@6fdbf083: (connection has passed maxLifetime)
2026-09-02T16:55:25.854+05:00 DEBUG 1848 --- [HikariPool-1 connection adder] com.zaxxer.hikari.pool.HikariPool        : HikariPool-1 - Added connection com.mysql.cj.jdbc.ConnectionImpl@547957ab
2026-09-02T16:55:26.698+05:00 DEBUG 1848 --- [HikariPool-1 connection closer] com.zaxxer.hikari.pool.PoolBase          : HikariPool-1 - Closing connection com.mysql.cj.jdbc.ConnectionImpl@38c9d8ef: (connection has passed maxLifetime)
2026-09-02T16:55:26.701+05:00 DEBUG 1848 --- [HikariPool-1 connection adder] com.zaxxer.hikari.pool.HikariPool        : HikariPool-1 - Added connection com.mysql.cj.jdbc.ConnectionImpl@15445d90
2026-09-02T16:55:26.729+05:00 DEBUG 1848 --- [HikariPool-1 connection closer] com.zaxxer.hikari.pool.PoolBase          : HikariPool-1 - Closing connection com.mysql.cj.jdbc.ConnectionImpl@4ec905f7: (connection has passed maxLifetime)
2026-09-02T16:55:26.733+05:00 DEBUG 1848 --- [HikariPool-1 connection adder] com.zaxxer.hikari.pool.HikariPool        : HikariPool-1 - Added connection com.mysql.cj.jdbc.ConnectionImpl@249beb9a
2026-09-02T16:55:30.245+05:00 DEBUG 1848 --- [HikariPool-1 connection closer] com.zaxxer.hikari.pool.PoolBase          : HikariPool-1 - Closing connection com.mysql.cj.jdbc.ConnectionImpl@1f8255a0: (connection has passed maxLifetime)
2026-09-02T16:55:30.250+05:00 DEBUG 1848 --- [HikariPool-1 connection adder] com.zaxxer.hikari.pool.HikariPool        : HikariPool-1 - Added connection com.mysql.cj.jdbc.ConnectionImpl@756ba2df
2026-09-02T16:55:31.581+05:00 DEBUG 1848 --- [HikariPool-1 connection closer] com.zaxxer.hikari.pool.PoolBase          : HikariPool-1 - Closing connection com.mysql.cj.jdbc.ConnectionImpl@51472c0b: (connection has passed maxLifetime)
2026-09-02T16:55:31.583+05:00 DEBUG 1848 --- [HikariPool-1 connection adder] com.zaxxer.hikari.pool.HikariPool        : HikariPool-1 - Added connection com.mysql.cj.jdbc.ConnectionImpl@3d1eb5f6
2026-09-02T16:55:41.588+05:00 DEBUG 1848 --- [HikariPool-1 connection closer] com.zaxxer.hikari.pool.PoolBase          : HikariPool-1 - Closing connection com.mysql.cj.jdbc.ConnectionImpl@1cd7f255: (connection has passed maxLifetime)
2026-09-02T16:55:41.593+05:00 DEBUG 1848 --- [HikariPool-1 connection adder] com.zaxxer.hikari.pool.HikariPool        : HikariPool-1 - Added connection com.mysql.cj.jdbc.ConnectionImpl@7811e66a
2026-09-02T16:55:46.394+05:00 DEBUG 1848 --- [HikariPool-1 housekeeper] com.zaxxer.hikari.pool.HikariPool        : HikariPool-1 - Pool stats (total=10, active=0, idle=10, waiting=0)
2026-09-02T16:55:46.394+05:00 DEBUG 1848 --- [HikariPool-1 housekeeper] com.zaxxer.hikari.pool.HikariPool        : HikariPool-1 - Fill pool skipped, pool has sufficient level or currently being filled (queueDepth=0).
2026-09-02T16:55:54.358+05:00 DEBUG 1848 --- [HikariPool-1 connection closer] com.zaxxer.hikari.pool.PoolBase          : HikariPool-1 - Closing connection com.mysql.cj.jdbc.ConnectionImpl@2ee6fab8: (connection has passed maxLifetime)
2026-09-02T16:55:54.362+05:00 DEBUG 1848 --- [HikariPool-1 connection adder] com.zaxxer.hikari.pool.HikariPool        : HikariPool-1 - Added connection com.mysql.cj.jdbc.ConnectionImpl@2f295c7
2026-09-02T16:56:16.397+05:00 DEBUG 1848 --- [HikariPool-1 housekeeper] com.zaxxer.hikari.pool.HikariPool        : HikariPool-1 - Pool stats (total=10, active=0, idle=10, waiting=0)
2026-09-02T16:56:16.397+05:00 DEBUG 1848 --- [HikariPool-1 housekeeper] com.zaxxer.hikari.pool.HikariPool        : HikariPool-1 - Fill pool skipped, pool has sufficient level or currently being filled (queueDepth=0).
2026-09-02T16:56:20.735+05:00 DEBUG 1848 --- [HikariPool-1 connection closer] com.zaxxer.hikari.pool.PoolBase          : HikariPool-1 - Closing connection com.mysql.cj.jdbc.ConnectionImpl@2b3dea0a: (connection has passed maxLifetime)
2026-09-02T16:56:20.742+05:00 DEBUG 1848 --- [HikariPool-1 connection adder] com.zaxxer.hikari.pool.HikariPool        : HikariPool-1 - Added connection com.mysql.cj.jdbc.ConnectionImpl@1592e47c
2026-09-02T16:56:46.409+05:00 DEBUG 1848 --- [HikariPool-1 housekeeper] com.zaxxer.hikari.pool.HikariPool        : HikariPool-1 - Pool stats (total=10, active=0, idle=10, waiting=0)
2026-09-02T16:56:46.409+05:00 DEBUG 1848 --- [HikariPool-1 housekeeper] com.zaxxer.hikari.pool.HikariPool        : HikariPool-1 - Fill pool skipped, pool has sufficient level or currently being filled (queueDepth=0).
2026-09-02T16:56:50.764+05:00 DEBUG 1848 --- [HikariPool-1 connection closer] com.zaxxer.hikari.pool.PoolBase          : HikariPool-1 - Closing connection com.mysql.cj.jdbc.ConnectionImpl@7f92f479: (connection has passed maxLifetime)
2026-09-02T16:56:50.767+05:00 DEBUG 1848 --- [HikariPool-1 connection adder] com.zaxxer.hikari.pool.HikariPool        : HikariPool-1 - Added connection com.mysql.cj.jdbc.ConnectionImpl@4d546964
2026-09-02T16:57:16.425+05:00 DEBUG 1848 --- [HikariPool-1 housekeeper] com.zaxxer.hikari.pool.HikariPool        : HikariPool-1 - Pool stats (total=10, active=0, idle=10, waiting=0)
2026-09-02T16:57:16.425+05:00 DEBUG 1848 --- [HikariPool-1 housekeeper] com.zaxxer.hikari.pool.HikariPool        : HikariPool-1 - Fill pool skipped, pool has sufficient level or currently being filled (queueDepth=0).
2026-09-02T16:57:46.429+05:00 DEBUG 1848 --- [HikariPool-1 housekeeper] com.zaxxer.hikari.pool.HikariPool        : HikariPool-1 - Pool stats (total=10, active=0, idle=10, waiting=0)
2026-09-02T16:57:46.429+05:00 DEBUG 1848 --- [HikariPool-1 housekeeper] com.zaxxer.hikari.pool.HikariPool        : HikariPool-1 - Fill pool skipped, pool has sufficient level or currently being filled (queueDepth=0).
2026-09-02T16:58:16.437+05:00 DEBUG 1848 --- [HikariPool-1 housekeeper] com.zaxxer.hikari.pool.HikariPool        : HikariPool-1 - Pool stats (total=10, active=0, idle=10, waiting=0)
2026-09-02T16:58:16.437+05:00 DEBUG 1848 --- [HikariPool-1 housekeeper] com.zaxxer.hikari.pool.HikariPool        : HikariPool-1 - Fill pool skipped, pool has sufficient level or currently being filled (queueDepth=0).
2026-09-02T16:58:46.449+05:00 DEBUG 1848 --- [HikariPool-1 housekeeper] com.zaxxer.hikari.pool.HikariPool        : HikariPool-1 - Pool stats (total=10, active=0, idle=10, waiting=0)
2026-09-02T16:58:46.449+05:00 DEBUG 1848 --- [HikariPool-1 housekeeper] com.zaxxer.hikari.pool.HikariPool        : HikariPool-1 - Fill pool skipped, pool has sufficient level or currently being filled (queueDepth=0).
2026-09-02T16:59:16.464+05:00 DEBUG 1848 --- [HikariPool-1 housekeeper] com.zaxxer.hikari.pool.HikariPool        : HikariPool-1 - Pool stats (total=10, active=0, idle=10, waiting=0)
2026-09-02T16:59:16.464+05:00 DEBUG 1848 --- [HikariPool-1 housekeeper] com.zaxxer.hikari.pool.HikariPool        : HikariPool-1 - Fill pool skipped, pool has sufficient level or currently being filled (queueDepth=0).
2026-09-02T16:59:46.465+05:00 DEBUG 1848 --- [HikariPool-1 housekeeper] com.zaxxer.hikari.pool.HikariPool        : HikariPool-1 - Pool stats (total=10, active=0, idle=10, waiting=0)
2026-09-02T16:59:46.465+05:00 DEBUG 1848 --- [HikariPool-1 housekeeper] com.zaxxer.hikari.pool.HikariPool        : HikariPool-1 - Fill pool skipped, pool has sufficient level or currently being filled (queueDepth=0).
2026-09-02T17:00:16.465+05:00 DEBUG 1848 --- [HikariPool-1 housekeeper] com.zaxxer.hikari.pool.HikariPool        : HikariPool-1 - Pool stats (total=10, active=0, idle=10, waiting=0)
2026-09-02T17:00:16.465+05:00 DEBUG 1848 --- [HikariPool-1 housekeeper] com.zaxxer.hikari.pool.HikariPool        : HikariPool-1 - Fill pool skipped, pool has sufficient level or currently being filled (queueDepth=0).
2026-09-02T17:00:46.466+05:00 DEBUG 1848 --- [HikariPool-1 housekeeper] com.zaxxer.hikari.pool.HikariPool        : HikariPool-1 - Pool stats (total=10, active=0, idle=10, waiting=0)
2026-09-02T17:00:46.466+05:00 DEBUG 1848 --- [HikariPool-1 housekeeper] com.zaxxer.hikari.pool.HikariPool        : HikariPool-1 - Fill pool skipped, pool has sufficient level or currently being filled (queueDepth=0).
2026-09-02T17:01:16.468+05:00 DEBUG 1848 --- [HikariPool-1 housekeeper] com.zaxxer.hikari.pool.HikariPool        : HikariPool-1 - Pool stats (total=10, active=0, idle=10, waiting=0)
2026-09-02T17:01:16.468+05:00 DEBUG 1848 --- [HikariPool-1 housekeeper] com.zaxxer.hikari.pool.HikariPool        : HikariPool-1 - Fill pool skipped, pool has sufficient level or currently being filled (queueDepth=0).
2026-09-02T17:01:46.471+05:00 DEBUG 1848 --- [HikariPool-1 housekeeper] com.zaxxer.hikari.pool.HikariPool        : HikariPool-1 - Pool stats (total=10, active=0, idle=10, waiting=0)
2026-09-02T17:01:46.471+05:00 DEBUG 1848 --- [HikariPool-1 housekeeper] com.zaxxer.hikari.pool.HikariPool        : HikariPool-1 - Fill pool skipped, pool has sufficient level or currently being filled (queueDepth=0).
2026-09-02T17:02:16.481+05:00 DEBUG 1848 --- [HikariPool-1 housekeeper] com.zaxxer.hikari.pool.HikariPool        : HikariPool-1 - Pool stats (total=10, active=0, idle=10, waiting=0)
2026-09-02T17:02:16.481+05:00 DEBUG 1848 --- [HikariPool-1 housekeeper] com.zaxxer.hikari.pool.HikariPool        : HikariPool-1 - Fill pool skipped, pool has sufficient level or currently being filled (queueDepth=0).
2026-09-02T17:02:46.495+05:00 DEBUG 1848 --- [HikariPool-1 housekeeper] com.zaxxer.hikari.pool.HikariPool        : HikariPool-1 - Pool stats (total=10, active=0, idle=10, waiting=0)
2026-09-02T17:02:46.495+05:00 DEBUG 1848 --- [HikariPool-1 housekeeper] com.zaxxer.hikari.pool.HikariPool        : HikariPool-1 - Fill pool skipped, pool has sufficient level or currently being filled (queueDepth=0).
2026-09-02T17:03:16.498+05:00 DEBUG 1848 --- [HikariPool-1 housekeeper] com.zaxxer.hikari.pool.HikariPool        : HikariPool-1 - Pool stats (total=10, active=0, idle=10, waiting=0)
2026-09-02T17:03:16.498+05:00 DEBUG 1848 --- [HikariPool-1 housekeeper] com.zaxxer.hikari.pool.HikariPool        : HikariPool-1 - Fill pool skipped, pool has sufficient level or currently being filled (queueDepth=0).
2026-09-02T17:03:46.504+05:00 DEBUG 1848 --- [HikariPool-1 housekeeper] com.zaxxer.hikari.pool.HikariPool        : HikariPool-1 - Pool stats (total=10, active=0, idle=10, waiting=0)
2026-09-02T17:03:46.504+05:00 DEBUG 1848 --- [HikariPool-1 housekeeper] com.zaxxer.hikari.pool.HikariPool        : HikariPool-1 - Fill pool skipped, pool has sufficient level or currently being filled (queueDepth=0).
2026-09-02T17:04:16.516+05:00 DEBUG 1848 --- [HikariPool-1 housekeeper] com.zaxxer.hikari.pool.HikariPool        : HikariPool-1 - Pool stats (total=10, active=0, idle=10, waiting=0)
2026-09-02T17:04:16.516+05:00 DEBUG 1848 --- [HikariPool-1 housekeeper] com.zaxxer.hikari.pool.HikariPool        : HikariPool-1 - Fill pool skipped, pool has sufficient level or currently being filled (queueDepth=0).
2026-09-02T17:04:46.520+05:00 DEBUG 1848 --- [HikariPool-1 housekeeper] com.zaxxer.hikari.pool.HikariPool        : HikariPool-1 - Pool stats (total=10, active=0, idle=10, waiting=0)
2026-09-02T17:04:46.521+05:00 DEBUG 1848 --- [HikariPool-1 housekeeper] com.zaxxer.hikari.pool.HikariPool        : HikariPool-1 - Fill pool skipped, pool has sufficient level or currently being filled (queueDepth=0).
2026-09-02T17:05:16.533+05:00 DEBUG 1848 --- [HikariPool-1 housekeeper] com.zaxxer.hikari.pool.HikariPool        : HikariPool-1 - Pool stats (total=10, active=0, idle=10, waiting=0)
2026-09-02T17:05:16.533+05:00 DEBUG 1848 --- [HikariPool-1 housekeeper] com.zaxxer.hikari.pool.HikariPool        : HikariPool-1 - Fill pool skipped, pool has sufficient level or currently being filled (queueDepth=0).
2026-09-02T17:05:46.539+05:00 DEBUG 1848 --- [HikariPool-1 housekeeper] com.zaxxer.hikari.pool.HikariPool        : HikariPool-1 - Pool stats (total=10, active=0, idle=10, waiting=0)
2026-09-02T17:05:46.539+05:00 DEBUG 1848 --- [HikariPool-1 housekeeper] com.zaxxer.hikari.pool.HikariPool        : HikariPool-1 - Fill pool skipped, pool has sufficient level or currently being filled (queueDepth=0).
2026-09-02T17:06:16.552+05:00 DEBUG 1848 --- [HikariPool-1 housekeeper] com.zaxxer.hikari.pool.HikariPool        : HikariPool-1 - Pool stats (total=10, active=0, idle=10, waiting=0)
2026-09-02T17:06:16.552+05:00 DEBUG 1848 --- [HikariPool-1 housekeeper] com.zaxxer.hikari.pool.HikariPool        : HikariPool-1 - Fill pool skipped, pool has sufficient level or currently being filled (queueDepth=0).
2026-09-02T17:06:46.567+05:00 DEBUG 1848 --- [HikariPool-1 housekeeper] com.zaxxer.hikari.pool.HikariPool        : HikariPool-1 - Pool stats (total=10, active=0, idle=10, waiting=0)
2026-09-02T17:06:46.567+05:00 DEBUG 1848 --- [HikariPool-1 housekeeper] com.zaxxer.hikari.pool.HikariPool        : HikariPool-1 - Fill pool skipped, pool has sufficient level or currently being filled (queueDepth=0).
2026-09-02T17:07:16.577+05:00 DEBUG 1848 --- [HikariPool-1 housekeeper] com.zaxxer.hikari.pool.HikariPool        : HikariPool-1 - Pool stats (total=10, active=0, idle=10, waiting=0)
2026-09-02T17:07:16.577+05:00 DEBUG 1848 --- [HikariPool-1 housekeeper] com.zaxxer.hikari.pool.HikariPool        : HikariPool-1 - Fill pool skipped, pool has sufficient level or currently being filled (queueDepth=0).
2026-09-02T17:07:46.578+05:00 DEBUG 1848 --- [HikariPool-1 housekeeper] com.zaxxer.hikari.pool.HikariPool        : HikariPool-1 - Pool stats (total=10, active=0, idle=10, waiting=0)
2026-09-02T17:07:46.579+05:00 DEBUG 1848 --- [HikariPool-1 housekeeper] com.zaxxer.hikari.pool.HikariPool        : HikariPool-1 - Fill pool skipped, pool has sufficient level or currently being filled (queueDepth=0).
2026-09-02T17:08:16.580+05:00 DEBUG 1848 --- [HikariPool-1 housekeeper] com.zaxxer.hikari.pool.HikariPool        : HikariPool-1 - Pool stats (total=10, active=0, idle=10, waiting=0)
2026-09-02T17:08:16.581+05:00 DEBUG 1848 --- [HikariPool-1 housekeeper] com.zaxxer.hikari.pool.HikariPool        : HikariPool-1 - Fill pool skipped, pool has sufficient level or currently being filled (queueDepth=0).
2026-09-02T17:08:46.583+05:00 DEBUG 1848 --- [HikariPool-1 housekeeper] com.zaxxer.hikari.pool.HikariPool        : HikariPool-1 - Pool stats (total=10, active=0, idle=10, waiting=0)
2026-09-02T17:08:46.583+05:00 DEBUG 1848 --- [HikariPool-1 housekeeper] com.zaxxer.hikari.pool.HikariPool        : HikariPool-1 - Fill pool skipped, pool has sufficient level or currently being filled (queueDepth=0).
2026-09-02T17:09:16.594+05:00 DEBUG 1848 --- [HikariPool-1 housekeeper] com.zaxxer.hikari.pool.HikariPool        : HikariPool-1 - Pool stats (total=10, active=0, idle=10, waiting=0)
2026-09-02T17:09:16.594+05:00 DEBUG 1848 --- [HikariPool-1 housekeeper] com.zaxxer.hikari.pool.HikariPool        : HikariPool-1 - Fill pool skipped, pool has sufficient level or currently being filled (queueDepth=0).
2026-09-02T17:09:46.606+05:00 DEBUG 1848 --- [HikariPool-1 housekeeper] com.zaxxer.hikari.pool.HikariPool        : HikariPool-1 - Pool stats (total=10, active=0, idle=10, waiting=0)
2026-09-02T17:09:46.606+05:00 DEBUG 1848 --- [HikariPool-1 housekeeper] com.zaxxer.hikari.pool.HikariPool        : HikariPool-1 - Fill pool skipped, pool has sufficient level or currently being filled (queueDepth=0).
2026-09-02T17:10:16.608+05:00 DEBUG 1848 --- [HikariPool-1 housekeeper] com.zaxxer.hikari.pool.HikariPool        : HikariPool-1 - Pool stats (total=10, active=0, idle=10, waiting=0)
2026-09-02T17:10:16.609+05:00 DEBUG 1848 --- [HikariPool-1 housekeeper] com.zaxxer.hikari.pool.HikariPool        : HikariPool-1 - Fill pool skipped, pool has sufficient level or currently being filled (queueDepth=0).
2026-09-02T17:10:46.621+05:00 DEBUG 1848 --- [HikariPool-1 housekeeper] com.zaxxer.hikari.pool.HikariPool        : HikariPool-1 - Pool stats (total=10, active=0, idle=10, waiting=0)
2026-09-02T17:10:46.621+05:00 DEBUG 1848 --- [HikariPool-1 housekeeper] com.zaxxer.hikari.pool.HikariPool        : HikariPool-1 - Fill pool skipped, pool has sufficient level or currently being filled (queueDepth=0).
2026-09-02T17:11:16.627+05:00 DEBUG 1848 --- [HikariPool-1 housekeeper] com.zaxxer.hikari.pool.HikariPool        : HikariPool-1 - Pool stats (total=10, active=0, idle=10, waiting=0)
2026-09-02T17:11:16.627+05:00 DEBUG 1848 --- [HikariPool-1 housekeeper] com.zaxxer.hikari.pool.HikariPool        : HikariPool-1 - Fill pool skipped, pool has sufficient level or currently being filled (queueDepth=0).
2026-09-02T17:11:46.640+05:00 DEBUG 1848 --- [HikariPool-1 housekeeper] com.zaxxer.hikari.pool.HikariPool        : HikariPool-1 - Pool stats (total=10, active=0, idle=10, waiting=0)
2026-09-02T17:11:46.640+05:00 DEBUG 1848 --- [HikariPool-1 housekeeper] com.zaxxer.hikari.pool.HikariPool        : HikariPool-1 - Fill pool skipped, pool has sufficient level or currently being filled (queueDepth=0).
2026-09-02T17:12:16.652+05:00 DEBUG 1848 --- [HikariPool-1 housekeeper] com.zaxxer.hikari.pool.HikariPool        : HikariPool-1 - Pool stats (total=10, active=0, idle=10, waiting=0)
2026-09-02T17:12:16.652+05:00 DEBUG 1848 --- [HikariPool-1 housekeeper] com.zaxxer.hikari.pool.HikariPool        : HikariPool-1 - Fill pool skipped, pool has sufficient level or currently being filled (queueDepth=0).
2026-09-02T17:12:46.657+05:00 DEBUG 1848 --- [HikariPool-1 housekeeper] com.zaxxer.hikari.pool.HikariPool        : HikariPool-1 - Pool stats (total=10, active=0, idle=10, waiting=0)
2026-09-02T17:12:46.657+05:00 DEBUG 1848 --- [HikariPool-1 housekeeper] com.zaxxer.hikari.pool.HikariPool        : HikariPool-1 - Fill pool skipped, pool has sufficient level or currently being filled (queueDepth=0).
2026-09-02T17:13:16.667+05:00 DEBUG 1848 --- [HikariPool-1 housekeeper] com.zaxxer.hikari.pool.HikariPool        : HikariPool-1 - Pool stats (total=10, active=0, idle=10, waiting=0)
2026-09-02T17:13:16.667+05:00 DEBUG 1848 --- [HikariPool-1 housekeeper] com.zaxxer.hikari.pool.HikariPool        : HikariPool-1 - Fill pool skipped, pool has sufficient level or currently being filled (queueDepth=0).
2026-09-02T17:13:46.675+05:00 DEBUG 1848 --- [HikariPool-1 housekeeper] com.zaxxer.hikari.pool.HikariPool        : HikariPool-1 - Pool stats (total=10, active=0, idle=10, waiting=0)
2026-09-02T17:13:46.675+05:00 DEBUG 1848 --- [HikariPool-1 housekeeper] com.zaxxer.hikari.pool.HikariPool        : HikariPool-1 - Fill pool skipped, pool has sufficient level or currently being filled (queueDepth=0).
2026-09-02T17:14:16.683+05:00 DEBUG 1848 --- [HikariPool-1 housekeeper] com.zaxxer.hikari.pool.HikariPool        : HikariPool-1 - Pool stats (total=10, active=0, idle=10, waiting=0)
2026-09-02T17:14:16.684+05:00 DEBUG 1848 --- [HikariPool-1 housekeeper] com.zaxxer.hikari.pool.HikariPool        : HikariPool-1 - Fill pool skipped, pool has sufficient level or currently being filled (queueDepth=0).
2026-09-02T17:14:46.694+05:00 DEBUG 1848 --- [HikariPool-1 housekeeper] com.zaxxer.hikari.pool.HikariPool        : HikariPool-1 - Pool stats (total=10, active=0, idle=10, waiting=0)
2026-09-02T17:14:46.695+05:00 DEBUG 1848 --- [HikariPool-1 housekeeper] com.zaxxer.hikari.pool.HikariPool        : HikariPool-1 - Fill pool skipped, pool has sufficient level or currently being filled (queueDepth=0).
2026-09-02T17:15:16.704+05:00 DEBUG 1848 --- [HikariPool-1 housekeeper] com.zaxxer.hikari.pool.HikariPool        : HikariPool-1 - Pool stats (total=10, active=0, idle=10, waiting=0)
2026-09-02T17:15:16.704+05:00 DEBUG 1848 --- [HikariPool-1 housekeeper] com.zaxxer.hikari.pool.HikariPool        : HikariPool-1 - Fill pool skipped, pool has sufficient level or currently being filled (queueDepth=0).
2026-09-02T17:15:46.718+05:00 DEBUG 1848 --- [HikariPool-1 housekeeper] com.zaxxer.hikari.pool.HikariPool        : HikariPool-1 - Pool stats (total=10, active=0, idle=10, waiting=0)
2026-09-02T17:15:46.718+05:00 DEBUG 1848 --- [HikariPool-1 housekeeper] com.zaxxer.hikari.pool.HikariPool        : HikariPool-1 - Fill pool skipped, pool has sufficient level or currently being filled (queueDepth=0).
2026-09-02T17:16:16.725+05:00 DEBUG 1848 --- [HikariPool-1 housekeeper] com.zaxxer.hikari.pool.HikariPool        : HikariPool-1 - Pool stats (total=10, active=0, idle=10, waiting=0)
2026-09-02T17:16:16.725+05:00 DEBUG 1848 --- [HikariPool-1 housekeeper] com.zaxxer.hikari.pool.HikariPool        : HikariPool-1 - Fill pool skipped, pool has sufficient level or currently being filled (queueDepth=0).
2026-09-02T17:16:46.729+05:00 DEBUG 1848 --- [HikariPool-1 housekeeper] com.zaxxer.hikari.pool.HikariPool        : HikariPool-1 - Pool stats (total=10, active=0, idle=10, waiting=0)
2026-09-02T17:16:46.730+05:00 DEBUG 1848 --- [HikariPool-1 housekeeper] com.zaxxer.hikari.pool.HikariPool        : HikariPool-1 - Fill pool skipped, pool has sufficient level or currently being filled (queueDepth=0).
2026-09-02T17:17:16.741+05:00 DEBUG 1848 --- [HikariPool-1 housekeeper] com.zaxxer.hikari.pool.HikariPool        : HikariPool-1 - Pool stats (total=10, active=0, idle=10, waiting=0)
2026-09-02T17:17:16.741+05:00 DEBUG 1848 --- [HikariPool-1 housekeeper] com.zaxxer.hikari.pool.HikariPool        : HikariPool-1 - Fill pool skipped, pool has sufficient level or currently being filled (queueDepth=0).
2026-09-02T17:17:46.752+05:00 DEBUG 1848 --- [HikariPool-1 housekeeper] com.zaxxer.hikari.pool.HikariPool        : HikariPool-1 - Pool stats (total=10, active=0, idle=10, waiting=0)
2026-09-02T17:17:46.753+05:00 DEBUG 1848 --- [HikariPool-1 housekeeper] com.zaxxer.hikari.pool.HikariPool        : HikariPool-1 - Fill pool skipped, pool has sufficient level or currently being filled (queueDepth=0).
2026-09-02T17:18:16.767+05:00 DEBUG 1848 --- [HikariPool-1 housekeeper] com.zaxxer.hikari.pool.HikariPool        : HikariPool-1 - Pool stats (total=10, active=0, idle=10, waiting=0)
2026-09-02T17:18:16.767+05:00 DEBUG 1848 --- [HikariPool-1 housekeeper] com.zaxxer.hikari.pool.HikariPool        : HikariPool-1 - Fill pool skipped, pool has sufficient level or currently being filled (queueDepth=0).
2026-09-02T17:18:46.775+05:00 DEBUG 1848 --- [HikariPool-1 housekeeper] com.zaxxer.hikari.pool.HikariPool        : HikariPool-1 - Pool stats (total=10, active=0, idle=10, waiting=0)
2026-09-02T17:18:46.775+05:00 DEBUG 1848 --- [HikariPool-1 housekeeper] com.zaxxer.hikari.pool.HikariPool        : HikariPool-1 - Fill pool skipped, pool has sufficient level or currently being filled (queueDepth=0).
2026-09-02T17:19:16.785+05:00 DEBUG 1848 --- [HikariPool-1 housekeeper] com.zaxxer.hikari.pool.HikariPool        : HikariPool-1 - Pool stats (total=10, active=0, idle=10, waiting=0)
2026-09-02T17:19:16.785+05:00 DEBUG 1848 --- [HikariPool-1 housekeeper] com.zaxxer.hikari.pool.HikariPool        : HikariPool-1 - Fill pool skipped, pool has sufficient level or currently being filled (queueDepth=0).
2026-09-02T17:19:46.802+05:00 DEBUG 1848 --- [HikariPool-1 housekeeper] com.zaxxer.hikari.pool.HikariPool        : HikariPool-1 - Pool stats (total=10, active=0, idle=10, waiting=0)
2026-09-02T17:19:46.802+05:00 DEBUG 1848 --- [HikariPool-1 housekeeper] com.zaxxer.hikari.pool.HikariPool        : HikariPool-1 - Fill pool skipped, pool has sufficient level or currently being filled (queueDepth=0).
2026-09-02T17:20:16.803+05:00 DEBUG 1848 --- [HikariPool-1 housekeeper] com.zaxxer.hikari.pool.HikariPool        : HikariPool-1 - Pool stats (total=10, active=0, idle=10, waiting=0)
2026-09-02T17:20:16.804+05:00 DEBUG 1848 --- [HikariPool-1 housekeeper] com.zaxxer.hikari.pool.HikariPool        : HikariPool-1 - Fill pool skipped, pool has sufficient level or currently being filled (queueDepth=0).
2026-09-02T17:20:46.814+05:00 DEBUG 1848 --- [HikariPool-1 housekeeper] com.zaxxer.hikari.pool.HikariPool        : HikariPool-1 - Pool stats (total=10, active=0, idle=10, waiting=0)
2026-09-02T17:20:46.814+05:00 DEBUG 1848 --- [HikariPool-1 housekeeper] com.zaxxer.hikari.pool.HikariPool        : HikariPool-1 - Fill pool skipped, pool has sufficient level or currently being filled (queueDepth=0).
2026-09-02T17:21:16.830+05:00 DEBUG 1848 --- [HikariPool-1 housekeeper] com.zaxxer.hikari.pool.HikariPool        : HikariPool-1 - Pool stats (total=10, active=0, idle=10, waiting=0)
2026-09-02T17:21:16.830+05:00 DEBUG 1848 --- [HikariPool-1 housekeeper] com.zaxxer.hikari.pool.HikariPool        : HikariPool-1 - Fill pool skipped, pool has sufficient level or currently being filled (queueDepth=0).
2026-09-02T17:21:46.833+05:00 DEBUG 1848 --- [HikariPool-1 housekeeper] com.zaxxer.hikari.pool.HikariPool        : HikariPool-1 - Pool stats (total=10, active=0, idle=10, waiting=0)
2026-09-02T17:21:46.835+05:00 DEBUG 1848 --- [HikariPool-1 housekeeper] com.zaxxer.hikari.pool.HikariPool        : HikariPool-1 - Fill pool skipped, pool has sufficient level or currently being filled (queueDepth=0).
2026-09-02T17:22:16.849+05:00 DEBUG 1848 --- [HikariPool-1 housekeeper] com.zaxxer.hikari.pool.HikariPool        : HikariPool-1 - Pool stats (total=10, active=0, idle=10, waiting=0)
2026-09-02T17:22:16.849+05:00 DEBUG 1848 --- [HikariPool-1 housekeeper] com.zaxxer.hikari.pool.HikariPool        : HikariPool-1 - Fill pool skipped, pool has sufficient level or currently being filled (queueDepth=0).
2026-09-02T17:22:46.853+05:00 DEBUG 1848 --- [HikariPool-1 housekeeper] com.zaxxer.hikari.pool.HikariPool        : HikariPool-1 - Pool stats (total=10, active=0, idle=10, waiting=0)
2026-09-02T17:22:46.853+05:00 DEBUG 1848 --- [HikariPool-1 housekeeper] com.zaxxer.hikari.pool.HikariPool        : HikariPool-1 - Fill pool skipped, pool has sufficient level or currently being filled (queueDepth=0).
2026-09-02T17:23:16.857+05:00 DEBUG 1848 --- [HikariPool-1 housekeeper] com.zaxxer.hikari.pool.HikariPool        : HikariPool-1 - Pool stats (total=10, active=0, idle=10, waiting=0)
2026-09-02T17:23:16.857+05:00 DEBUG 1848 --- [HikariPool-1 housekeeper] com.zaxxer.hikari.pool.HikariPool        : HikariPool-1 - Fill pool skipped, pool has sufficient level or currently being filled (queueDepth=0).
2026-09-02T17:23:46.862+05:00 DEBUG 1848 --- [HikariPool-1 housekeeper] com.zaxxer.hikari.pool.HikariPool        : HikariPool-1 - Pool stats (total=10, active=0, idle=10, waiting=0)
2026-09-02T17:23:46.863+05:00 DEBUG 1848 --- [HikariPool-1 housekeeper] com.zaxxer.hikari.pool.HikariPool        : HikariPool-1 - Fill pool skipped, pool has sufficient level or currently being filled (queueDepth=0).
2026-09-02T17:24:16.865+05:00 DEBUG 1848 --- [HikariPool-1 housekeeper] com.zaxxer.hikari.pool.HikariPool        : HikariPool-1 - Pool stats (total=10, active=0, idle=10, waiting=0)
2026-09-02T17:24:16.865+05:00 DEBUG 1848 --- [HikariPool-1 housekeeper] com.zaxxer.hikari.pool.HikariPool        : HikariPool-1 - Fill pool skipped, pool has sufficient level or currently being filled (queueDepth=0).
2026-09-02T17:24:43.137+05:00 DEBUG 1848 --- [HikariPool-1 connection closer] com.zaxxer.hikari.pool.PoolBase          : HikariPool-1 - Closing connection com.mysql.cj.jdbc.ConnectionImpl@15445d90: (connection has passed maxLifetime)
2026-09-02T17:24:43.191+05:00 DEBUG 1848 --- [HikariPool-1 connection adder] com.zaxxer.hikari.pool.HikariPool        : HikariPool-1 - Added connection com.mysql.cj.jdbc.ConnectionImpl@4e0afd8f
2026-09-02T17:24:46.877+05:00 DEBUG 1848 --- [HikariPool-1 housekeeper] com.zaxxer.hikari.pool.HikariPool        : HikariPool-1 - Pool stats (total=10, active=0, idle=10, waiting=0)
2026-09-02T17:24:46.877+05:00 DEBUG 1848 --- [HikariPool-1 housekeeper] com.zaxxer.hikari.pool.HikariPool        : HikariPool-1 - Fill pool skipped, pool has sufficient level or currently being filled (queueDepth=0).
2026-09-02T17:24:52.780+05:00 DEBUG 1848 --- [HikariPool-1 connection closer] com.zaxxer.hikari.pool.PoolBase          : HikariPool-1 - Closing connection com.mysql.cj.jdbc.ConnectionImpl@547957ab: (connection has passed maxLifetime)
2026-09-02T17:24:52.790+05:00 DEBUG 1848 --- [HikariPool-1 connection adder] com.zaxxer.hikari.pool.HikariPool        : HikariPool-1 - Added connection com.mysql.cj.jdbc.ConnectionImpl@45067b53
2026-09-02T17:24:57.596+05:00 DEBUG 1848 --- [HikariPool-1 connection closer] com.zaxxer.hikari.pool.PoolBase          : HikariPool-1 - Closing connection com.mysql.cj.jdbc.ConnectionImpl@577a19a8: (connection has passed maxLifetime)
2026-09-02T17:24:57.601+05:00 DEBUG 1848 --- [HikariPool-1 connection adder] com.zaxxer.hikari.pool.HikariPool        : HikariPool-1 - Added connection com.mysql.cj.jdbc.ConnectionImpl@43b7168
2026-09-02T17:24:58.048+05:00 DEBUG 1848 --- [HikariPool-1 connection closer] com.zaxxer.hikari.pool.PoolBase          : HikariPool-1 - Closing connection com.mysql.cj.jdbc.ConnectionImpl@249beb9a: (connection has passed maxLifetime)
2026-09-02T17:24:58.053+05:00 DEBUG 1848 --- [HikariPool-1 connection adder] com.zaxxer.hikari.pool.HikariPool        : HikariPool-1 - Added connection com.mysql.cj.jdbc.ConnectionImpl@35f5b12b
2026-09-02T17:25:04.147+05:00 DEBUG 1848 --- [HikariPool-1 connection closer] com.zaxxer.hikari.pool.PoolBase          : HikariPool-1 - Closing connection com.mysql.cj.jdbc.ConnectionImpl@756ba2df: (connection has passed maxLifetime)
2026-09-02T17:25:04.152+05:00 DEBUG 1848 --- [HikariPool-1 connection adder] com.zaxxer.hikari.pool.HikariPool        : HikariPool-1 - Added connection com.mysql.cj.jdbc.ConnectionImpl@76f48beb
2026-09-02T17:25:12.002+05:00 DEBUG 1848 --- [HikariPool-1 connection closer] com.zaxxer.hikari.pool.PoolBase          : HikariPool-1 - Closing connection com.mysql.cj.jdbc.ConnectionImpl@7811e66a: (connection has passed maxLifetime)
2026-09-02T17:25:12.008+05:00 DEBUG 1848 --- [HikariPool-1 connection adder] com.zaxxer.hikari.pool.HikariPool        : HikariPool-1 - Added connection com.mysql.cj.jdbc.ConnectionImpl@3d479423
2026-09-02T17:25:12.789+05:00 DEBUG 1848 --- [HikariPool-1 connection closer] com.zaxxer.hikari.pool.PoolBase          : HikariPool-1 - Closing connection com.mysql.cj.jdbc.ConnectionImpl@3d1eb5f6: (connection has passed maxLifetime)
2026-09-02T17:25:12.792+05:00 DEBUG 1848 --- [HikariPool-1 connection adder] com.zaxxer.hikari.pool.HikariPool        : HikariPool-1 - Added connection com.mysql.cj.jdbc.ConnectionImpl@7c7a9e18
2026-09-02T17:25:16.888+05:00 DEBUG 1848 --- [HikariPool-1 housekeeper] com.zaxxer.hikari.pool.HikariPool        : HikariPool-1 - Pool stats (total=10, active=0, idle=10, waiting=0)
2026-09-02T17:25:16.888+05:00 DEBUG 1848 --- [HikariPool-1 housekeeper] com.zaxxer.hikari.pool.HikariPool        : HikariPool-1 - Fill pool skipped, pool has sufficient level or currently being filled (queueDepth=0).
2026-09-02T17:25:18.528+05:00 DEBUG 1848 --- [HikariPool-1 connection closer] com.zaxxer.hikari.pool.PoolBase          : HikariPool-1 - Closing connection com.mysql.cj.jdbc.ConnectionImpl@2f295c7: (connection has passed maxLifetime)
2026-09-02T17:25:18.532+05:00 DEBUG 1848 --- [HikariPool-1 connection adder] com.zaxxer.hikari.pool.HikariPool        : HikariPool-1 - Added connection com.mysql.cj.jdbc.ConnectionImpl@4a808590
2026-09-02T17:25:46.900+05:00 DEBUG 1848 --- [HikariPool-1 housekeeper] com.zaxxer.hikari.pool.HikariPool        : HikariPool-1 - Pool stats (total=10, active=0, idle=10, waiting=0)
2026-09-02T17:25:46.900+05:00 DEBUG 1848 --- [HikariPool-1 housekeeper] com.zaxxer.hikari.pool.HikariPool        : HikariPool-1 - Fill pool skipped, pool has sufficient level or currently being filled (queueDepth=0).
2026-09-02T17:25:51.252+05:00 DEBUG 1848 --- [HikariPool-1 connection closer] com.zaxxer.hikari.pool.PoolBase          : HikariPool-1 - Closing connection com.mysql.cj.jdbc.ConnectionImpl@1592e47c: (connection has passed maxLifetime)
2026-09-02T17:25:51.259+05:00 DEBUG 1848 --- [HikariPool-1 connection adder] com.zaxxer.hikari.pool.HikariPool        : HikariPool-1 - Added connection com.mysql.cj.jdbc.ConnectionImpl@7d06039a
2026-09-02T17:26:16.904+05:00 DEBUG 1848 --- [HikariPool-1 housekeeper] com.zaxxer.hikari.pool.HikariPool        : HikariPool-1 - Pool stats (total=10, active=0, idle=10, waiting=0)
2026-09-02T17:26:16.906+05:00 DEBUG 1848 --- [HikariPool-1 housekeeper] com.zaxxer.hikari.pool.HikariPool        : HikariPool-1 - Fill pool skipped, pool has sufficient level or currently being filled (queueDepth=0).
2026-09-02T17:26:36.550+05:00 DEBUG 1848 --- [HikariPool-1 connection closer] com.zaxxer.hikari.pool.PoolBase          : HikariPool-1 - Closing connection com.mysql.cj.jdbc.ConnectionImpl@4d546964: (connection has passed maxLifetime)
2026-09-02T17:26:36.558+05:00 DEBUG 1848 --- [HikariPool-1 connection adder] com.zaxxer.hikari.pool.HikariPool        : HikariPool-1 - Added connection com.mysql.cj.jdbc.ConnectionImpl@1f96ae6c
2026-09-02T17:26:46.911+05:00 DEBUG 1848 --- [HikariPool-1 housekeeper] com.zaxxer.hikari.pool.HikariPool        : HikariPool-1 - Pool stats (total=10, active=0, idle=10, waiting=0)
2026-09-02T17:26:46.912+05:00 DEBUG 1848 --- [HikariPool-1 housekeeper] com.zaxxer.hikari.pool.HikariPool        : HikariPool-1 - Fill pool skipped, pool has sufficient level or currently being filled (queueDepth=0).
2026-09-02T17:27:16.926+05:00 DEBUG 1848 --- [HikariPool-1 housekeeper] com.zaxxer.hikari.pool.HikariPool        : HikariPool-1 - Pool stats (total=10, active=0, idle=10, waiting=0)
2026-09-02T17:27:16.927+05:00 DEBUG 1848 --- [HikariPool-1 housekeeper] com.zaxxer.hikari.pool.HikariPool        : HikariPool-1 - Fill pool skipped, pool has sufficient level or currently being filled (queueDepth=0).
2026-09-02T17:27:46.931+05:00 DEBUG 1848 --- [HikariPool-1 housekeeper] com.zaxxer.hikari.pool.HikariPool        : HikariPool-1 - Pool stats (total=10, active=0, idle=10, waiting=0)
2026-09-02T17:27:46.932+05:00 DEBUG 1848 --- [HikariPool-1 housekeeper] com.zaxxer.hikari.pool.HikariPool        : HikariPool-1 - Fill pool skipped, pool has sufficient level or currently being filled (queueDepth=0).
2026-09-02T17:28:16.946+05:00 DEBUG 1848 --- [HikariPool-1 housekeeper] com.zaxxer.hikari.pool.HikariPool        : HikariPool-1 - Pool stats (total=10, active=0, idle=10, waiting=0)
2026-09-02T17:28:16.946+05:00 DEBUG 1848 --- [HikariPool-1 housekeeper] com.zaxxer.hikari.pool.HikariPool        : HikariPool-1 - Fill pool skipped, pool has sufficient level or currently being filled (queueDepth=0).
2026-09-02T17:28:46.949+05:00 DEBUG 1848 --- [HikariPool-1 housekeeper] com.zaxxer.hikari.pool.HikariPool        : HikariPool-1 - Pool stats (total=10, active=0, idle=10, waiting=0)
2026-09-02T17:28:46.951+05:00 DEBUG 1848 --- [HikariPool-1 housekeeper] com.zaxxer.hikari.pool.HikariPool        : HikariPool-1 - Fill pool skipped, pool has sufficient level or currently being filled (queueDepth=0).
2026-09-02T17:29:16.964+05:00 DEBUG 1848 --- [HikariPool-1 housekeeper] com.zaxxer.hikari.pool.HikariPool        : HikariPool-1 - Pool stats (total=10, active=0, idle=10, waiting=0)
2026-09-02T17:29:16.965+05:00 DEBUG 1848 --- [HikariPool-1 housekeeper] com.zaxxer.hikari.pool.HikariPool        : HikariPool-1 - Fill pool skipped, pool has sufficient level or currently being filled (queueDepth=0).
2026-09-02T17:29:46.974+05:00 DEBUG 1848 --- [HikariPool-1 housekeeper] com.zaxxer.hikari.pool.HikariPool        : HikariPool-1 - Pool stats (total=10, active=0, idle=10, waiting=0)
2026-09-02T17:29:46.974+05:00 DEBUG 1848 --- [HikariPool-1 housekeeper] com.zaxxer.hikari.pool.HikariPool        : HikariPool-1 - Fill pool skipped, pool has sufficient level or currently being filled (queueDepth=0).
2026-09-02T17:30:16.976+05:00 DEBUG 1848 --- [HikariPool-1 housekeeper] com.zaxxer.hikari.pool.HikariPool        : HikariPool-1 - Pool stats (total=10, active=0, idle=10, waiting=0)
2026-09-02T17:30:16.976+05:00 DEBUG 1848 --- [HikariPool-1 housekeeper] com.zaxxer.hikari.pool.HikariPool        : HikariPool-1 - Fill pool skipped, pool has sufficient level or currently being filled (queueDepth=0).
2026-09-02T17:30:46.987+05:00 DEBUG 1848 --- [HikariPool-1 housekeeper] com.zaxxer.hikari.pool.HikariPool        : HikariPool-1 - Pool stats (total=10, active=0, idle=10, waiting=0)
2026-09-02T17:30:46.987+05:00 DEBUG 1848 --- [HikariPool-1 housekeeper] com.zaxxer.hikari.pool.HikariPool        : HikariPool-1 - Fill pool skipped, pool has sufficient level or currently being filled (queueDepth=0).
2026-09-02T17:31:16.999+05:00 DEBUG 1848 --- [HikariPool-1 housekeeper] com.zaxxer.hikari.pool.HikariPool        : HikariPool-1 - Pool stats (total=10, active=0, idle=10, waiting=0)
2026-09-02T17:31:16.999+05:00 DEBUG 1848 --- [HikariPool-1 housekeeper] com.zaxxer.hikari.pool.HikariPool        : HikariPool-1 - Fill pool skipped, pool has sufficient level or currently being filled (queueDepth=0).
2026-09-02T17:31:47.005+05:00 DEBUG 1848 --- [HikariPool-1 housekeeper] com.zaxxer.hikari.pool.HikariPool        : HikariPool-1 - Pool stats (total=10, active=0, idle=10, waiting=0)
2026-09-02T17:31:47.005+05:00 DEBUG 1848 --- [HikariPool-1 housekeeper] com.zaxxer.hikari.pool.HikariPool        : HikariPool-1 - Fill pool skipped, pool has sufficient level or currently being filled (queueDepth=0).
2026-09-02T17:32:17.018+05:00 DEBUG 1848 --- [HikariPool-1 housekeeper] com.zaxxer.hikari.pool.HikariPool        : HikariPool-1 - Pool stats (total=10, active=0, idle=10, waiting=0)
2026-09-02T17:32:17.018+05:00 DEBUG 1848 --- [HikariPool-1 housekeeper] com.zaxxer.hikari.pool.HikariPool        : HikariPool-1 - Fill pool skipped, pool has sufficient level or currently being filled (queueDepth=0).
2026-09-02T17:32:47.033+05:00 DEBUG 1848 --- [HikariPool-1 housekeeper] com.zaxxer.hikari.pool.HikariPool        : HikariPool-1 - Pool stats (total=10, active=0, idle=10, waiting=0)
2026-09-02T17:32:47.033+05:00 DEBUG 1848 --- [HikariPool-1 housekeeper] com.zaxxer.hikari.pool.HikariPool        : HikariPool-1 - Fill pool skipped, pool has sufficient level or currently being filled (queueDepth=0).
2026-09-02T17:33:17.035+05:00 DEBUG 1848 --- [HikariPool-1 housekeeper] com.zaxxer.hikari.pool.HikariPool        : HikariPool-1 - Pool stats (total=10, active=0, idle=10, waiting=0)
2026-09-02T17:33:17.035+05:00 DEBUG 1848 --- [HikariPool-1 housekeeper] com.zaxxer.hikari.pool.HikariPool        : HikariPool-1 - Fill pool skipped, pool has sufficient level or currently being filled (queueDepth=0).
2026-09-02T17:33:47.046+05:00 DEBUG 1848 --- [HikariPool-1 housekeeper] com.zaxxer.hikari.pool.HikariPool        : HikariPool-1 - Pool stats (total=10, active=0, idle=10, waiting=0)
2026-09-02T17:33:47.047+05:00 DEBUG 1848 --- [HikariPool-1 housekeeper] com.zaxxer.hikari.pool.HikariPool        : HikariPool-1 - Fill pool skipped, pool has sufficient level or currently being filled (queueDepth=0).
2026-09-02T17:34:17.050+05:00 DEBUG 1848 --- [HikariPool-1 housekeeper] com.zaxxer.hikari.pool.HikariPool        : HikariPool-1 - Pool stats (total=10, active=0, idle=10, waiting=0)
2026-09-02T17:34:17.050+05:00 DEBUG 1848 --- [HikariPool-1 housekeeper] com.zaxxer.hikari.pool.HikariPool        : HikariPool-1 - Fill pool skipped, pool has sufficient level or currently being filled (queueDepth=0).
2026-09-02T17:34:47.052+05:00 DEBUG 1848 --- [HikariPool-1 housekeeper] com.zaxxer.hikari.pool.HikariPool        : HikariPool-1 - Pool stats (total=10, active=0, idle=10, waiting=0)
2026-09-02T17:34:47.053+05:00 DEBUG 1848 --- [HikariPool-1 housekeeper] com.zaxxer.hikari.pool.HikariPool        : HikariPool-1 - Fill pool skipped, pool has sufficient level or currently being filled (queueDepth=0).
2026-09-02T17:35:17.057+05:00 DEBUG 1848 --- [HikariPool-1 housekeeper] com.zaxxer.hikari.pool.HikariPool        : HikariPool-1 - Pool stats (total=10, active=0, idle=10, waiting=0)
2026-09-02T17:35:17.057+05:00 DEBUG 1848 --- [HikariPool-1 housekeeper] com.zaxxer.hikari.pool.HikariPool        : HikariPool-1 - Fill pool skipped, pool has sufficient level or currently being filled (queueDepth=0).
2026-09-02T17:35:47.072+05:00 DEBUG 1848 --- [HikariPool-1 housekeeper] com.zaxxer.hikari.pool.HikariPool        : HikariPool-1 - Pool stats (total=10, active=0, idle=10, waiting=0)
2026-09-02T17:35:47.072+05:00 DEBUG 1848 --- [HikariPool-1 housekeeper] com.zaxxer.hikari.pool.HikariPool        : HikariPool-1 - Fill pool skipped, pool has sufficient level or currently being filled (queueDepth=0).
2026-09-02T17:36:17.074+05:00 DEBUG 1848 --- [HikariPool-1 housekeeper] com.zaxxer.hikari.pool.HikariPool        : HikariPool-1 - Pool stats (total=10, active=0, idle=10, waiting=0)
2026-09-02T17:36:17.074+05:00 DEBUG 1848 --- [HikariPool-1 housekeeper] com.zaxxer.hikari.pool.HikariPool        : HikariPool-1 - Fill pool skipped, pool has sufficient level or currently being filled (queueDepth=0).
2026-09-02T17:36:47.086+05:00 DEBUG 1848 --- [HikariPool-1 housekeeper] com.zaxxer.hikari.pool.HikariPool        : HikariPool-1 - Pool stats (total=10, active=0, idle=10, waiting=0)
2026-09-02T17:36:47.088+05:00 DEBUG 1848 --- [HikariPool-1 housekeeper] com.zaxxer.hikari.pool.HikariPool        : HikariPool-1 - Fill pool skipped, pool has sufficient level or currently being filled (queueDepth=0).
2026-09-02T17:37:17.094+05:00 DEBUG 1848 --- [HikariPool-1 housekeeper] com.zaxxer.hikari.pool.HikariPool        : HikariPool-1 - Pool stats (total=10, active=0, idle=10, waiting=0)
2026-09-02T17:37:17.094+05:00 DEBUG 1848 --- [HikariPool-1 housekeeper] com.zaxxer.hikari.pool.HikariPool        : HikariPool-1 - Fill pool skipped, pool has sufficient level or currently being filled (queueDepth=0).
2026-09-02T17:37:47.108+05:00 DEBUG 1848 --- [HikariPool-1 housekeeper] com.zaxxer.hikari.pool.HikariPool        : HikariPool-1 - Pool stats (total=10, active=0, idle=10, waiting=0)
2026-09-02T17:37:47.109+05:00 DEBUG 1848 --- [HikariPool-1 housekeeper] com.zaxxer.hikari.pool.HikariPool        : HikariPool-1 - Fill pool skipped, pool has sufficient level or currently being filled (queueDepth=0).
2026-09-02T17:38:17.111+05:00 DEBUG 1848 --- [HikariPool-1 housekeeper] com.zaxxer.hikari.pool.HikariPool        : HikariPool-1 - Pool stats (total=10, active=0, idle=10, waiting=0)
2026-09-02T17:38:17.111+05:00 DEBUG 1848 --- [HikariPool-1 housekeeper] com.zaxxer.hikari.pool.HikariPool        : HikariPool-1 - Fill pool skipped, pool has sufficient level or currently being filled (queueDepth=0).
2026-09-02T17:38:47.120+05:00 DEBUG 1848 --- [HikariPool-1 housekeeper] com.zaxxer.hikari.pool.HikariPool        : HikariPool-1 - Pool stats (total=10, active=0, idle=10, waiting=0)
2026-09-02T17:38:47.121+05:00 DEBUG 1848 --- [HikariPool-1 housekeeper] com.zaxxer.hikari.pool.HikariPool        : HikariPool-1 - Fill pool skipped, pool has sufficient level or currently being filled (queueDepth=0).
2026-09-02T17:39:17.130+05:00 DEBUG 1848 --- [HikariPool-1 housekeeper] com.zaxxer.hikari.pool.HikariPool        : HikariPool-1 - Pool stats (total=10, active=0, idle=10, waiting=0)
2026-09-02T17:39:17.130+05:00 DEBUG 1848 --- [HikariPool-1 housekeeper] com.zaxxer.hikari.pool.HikariPool        : HikariPool-1 - Fill pool skipped, pool has sufficient level or currently being filled (queueDepth=0).
2026-09-02T17:39:47.146+05:00 DEBUG 1848 --- [HikariPool-1 housekeeper] com.zaxxer.hikari.pool.HikariPool        : HikariPool-1 - Pool stats (total=10, active=0, idle=10, waiting=0)
2026-09-02T17:39:47.146+05:00 DEBUG 1848 --- [HikariPool-1 housekeeper] com.zaxxer.hikari.pool.HikariPool        : HikariPool-1 - Fill pool skipped, pool has sufficient level or currently being filled (queueDepth=0).
2026-09-02T17:40:17.150+05:00 DEBUG 1848 --- [HikariPool-1 housekeeper] com.zaxxer.hikari.pool.HikariPool        : HikariPool-1 - Pool stats (total=10, active=0, idle=10, waiting=0)
2026-09-02T17:40:17.150+05:00 DEBUG 1848 --- [HikariPool-1 housekeeper] com.zaxxer.hikari.pool.HikariPool        : HikariPool-1 - Fill pool skipped, pool has sufficient level or currently being filled (queueDepth=0).
2026-09-02T17:40:47.157+05:00 DEBUG 1848 --- [HikariPool-1 housekeeper] com.zaxxer.hikari.pool.HikariPool        : HikariPool-1 - Pool stats (total=10, active=0, idle=10, waiting=0)
2026-09-02T17:40:47.158+05:00 DEBUG 1848 --- [HikariPool-1 housekeeper] com.zaxxer.hikari.pool.HikariPool        : HikariPool-1 - Fill pool skipped, pool has sufficient level or currently being filled (queueDepth=0).
2026-09-02T17:41:17.170+05:00 DEBUG 1848 --- [HikariPool-1 housekeeper] com.zaxxer.hikari.pool.HikariPool        : HikariPool-1 - Pool stats (total=10, active=0, idle=10, waiting=0)
2026-09-02T17:41:17.170+05:00 DEBUG 1848 --- [HikariPool-1 housekeeper] com.zaxxer.hikari.pool.HikariPool        : HikariPool-1 - Fill pool skipped, pool has sufficient level or currently being filled (queueDepth=0).
2026-09-02T17:41:47.174+05:00 DEBUG 1848 --- [HikariPool-1 housekeeper] com.zaxxer.hikari.pool.HikariPool        : HikariPool-1 - Pool stats (total=10, active=0, idle=10, waiting=0)
2026-09-02T17:41:47.175+05:00 DEBUG 1848 --- [HikariPool-1 housekeeper] com.zaxxer.hikari.pool.HikariPool        : HikariPool-1 - Fill pool skipped, pool has sufficient level or currently being filled (queueDepth=0).
2026-09-02T17:42:17.182+05:00 DEBUG 1848 --- [HikariPool-1 housekeeper] com.zaxxer.hikari.pool.HikariPool        : HikariPool-1 - Pool stats (total=10, active=0, idle=10, waiting=0)
2026-09-02T17:42:17.182+05:00 DEBUG 1848 --- [HikariPool-1 housekeeper] com.zaxxer.hikari.pool.HikariPool        : HikariPool-1 - Fill pool skipped, pool has sufficient level or currently being filled (queueDepth=0).
2026-09-02T17:42:47.196+05:00 DEBUG 1848 --- [HikariPool-1 housekeeper] com.zaxxer.hikari.pool.HikariPool        : HikariPool-1 - Pool stats (total=10, active=0, idle=10, waiting=0)
2026-09-02T17:42:47.196+05:00 DEBUG 1848 --- [HikariPool-1 housekeeper] com.zaxxer.hikari.pool.HikariPool        : HikariPool-1 - Fill pool skipped, pool has sufficient level or currently being filled (queueDepth=0).
2026-09-02T17:43:17.199+05:00 DEBUG 1848 --- [HikariPool-1 housekeeper] com.zaxxer.hikari.pool.HikariPool        : HikariPool-1 - Pool stats (total=10, active=0, idle=10, waiting=0)
2026-09-02T17:43:17.199+05:00 DEBUG 1848 --- [HikariPool-1 housekeeper] com.zaxxer.hikari.pool.HikariPool        : HikariPool-1 - Fill pool skipped, pool has sufficient level or currently being filled (queueDepth=0).
2026-09-02T17:43:47.204+05:00 DEBUG 1848 --- [HikariPool-1 housekeeper] com.zaxxer.hikari.pool.HikariPool        : HikariPool-1 - Pool stats (total=10, active=0, idle=10, waiting=0)
2026-09-02T17:43:47.204+05:00 DEBUG 1848 --- [HikariPool-1 housekeeper] com.zaxxer.hikari.pool.HikariPool        : HikariPool-1 - Fill pool skipped, pool has sufficient level or currently being filled (queueDepth=0).
2026-09-02T17:44:17.216+05:00 DEBUG 1848 --- [HikariPool-1 housekeeper] com.zaxxer.hikari.pool.HikariPool        : HikariPool-1 - Pool stats (total=10, active=0, idle=10, waiting=0)
2026-09-02T17:44:17.216+05:00 DEBUG 1848 --- [HikariPool-1 housekeeper] com.zaxxer.hikari.pool.HikariPool        : HikariPool-1 - Fill pool skipped, pool has sufficient level or currently being filled (queueDepth=0).
2026-09-02T17:44:47.217+05:00 DEBUG 1848 --- [HikariPool-1 housekeeper] com.zaxxer.hikari.pool.HikariPool        : HikariPool-1 - Pool stats (total=10, active=0, idle=10, waiting=0)
2026-09-02T17:44:47.217+05:00 DEBUG 1848 --- [HikariPool-1 housekeeper] com.zaxxer.hikari.pool.HikariPool        : HikariPool-1 - Fill pool skipped, pool has sufficient level or currently being filled (queueDepth=0).
2026-09-02T17:45:17.232+05:00 DEBUG 1848 --- [HikariPool-1 housekeeper] com.zaxxer.hikari.pool.HikariPool        : HikariPool-1 - Pool stats (total=10, active=0, idle=10, waiting=0)
2026-09-02T17:45:17.233+05:00 DEBUG 1848 --- [HikariPool-1 housekeeper] com.zaxxer.hikari.pool.HikariPool        : HikariPool-1 - Fill pool skipped, pool has sufficient level or currently being filled (queueDepth=0).
2026-09-02T17:45:47.242+05:00 DEBUG 1848 --- [HikariPool-1 housekeeper] com.zaxxer.hikari.pool.HikariPool        : HikariPool-1 - Pool stats (total=10, active=0, idle=10, waiting=0)
2026-09-02T17:45:47.243+05:00 DEBUG 1848 --- [HikariPool-1 housekeeper] com.zaxxer.hikari.pool.HikariPool        : HikariPool-1 - Fill pool skipped, pool has sufficient level or currently being filled (queueDepth=0).
2026-09-02T17:46:17.250+05:00 DEBUG 1848 --- [HikariPool-1 housekeeper] com.zaxxer.hikari.pool.HikariPool        : HikariPool-1 - Pool stats (total=10, active=0, idle=10, waiting=0)
2026-09-02T17:46:17.250+05:00 DEBUG 1848 --- [HikariPool-1 housekeeper] com.zaxxer.hikari.pool.HikariPool        : HikariPool-1 - Fill pool skipped, pool has sufficient level or currently being filled (queueDepth=0).
2026-09-02T17:46:47.254+05:00 DEBUG 1848 --- [HikariPool-1 housekeeper] com.zaxxer.hikari.pool.HikariPool        : HikariPool-1 - Pool stats (total=10, active=0, idle=10, waiting=0)
2026-09-02T17:46:47.254+05:00 DEBUG 1848 --- [HikariPool-1 housekeeper] com.zaxxer.hikari.pool.HikariPool        : HikariPool-1 - Fill pool skipped, pool has sufficient level or currently being filled (queueDepth=0).
2026-09-02T17:47:17.267+05:00 DEBUG 1848 --- [HikariPool-1 housekeeper] com.zaxxer.hikari.pool.HikariPool        : HikariPool-1 - Pool stats (total=10, active=0, idle=10, waiting=0)
2026-09-02T17:47:17.267+05:00 DEBUG 1848 --- [HikariPool-1 housekeeper] com.zaxxer.hikari.pool.HikariPool        : HikariPool-1 - Fill pool skipped, pool has sufficient level or currently being filled (queueDepth=0).
2026-09-02T17:47:47.281+05:00 DEBUG 1848 --- [HikariPool-1 housekeeper] com.zaxxer.hikari.pool.HikariPool        : HikariPool-1 - Pool stats (total=10, active=0, idle=10, waiting=0)
2026-09-02T17:47:47.281+05:00 DEBUG 1848 --- [HikariPool-1 housekeeper] com.zaxxer.hikari.pool.HikariPool        : HikariPool-1 - Fill pool skipped, pool has sufficient level or currently being filled (queueDepth=0).
2026-09-02T17:48:17.291+05:00 DEBUG 1848 --- [HikariPool-1 housekeeper] com.zaxxer.hikari.pool.HikariPool        : HikariPool-1 - Pool stats (total=10, active=0, idle=10, waiting=0)
2026-09-02T17:48:17.291+05:00 DEBUG 1848 --- [HikariPool-1 housekeeper] com.zaxxer.hikari.pool.HikariPool        : HikariPool-1 - Fill pool skipped, pool has sufficient level or currently being filled (queueDepth=0).
2026-09-02T17:48:47.304+05:00 DEBUG 1848 --- [HikariPool-1 housekeeper] com.zaxxer.hikari.pool.HikariPool        : HikariPool-1 - Pool stats (total=10, active=0, idle=10, waiting=0)
2026-09-02T17:48:47.304+05:00 DEBUG 1848 --- [HikariPool-1 housekeeper] com.zaxxer.hikari.pool.HikariPool        : HikariPool-1 - Fill pool skipped, pool has sufficient level or currently being filled (queueDepth=0).
2026-09-02T17:49:17.320+05:00 DEBUG 1848 --- [HikariPool-1 housekeeper] com.zaxxer.hikari.pool.HikariPool        : HikariPool-1 - Pool stats (total=10, active=0, idle=10, waiting=0)
2026-09-02T17:49:17.321+05:00 DEBUG 1848 --- [HikariPool-1 housekeeper] com.zaxxer.hikari.pool.HikariPool        : HikariPool-1 - Fill pool skipped, pool has sufficient level or currently being filled (queueDepth=0).
2026-09-02T17:49:47.332+05:00 DEBUG 1848 --- [HikariPool-1 housekeeper] com.zaxxer.hikari.pool.HikariPool        : HikariPool-1 - Pool stats (total=10, active=0, idle=10, waiting=0)
2026-09-02T17:49:47.334+05:00 DEBUG 1848 --- [HikariPool-1 housekeeper] com.zaxxer.hikari.pool.HikariPool        : HikariPool-1 - Fill pool skipped, pool has sufficient level or currently being filled (queueDepth=0).
2026-09-02T17:50:17.337+05:00 DEBUG 1848 --- [HikariPool-1 housekeeper] com.zaxxer.hikari.pool.HikariPool        : HikariPool-1 - Pool stats (total=10, active=0, idle=10, waiting=0)
2026-09-02T17:50:17.337+05:00 DEBUG 1848 --- [HikariPool-1 housekeeper] com.zaxxer.hikari.pool.HikariPool        : HikariPool-1 - Fill pool skipped, pool has sufficient level or currently being filled (queueDepth=0).
2026-09-02T17:50:47.341+05:00 DEBUG 1848 --- [HikariPool-1 housekeeper] com.zaxxer.hikari.pool.HikariPool        : HikariPool-1 - Pool stats (total=10, active=0, idle=10, waiting=0)
2026-09-02T17:50:47.342+05:00 DEBUG 1848 --- [HikariPool-1 housekeeper] com.zaxxer.hikari.pool.HikariPool        : HikariPool-1 - Fill pool skipped, pool has sufficient level or currently being filled (queueDepth=0).
2026-09-02T17:51:17.346+05:00 DEBUG 1848 --- [HikariPool-1 housekeeper] com.zaxxer.hikari.pool.HikariPool        : HikariPool-1 - Pool stats (total=10, active=0, idle=10, waiting=0)
2026-09-02T17:51:17.346+05:00 DEBUG 1848 --- [HikariPool-1 housekeeper] com.zaxxer.hikari.pool.HikariPool        : HikariPool-1 - Fill pool skipped, pool has sufficient level or currently being filled (queueDepth=0).
2026-09-02T17:51:47.348+05:00 DEBUG 1848 --- [HikariPool-1 housekeeper] com.zaxxer.hikari.pool.HikariPool        : HikariPool-1 - Pool stats (total=10, active=0, idle=10, waiting=0)
2026-09-02T17:51:47.348+05:00 DEBUG 1848 --- [HikariPool-1 housekeeper] com.zaxxer.hikari.pool.HikariPool        : HikariPool-1 - Fill pool skipped, pool has sufficient level or currently being filled (queueDepth=0).
2026-09-02T17:52:17.363+05:00 DEBUG 1848 --- [HikariPool-1 housekeeper] com.zaxxer.hikari.pool.HikariPool        : HikariPool-1 - Pool stats (total=10, active=0, idle=10, waiting=0)
2026-09-02T17:52:17.363+05:00 DEBUG 1848 --- [HikariPool-1 housekeeper] com.zaxxer.hikari.pool.HikariPool        : HikariPool-1 - Fill pool skipped, pool has sufficient level or currently being filled (queueDepth=0).
2026-09-02T17:52:47.374+05:00 DEBUG 1848 --- [HikariPool-1 housekeeper] com.zaxxer.hikari.pool.HikariPool        : HikariPool-1 - Pool stats (total=10, active=0, idle=10, waiting=0)
2026-09-02T17:52:47.375+05:00 DEBUG 1848 --- [HikariPool-1 housekeeper] com.zaxxer.hikari.pool.HikariPool        : HikariPool-1 - Fill pool skipped, pool has sufficient level or currently being filled (queueDepth=0).
2026-09-02T17:53:17.388+05:00 DEBUG 1848 --- [HikariPool-1 housekeeper] com.zaxxer.hikari.pool.HikariPool        : HikariPool-1 - Pool stats (total=10, active=0, idle=10, waiting=0)
2026-09-02T17:53:17.388+05:00 DEBUG 1848 --- [HikariPool-1 housekeeper] com.zaxxer.hikari.pool.HikariPool        : HikariPool-1 - Fill pool skipped, pool has sufficient level or currently being filled (queueDepth=0).
2026-09-02T17:53:47.403+05:00 DEBUG 1848 --- [HikariPool-1 housekeeper] com.zaxxer.hikari.pool.HikariPool        : HikariPool-1 - Pool stats (total=10, active=0, idle=10, waiting=0)
2026-09-02T17:53:47.403+05:00 DEBUG 1848 --- [HikariPool-1 housekeeper] com.zaxxer.hikari.pool.HikariPool        : HikariPool-1 - Fill pool skipped, pool has sufficient level or currently being filled (queueDepth=0).
2026-09-02T17:54:17.408+05:00 DEBUG 1848 --- [HikariPool-1 housekeeper] com.zaxxer.hikari.pool.HikariPool        : HikariPool-1 - Pool stats (total=10, active=0, idle=10, waiting=0)
2026-09-02T17:54:17.409+05:00 DEBUG 1848 --- [HikariPool-1 housekeeper] com.zaxxer.hikari.pool.HikariPool        : HikariPool-1 - Fill pool skipped, pool has sufficient level or currently being filled (queueDepth=0).
2026-09-02T17:54:30.699+05:00 DEBUG 1848 --- [HikariPool-1 connection closer] com.zaxxer.hikari.pool.PoolBase          : HikariPool-1 - Closing connection com.mysql.cj.jdbc.ConnectionImpl@7c7a9e18: (connection has passed maxLifetime)
2026-09-02T17:54:30.720+05:00 DEBUG 1848 --- [HikariPool-1 connection adder] com.zaxxer.hikari.pool.HikariPool        : HikariPool-1 - Added connection com.mysql.cj.jdbc.ConnectionImpl@1171bda3
2026-09-02T17:54:31.961+05:00 DEBUG 1848 --- [HikariPool-1 connection closer] com.zaxxer.hikari.pool.PoolBase          : HikariPool-1 - Closing connection com.mysql.cj.jdbc.ConnectionImpl@43b7168: (connection has passed maxLifetime)
2026-09-02T17:54:31.965+05:00 DEBUG 1848 --- [HikariPool-1 connection adder] com.zaxxer.hikari.pool.HikariPool        : HikariPool-1 - Added connection com.mysql.cj.jdbc.ConnectionImpl@504cb798
2026-09-02T17:54:32.196+05:00 DEBUG 1848 --- [HikariPool-1 connection closer] com.zaxxer.hikari.pool.PoolBase          : HikariPool-1 - Closing connection com.mysql.cj.jdbc.ConnectionImpl@45067b53: (connection has passed maxLifetime)
2026-09-02T17:54:32.198+05:00 DEBUG 1848 --- [HikariPool-1 connection adder] com.zaxxer.hikari.pool.HikariPool        : HikariPool-1 - Added connection com.mysql.cj.jdbc.ConnectionImpl@6156c460
2026-09-02T17:54:33.927+05:00 DEBUG 1848 --- [HikariPool-1 connection closer] com.zaxxer.hikari.pool.PoolBase          : HikariPool-1 - Closing connection com.mysql.cj.jdbc.ConnectionImpl@76f48beb: (connection has passed maxLifetime)
2026-09-02T17:54:33.932+05:00 DEBUG 1848 --- [HikariPool-1 connection adder] com.zaxxer.hikari.pool.HikariPool        : HikariPool-1 - Added connection com.mysql.cj.jdbc.ConnectionImpl@306348d7
2026-09-02T17:54:38.080+05:00 DEBUG 1848 --- [HikariPool-1 connection closer] com.zaxxer.hikari.pool.PoolBase          : HikariPool-1 - Closing connection com.mysql.cj.jdbc.ConnectionImpl@4e0afd8f: (connection has passed maxLifetime)
2026-09-02T17:54:38.084+05:00 DEBUG 1848 --- [HikariPool-1 connection adder] com.zaxxer.hikari.pool.HikariPool        : HikariPool-1 - Added connection com.mysql.cj.jdbc.ConnectionImpl@2d4bb26c
2026-09-02T17:54:47.409+05:00 DEBUG 1848 --- [HikariPool-1 housekeeper] com.zaxxer.hikari.pool.HikariPool        : HikariPool-1 - Pool stats (total=10, active=0, idle=10, waiting=0)
2026-09-02T17:54:47.409+05:00 DEBUG 1848 --- [HikariPool-1 housekeeper] com.zaxxer.hikari.pool.HikariPool        : HikariPool-1 - Fill pool skipped, pool has sufficient level or currently being filled (queueDepth=0).
2026-09-02T17:54:48.661+05:00 DEBUG 1848 --- [HikariPool-1 connection closer] com.zaxxer.hikari.pool.PoolBase          : HikariPool-1 - Closing connection com.mysql.cj.jdbc.ConnectionImpl@35f5b12b: (connection has passed maxLifetime)
2026-09-02T17:54:48.665+05:00 DEBUG 1848 --- [HikariPool-1 connection adder] com.zaxxer.hikari.pool.HikariPool        : HikariPool-1 - Added connection com.mysql.cj.jdbc.ConnectionImpl@52cad5a9
2026-09-02T17:54:53.621+05:00 DEBUG 1848 --- [HikariPool-1 connection closer] com.zaxxer.hikari.pool.PoolBase          : HikariPool-1 - Closing connection com.mysql.cj.jdbc.ConnectionImpl@4a808590: (connection has passed maxLifetime)
2026-09-02T17:54:53.625+05:00 DEBUG 1848 --- [HikariPool-1 connection adder] com.zaxxer.hikari.pool.HikariPool        : HikariPool-1 - Added connection com.mysql.cj.jdbc.ConnectionImpl@13f7df92
2026-09-02T17:54:54.974+05:00 DEBUG 1848 --- [HikariPool-1 connection closer] com.zaxxer.hikari.pool.PoolBase          : HikariPool-1 - Closing connection com.mysql.cj.jdbc.ConnectionImpl@3d479423: (connection has passed maxLifetime)
2026-09-02T17:54:54.977+05:00 DEBUG 1848 --- [HikariPool-1 connection adder] com.zaxxer.hikari.pool.HikariPool        : HikariPool-1 - Added connection com.mysql.cj.jdbc.ConnectionImpl@222eccb9
2026-09-02T17:55:17.415+05:00 DEBUG 1848 --- [HikariPool-1 housekeeper] com.zaxxer.hikari.pool.HikariPool        : HikariPool-1 - Pool stats (total=10, active=0, idle=10, waiting=0)
2026-09-02T17:55:17.415+05:00 DEBUG 1848 --- [HikariPool-1 housekeeper] com.zaxxer.hikari.pool.HikariPool        : HikariPool-1 - Fill pool skipped, pool has sufficient level or currently being filled (queueDepth=0).
2026-09-02T17:55:24.703+05:00 DEBUG 1848 --- [HikariPool-1 connection closer] com.zaxxer.hikari.pool.PoolBase          : HikariPool-1 - Closing connection com.mysql.cj.jdbc.ConnectionImpl@7d06039a: (connection has passed maxLifetime)
2026-09-02T17:55:24.709+05:00 DEBUG 1848 --- [HikariPool-1 connection adder] com.zaxxer.hikari.pool.HikariPool        : HikariPool-1 - Added connection com.mysql.cj.jdbc.ConnectionImpl@ebaff5d
2026-09-02T17:55:47.419+05:00 DEBUG 1848 --- [HikariPool-1 housekeeper] com.zaxxer.hikari.pool.HikariPool        : HikariPool-1 - Pool stats (total=10, active=0, idle=10, waiting=0)
2026-09-02T17:55:47.420+05:00 DEBUG 1848 --- [HikariPool-1 housekeeper] com.zaxxer.hikari.pool.HikariPool        : HikariPool-1 - Fill pool skipped, pool has sufficient level or currently being filled (queueDepth=0).
2026-09-02T17:56:17.434+05:00 DEBUG 1848 --- [HikariPool-1 housekeeper] com.zaxxer.hikari.pool.HikariPool        : HikariPool-1 - Pool stats (total=10, active=0, idle=10, waiting=0)
2026-09-02T17:56:17.435+05:00 DEBUG 1848 --- [HikariPool-1 housekeeper] com.zaxxer.hikari.pool.HikariPool        : HikariPool-1 - Fill pool skipped, pool has sufficient level or currently being filled (queueDepth=0).
2026-09-02T17:56:18.298+05:00 DEBUG 1848 --- [HikariPool-1 connection closer] com.zaxxer.hikari.pool.PoolBase          : HikariPool-1 - Closing connection com.mysql.cj.jdbc.ConnectionImpl@1f96ae6c: (connection has passed maxLifetime)
2026-09-02T17:56:18.303+05:00 DEBUG 1848 --- [HikariPool-1 connection adder] com.zaxxer.hikari.pool.HikariPool        : HikariPool-1 - Added connection com.mysql.cj.jdbc.ConnectionImpl@412cb7ab
2026-09-02T17:56:47.444+05:00 DEBUG 1848 --- [HikariPool-1 housekeeper] com.zaxxer.hikari.pool.HikariPool        : HikariPool-1 - Pool stats (total=10, active=0, idle=10, waiting=0)
2026-09-02T17:56:47.445+05:00 DEBUG 1848 --- [HikariPool-1 housekeeper] com.zaxxer.hikari.pool.HikariPool        : HikariPool-1 - Fill pool skipped, pool has sufficient level or currently being filled (queueDepth=0).
2026-09-02T17:57:17.456+05:00 DEBUG 1848 --- [HikariPool-1 housekeeper] com.zaxxer.hikari.pool.HikariPool        : HikariPool-1 - Pool stats (total=10, active=0, idle=10, waiting=0)
2026-09-02T17:57:17.457+05:00 DEBUG 1848 --- [HikariPool-1 housekeeper] com.zaxxer.hikari.pool.HikariPool        : HikariPool-1 - Fill pool skipped, pool has sufficient level or currently being filled (queueDepth=0).
2026-09-02T17:57:47.468+05:00 DEBUG 1848 --- [HikariPool-1 housekeeper] com.zaxxer.hikari.pool.HikariPool        : HikariPool-1 - Pool stats (total=10, active=0, idle=10, waiting=0)
2026-09-02T17:57:47.468+05:00 DEBUG 1848 --- [HikariPool-1 housekeeper] com.zaxxer.hikari.pool.HikariPool        : HikariPool-1 - Fill pool skipped, pool has sufficient level or currently being filled (queueDepth=0).
2026-09-02T17:58:17.474+05:00 DEBUG 1848 --- [HikariPool-1 housekeeper] com.zaxxer.hikari.pool.HikariPool        : HikariPool-1 - Pool stats (total=10, active=0, idle=10, waiting=0)
2026-09-02T17:58:17.474+05:00 DEBUG 1848 --- [HikariPool-1 housekeeper] com.zaxxer.hikari.pool.HikariPool        : HikariPool-1 - Fill pool skipped, pool has sufficient level or currently being filled (queueDepth=0).
2026-09-02T17:58:47.476+05:00 DEBUG 1848 --- [HikariPool-1 housekeeper] com.zaxxer.hikari.pool.HikariPool        : HikariPool-1 - Pool stats (total=10, active=0, idle=10, waiting=0)
2026-09-02T17:58:47.477+05:00 DEBUG 1848 --- [HikariPool-1 housekeeper] com.zaxxer.hikari.pool.HikariPool        : HikariPool-1 - Fill pool skipped, pool has sufficient level or currently being filled (queueDepth=0).
2026-09-02T17:59:17.486+05:00 DEBUG 1848 --- [HikariPool-1 housekeeper] com.zaxxer.hikari.pool.HikariPool        : HikariPool-1 - Pool stats (total=10, active=0, idle=10, waiting=0)
2026-09-02T17:59:17.486+05:00 DEBUG 1848 --- [HikariPool-1 housekeeper] com.zaxxer.hikari.pool.HikariPool        : HikariPool-1 - Fill pool skipped, pool has sufficient level or currently being filled (queueDepth=0).
2026-09-02T17:59:47.488+05:00 DEBUG 1848 --- [HikariPool-1 housekeeper] com.zaxxer.hikari.pool.HikariPool        : HikariPool-1 - Pool stats (total=10, active=0, idle=10, waiting=0)
2026-09-02T17:59:47.488+05:00 DEBUG 1848 --- [HikariPool-1 housekeeper] com.zaxxer.hikari.pool.HikariPool        : HikariPool-1 - Fill pool skipped, pool has sufficient level or currently being filled (queueDepth=0).
2026-09-02T18:00:17.501+05:00 DEBUG 1848 --- [HikariPool-1 housekeeper] com.zaxxer.hikari.pool.HikariPool        : HikariPool-1 - Pool stats (total=10, active=0, idle=10, waiting=0)
2026-09-02T18:00:17.501+05:00 DEBUG 1848 --- [HikariPool-1 housekeeper] com.zaxxer.hikari.pool.HikariPool        : HikariPool-1 - Fill pool skipped, pool has sufficient level or currently being filled (queueDepth=0).
2026-09-02T18:00:47.504+05:00 DEBUG 1848 --- [HikariPool-1 housekeeper] com.zaxxer.hikari.pool.HikariPool        : HikariPool-1 - Pool stats (total=10, active=0, idle=10, waiting=0)
2026-09-02T18:00:47.504+05:00 DEBUG 1848 --- [HikariPool-1 housekeeper] com.zaxxer.hikari.pool.HikariPool        : HikariPool-1 - Fill pool skipped, pool has sufficient level or currently being filled (queueDepth=0).
2026-09-02T18:01:17.509+05:00 DEBUG 1848 --- [HikariPool-1 housekeeper] com.zaxxer.hikari.pool.HikariPool        : HikariPool-1 - Pool stats (total=10, active=0, idle=10, waiting=0)
2026-09-02T18:01:17.510+05:00 DEBUG 1848 --- [HikariPool-1 housekeeper] com.zaxxer.hikari.pool.HikariPool        : HikariPool-1 - Fill pool skipped, pool has sufficient level or currently being filled (queueDepth=0).
2026-09-02T18:01:47.520+05:00 DEBUG 1848 --- [HikariPool-1 housekeeper] com.zaxxer.hikari.pool.HikariPool        : HikariPool-1 - Pool stats (total=10, active=0, idle=10, waiting=0)
2026-09-02T18:01:47.524+05:00 DEBUG 1848 --- [HikariPool-1 housekeeper] com.zaxxer.hikari.pool.HikariPool        : HikariPool-1 - Fill pool skipped, pool has sufficient level or currently being filled (queueDepth=0).
2026-09-02T18:02:17.533+05:00 DEBUG 1848 --- [HikariPool-1 housekeeper] com.zaxxer.hikari.pool.HikariPool        : HikariPool-1 - Pool stats (total=10, active=0, idle=10, waiting=0)
2026-09-02T18:02:17.534+05:00 DEBUG 1848 --- [HikariPool-1 housekeeper] com.zaxxer.hikari.pool.HikariPool        : HikariPool-1 - Fill pool skipped, pool has sufficient level or currently being filled (queueDepth=0).
2026-09-02T18:02:47.547+05:00 DEBUG 1848 --- [HikariPool-1 housekeeper] com.zaxxer.hikari.pool.HikariPool        : HikariPool-1 - Pool stats (total=10, active=0, idle=10, waiting=0)
2026-09-02T18:02:47.547+05:00 DEBUG 1848 --- [HikariPool-1 housekeeper] com.zaxxer.hikari.pool.HikariPool        : HikariPool-1 - Fill pool skipped, pool has sufficient level or currently being filled (queueDepth=0).
2026-09-02T18:03:17.556+05:00 DEBUG 1848 --- [HikariPool-1 housekeeper] com.zaxxer.hikari.pool.HikariPool        : HikariPool-1 - Pool stats (total=10, active=0, idle=10, waiting=0)
2026-09-02T18:03:17.557+05:00 DEBUG 1848 --- [HikariPool-1 housekeeper] com.zaxxer.hikari.pool.HikariPool        : HikariPool-1 - Fill pool skipped, pool has sufficient level or currently being filled (queueDepth=0).
2026-09-02T18:03:47.571+05:00 DEBUG 1848 --- [HikariPool-1 housekeeper] com.zaxxer.hikari.pool.HikariPool        : HikariPool-1 - Pool stats (total=10, active=0, idle=10, waiting=0)
2026-09-02T18:03:47.571+05:00 DEBUG 1848 --- [HikariPool-1 housekeeper] com.zaxxer.hikari.pool.HikariPool        : HikariPool-1 - Fill pool skipped, pool has sufficient level or currently being filled (queueDepth=0).
2026-09-02T18:04:17.572+05:00 DEBUG 1848 --- [HikariPool-1 housekeeper] com.zaxxer.hikari.pool.HikariPool        : HikariPool-1 - Pool stats (total=10, active=0, idle=10, waiting=0)
2026-09-02T18:04:17.573+05:00 DEBUG 1848 --- [HikariPool-1 housekeeper] com.zaxxer.hikari.pool.HikariPool        : HikariPool-1 - Fill pool skipped, pool has sufficient level or currently being filled (queueDepth=0).
2026-09-02T18:04:47.574+05:00 DEBUG 1848 --- [HikariPool-1 housekeeper] com.zaxxer.hikari.pool.HikariPool        : HikariPool-1 - Pool stats (total=10, active=0, idle=10, waiting=0)
2026-09-02T18:04:47.575+05:00 DEBUG 1848 --- [HikariPool-1 housekeeper] com.zaxxer.hikari.pool.HikariPool        : HikariPool-1 - Fill pool skipped, pool has sufficient level or currently being filled (queueDepth=0).
2026-09-02T18:05:17.576+05:00 DEBUG 1848 --- [HikariPool-1 housekeeper] com.zaxxer.hikari.pool.HikariPool        : HikariPool-1 - Pool stats (total=10, active=0, idle=10, waiting=0)
2026-09-02T18:05:17.577+05:00 DEBUG 1848 --- [HikariPool-1 housekeeper] com.zaxxer.hikari.pool.HikariPool        : HikariPool-1 - Fill pool skipped, pool has sufficient level or currently being filled (queueDepth=0).
2026-09-02T18:05:47.577+05:00 DEBUG 1848 --- [HikariPool-1 housekeeper] com.zaxxer.hikari.pool.HikariPool        : HikariPool-1 - Pool stats (total=10, active=0, idle=10, waiting=0)
2026-09-02T18:05:47.577+05:00 DEBUG 1848 --- [HikariPool-1 housekeeper] com.zaxxer.hikari.pool.HikariPool        : HikariPool-1 - Fill pool skipped, pool has sufficient level or currently being filled (queueDepth=0).
2026-09-02T18:06:17.588+05:00 DEBUG 1848 --- [HikariPool-1 housekeeper] com.zaxxer.hikari.pool.HikariPool        : HikariPool-1 - Pool stats (total=10, active=0, idle=10, waiting=0)
2026-09-02T18:06:17.589+05:00 DEBUG 1848 --- [HikariPool-1 housekeeper] com.zaxxer.hikari.pool.HikariPool        : HikariPool-1 - Fill pool skipped, pool has sufficient level or currently being filled (queueDepth=0).
2026-09-02T18:06:47.596+05:00 DEBUG 1848 --- [HikariPool-1 housekeeper] com.zaxxer.hikari.pool.HikariPool        : HikariPool-1 - Pool stats (total=10, active=0, idle=10, waiting=0)
2026-09-02T18:06:47.597+05:00 DEBUG 1848 --- [HikariPool-1 housekeeper] com.zaxxer.hikari.pool.HikariPool        : HikariPool-1 - Fill pool skipped, pool has sufficient level or currently being filled (queueDepth=0).
2026-09-02T18:07:17.605+05:00 DEBUG 1848 --- [HikariPool-1 housekeeper] com.zaxxer.hikari.pool.HikariPool        : HikariPool-1 - Pool stats (total=10, active=0, idle=10, waiting=0)
2026-09-02T18:07:17.605+05:00 DEBUG 1848 --- [HikariPool-1 housekeeper] com.zaxxer.hikari.pool.HikariPool        : HikariPool-1 - Fill pool skipped, pool has sufficient level or currently being filled (queueDepth=0).
2026-09-02T18:07:47.614+05:00 DEBUG 1848 --- [HikariPool-1 housekeeper] com.zaxxer.hikari.pool.HikariPool        : HikariPool-1 - Pool stats (total=10, active=0, idle=10, waiting=0)
2026-09-02T18:07:47.615+05:00 DEBUG 1848 --- [HikariPool-1 housekeeper] com.zaxxer.hikari.pool.HikariPool        : HikariPool-1 - Fill pool skipped, pool has sufficient level or currently being filled (queueDepth=0).
2026-09-02T18:08:17.631+05:00 DEBUG 1848 --- [HikariPool-1 housekeeper] com.zaxxer.hikari.pool.HikariPool        : HikariPool-1 - Pool stats (total=10, active=0, idle=10, waiting=0)
2026-09-02T18:08:17.631+05:00 DEBUG 1848 --- [HikariPool-1 housekeeper] com.zaxxer.hikari.pool.HikariPool        : HikariPool-1 - Fill pool skipped, pool has sufficient level or currently being filled (queueDepth=0).
2026-09-02T18:08:47.644+05:00 DEBUG 1848 --- [HikariPool-1 housekeeper] com.zaxxer.hikari.pool.HikariPool        : HikariPool-1 - Pool stats (total=10, active=0, idle=10, waiting=0)
2026-09-02T18:08:47.645+05:00 DEBUG 1848 --- [HikariPool-1 housekeeper] com.zaxxer.hikari.pool.HikariPool        : HikariPool-1 - Fill pool skipped, pool has sufficient level or currently being filled (queueDepth=0).
2026-09-02T18:09:17.651+05:00 DEBUG 1848 --- [HikariPool-1 housekeeper] com.zaxxer.hikari.pool.HikariPool        : HikariPool-1 - Pool stats (total=10, active=0, idle=10, waiting=0)
2026-09-02T18:09:17.651+05:00 DEBUG 1848 --- [HikariPool-1 housekeeper] com.zaxxer.hikari.pool.HikariPool        : HikariPool-1 - Fill pool skipped, pool has sufficient level or currently being filled (queueDepth=0).
2026-09-02T18:09:47.658+05:00 DEBUG 1848 --- [HikariPool-1 housekeeper] com.zaxxer.hikari.pool.HikariPool        : HikariPool-1 - Pool stats (total=10, active=0, idle=10, waiting=0)
2026-09-02T18:09:47.659+05:00 DEBUG 1848 --- [HikariPool-1 housekeeper] com.zaxxer.hikari.pool.HikariPool        : HikariPool-1 - Fill pool skipped, pool has sufficient level or currently being filled (queueDepth=0).
2026-09-02T18:10:17.663+05:00 DEBUG 1848 --- [HikariPool-1 housekeeper] com.zaxxer.hikari.pool.HikariPool        : HikariPool-1 - Pool stats (total=10, active=0, idle=10, waiting=0)
2026-09-02T18:10:17.663+05:00 DEBUG 1848 --- [HikariPool-1 housekeeper] com.zaxxer.hikari.pool.HikariPool        : HikariPool-1 - Fill pool skipped, pool has sufficient level or currently being filled (queueDepth=0).
2026-09-02T18:10:47.669+05:00 DEBUG 1848 --- [HikariPool-1 housekeeper] com.zaxxer.hikari.pool.HikariPool        : HikariPool-1 - Pool stats (total=10, active=0, idle=10, waiting=0)
2026-09-02T18:10:47.670+05:00 DEBUG 1848 --- [HikariPool-1 housekeeper] com.zaxxer.hikari.pool.HikariPool        : HikariPool-1 - Fill pool skipped, pool has sufficient level or currently being filled (queueDepth=0).
2026-09-02T18:11:17.679+05:00 DEBUG 1848 --- [HikariPool-1 housekeeper] com.zaxxer.hikari.pool.HikariPool        : HikariPool-1 - Pool stats (total=10, active=0, idle=10, waiting=0)
2026-09-02T18:11:17.680+05:00 DEBUG 1848 --- [HikariPool-1 housekeeper] com.zaxxer.hikari.pool.HikariPool        : HikariPool-1 - Fill pool skipped, pool has sufficient level or currently being filled (queueDepth=0).
2026-09-02T18:11:47.698+05:00 DEBUG 1848 --- [HikariPool-1 housekeeper] com.zaxxer.hikari.pool.HikariPool        : HikariPool-1 - Pool stats (total=10, active=0, idle=10, waiting=0)
2026-09-02T18:11:47.700+05:00 DEBUG 1848 --- [HikariPool-1 housekeeper] com.zaxxer.hikari.pool.HikariPool        : HikariPool-1 - Fill pool skipped, pool has sufficient level or currently being filled (queueDepth=0).
2026-09-02T18:12:17.710+05:00 DEBUG 1848 --- [HikariPool-1 housekeeper] com.zaxxer.hikari.pool.HikariPool        : HikariPool-1 - Pool stats (total=10, active=0, idle=10, waiting=0)
2026-09-02T18:12:17.712+05:00 DEBUG 1848 --- [HikariPool-1 housekeeper] com.zaxxer.hikari.pool.HikariPool        : HikariPool-1 - Fill pool skipped, pool has sufficient level or currently being filled (queueDepth=0).
2026-09-02T18:12:47.726+05:00 DEBUG 1848 --- [HikariPool-1 housekeeper] com.zaxxer.hikari.pool.HikariPool        : HikariPool-1 - Pool stats (total=10, active=0, idle=10, waiting=0)
2026-09-02T18:12:47.726+05:00 DEBUG 1848 --- [HikariPool-1 housekeeper] com.zaxxer.hikari.pool.HikariPool        : HikariPool-1 - Fill pool skipped, pool has sufficient level or currently being filled (queueDepth=0).
2026-09-02T18:13:17.734+05:00 DEBUG 1848 --- [HikariPool-1 housekeeper] com.zaxxer.hikari.pool.HikariPool        : HikariPool-1 - Pool stats (total=10, active=0, idle=10, waiting=0)
2026-09-02T18:13:17.735+05:00 DEBUG 1848 --- [HikariPool-1 housekeeper] com.zaxxer.hikari.pool.HikariPool        : HikariPool-1 - Fill pool skipped, pool has sufficient level or currently being filled (queueDepth=0).
2026-09-02T18:13:47.749+05:00 DEBUG 1848 --- [HikariPool-1 housekeeper] com.zaxxer.hikari.pool.HikariPool        : HikariPool-1 - Pool stats (total=10, active=0, idle=10, waiting=0)
2026-09-02T18:13:47.749+05:00 DEBUG 1848 --- [HikariPool-1 housekeeper] com.zaxxer.hikari.pool.HikariPool        : HikariPool-1 - Fill pool skipped, pool has sufficient level or currently being filled (queueDepth=0).
2026-09-02T18:14:17.752+05:00 DEBUG 1848 --- [HikariPool-1 housekeeper] com.zaxxer.hikari.pool.HikariPool        : HikariPool-1 - Pool stats (total=10, active=0, idle=10, waiting=0)
2026-09-02T18:14:17.753+05:00 DEBUG 1848 --- [HikariPool-1 housekeeper] com.zaxxer.hikari.pool.HikariPool        : HikariPool-1 - Fill pool skipped, pool has sufficient level or currently being filled (queueDepth=0).
2026-09-02T18:14:47.757+05:00 DEBUG 1848 --- [HikariPool-1 housekeeper] com.zaxxer.hikari.pool.HikariPool        : HikariPool-1 - Pool stats (total=10, active=0, idle=10, waiting=0)
2026-09-02T18:14:47.757+05:00 DEBUG 1848 --- [HikariPool-1 housekeeper] com.zaxxer.hikari.pool.HikariPool        : HikariPool-1 - Fill pool skipped, pool has sufficient level or currently being filled (queueDepth=0).
2026-09-02T18:15:17.766+05:00 DEBUG 1848 --- [HikariPool-1 housekeeper] com.zaxxer.hikari.pool.HikariPool        : HikariPool-1 - Pool stats (total=10, active=0, idle=10, waiting=0)
2026-09-02T18:15:17.766+05:00 DEBUG 1848 --- [HikariPool-1 housekeeper] com.zaxxer.hikari.pool.HikariPool        : HikariPool-1 - Fill pool skipped, pool has sufficient level or currently being filled (queueDepth=0).
2026-09-02T18:15:47.771+05:00 DEBUG 1848 --- [HikariPool-1 housekeeper] com.zaxxer.hikari.pool.HikariPool        : HikariPool-1 - Pool stats (total=10, active=0, idle=10, waiting=0)
2026-09-02T18:15:47.771+05:00 DEBUG 1848 --- [HikariPool-1 housekeeper] com.zaxxer.hikari.pool.HikariPool        : HikariPool-1 - Fill pool skipped, pool has sufficient level or currently being filled (queueDepth=0).
2026-09-02T18:16:17.780+05:00 DEBUG 1848 --- [HikariPool-1 housekeeper] com.zaxxer.hikari.pool.HikariPool        : HikariPool-1 - Pool stats (total=10, active=0, idle=10, waiting=0)
2026-09-02T18:16:17.781+05:00 DEBUG 1848 --- [HikariPool-1 housekeeper] com.zaxxer.hikari.pool.HikariPool        : HikariPool-1 - Fill pool skipped, pool has sufficient level or currently being filled (queueDepth=0).
2026-09-02T18:16:47.783+05:00 DEBUG 1848 --- [HikariPool-1 housekeeper] com.zaxxer.hikari.pool.HikariPool        : HikariPool-1 - Pool stats (total=10, active=0, idle=10, waiting=0)
2026-09-02T18:16:47.783+05:00 DEBUG 1848 --- [HikariPool-1 housekeeper] com.zaxxer.hikari.pool.HikariPool        : HikariPool-1 - Fill pool skipped, pool has sufficient level or currently being filled (queueDepth=0).
2026-09-02T18:17:17.785+05:00 DEBUG 1848 --- [HikariPool-1 housekeeper] com.zaxxer.hikari.pool.HikariPool        : HikariPool-1 - Pool stats (total=10, active=0, idle=10, waiting=0)
2026-09-02T18:17:17.786+05:00 DEBUG 1848 --- [HikariPool-1 housekeeper] com.zaxxer.hikari.pool.HikariPool        : HikariPool-1 - Fill pool skipped, pool has sufficient level or currently being filled (queueDepth=0).
2026-09-02T18:17:47.796+05:00 DEBUG 1848 --- [HikariPool-1 housekeeper] com.zaxxer.hikari.pool.HikariPool        : HikariPool-1 - Pool stats (total=10, active=0, idle=10, waiting=0)
2026-09-02T18:17:47.796+05:00 DEBUG 1848 --- [HikariPool-1 housekeeper] com.zaxxer.hikari.pool.HikariPool        : HikariPool-1 - Fill pool skipped, pool has sufficient level or currently being filled (queueDepth=0).
2026-09-02T18:18:17.809+05:00 DEBUG 1848 --- [HikariPool-1 housekeeper] com.zaxxer.hikari.pool.HikariPool        : HikariPool-1 - Pool stats (total=10, active=0, idle=10, waiting=0)
2026-09-02T18:18:17.810+05:00 DEBUG 1848 --- [HikariPool-1 housekeeper] com.zaxxer.hikari.pool.HikariPool        : HikariPool-1 - Fill pool skipped, pool has sufficient level or currently being filled (queueDepth=0).
2026-09-02T18:18:47.823+05:00 DEBUG 1848 --- [HikariPool-1 housekeeper] com.zaxxer.hikari.pool.HikariPool        : HikariPool-1 - Pool stats (total=10, active=0, idle=10, waiting=0)
2026-09-02T18:18:47.823+05:00 DEBUG 1848 --- [HikariPool-1 housekeeper] com.zaxxer.hikari.pool.HikariPool        : HikariPool-1 - Fill pool skipped, pool has sufficient level or currently being filled (queueDepth=0).
2026-09-02T18:19:17.832+05:00 DEBUG 1848 --- [HikariPool-1 housekeeper] com.zaxxer.hikari.pool.HikariPool        : HikariPool-1 - Pool stats (total=10, active=0, idle=10, waiting=0)
2026-09-02T18:19:17.832+05:00 DEBUG 1848 --- [HikariPool-1 housekeeper] com.zaxxer.hikari.pool.HikariPool        : HikariPool-1 - Fill pool skipped, pool has sufficient level or currently being filled (queueDepth=0).
2026-09-02T18:19:47.833+05:00 DEBUG 1848 --- [HikariPool-1 housekeeper] com.zaxxer.hikari.pool.HikariPool        : HikariPool-1 - Pool stats (total=10, active=0, idle=10, waiting=0)
2026-09-02T18:19:47.833+05:00 DEBUG 1848 --- [HikariPool-1 housekeeper] com.zaxxer.hikari.pool.HikariPool        : HikariPool-1 - Fill pool skipped, pool has sufficient level or currently being filled (queueDepth=0).
2026-09-02T18:20:17.844+05:00 DEBUG 1848 --- [HikariPool-1 housekeeper] com.zaxxer.hikari.pool.HikariPool        : HikariPool-1 - Pool stats (total=10, active=0, idle=10, waiting=0)
2026-09-02T18:20:17.844+05:00 DEBUG 1848 --- [HikariPool-1 housekeeper] com.zaxxer.hikari.pool.HikariPool        : HikariPool-1 - Fill pool skipped, pool has sufficient level or currently being filled (queueDepth=0).
2026-09-02T18:20:47.858+05:00 DEBUG 1848 --- [HikariPool-1 housekeeper] com.zaxxer.hikari.pool.HikariPool        : HikariPool-1 - Pool stats (total=10, active=0, idle=10, waiting=0)
2026-09-02T18:20:47.859+05:00 DEBUG 1848 --- [HikariPool-1 housekeeper] com.zaxxer.hikari.pool.HikariPool        : HikariPool-1 - Fill pool skipped, pool has sufficient level or currently being filled (queueDepth=0).
2026-09-02T18:21:17.867+05:00 DEBUG 1848 --- [HikariPool-1 housekeeper] com.zaxxer.hikari.pool.HikariPool        : HikariPool-1 - Pool stats (total=10, active=0, idle=10, waiting=0)
2026-09-02T18:21:17.867+05:00 DEBUG 1848 --- [HikariPool-1 housekeeper] com.zaxxer.hikari.pool.HikariPool        : HikariPool-1 - Fill pool skipped, pool has sufficient level or currently being filled (queueDepth=0).
2026-09-02T18:21:47.868+05:00 DEBUG 1848 --- [HikariPool-1 housekeeper] com.zaxxer.hikari.pool.HikariPool        : HikariPool-1 - Pool stats (total=10, active=0, idle=10, waiting=0)
2026-09-02T18:21:47.868+05:00 DEBUG 1848 --- [HikariPool-1 housekeeper] com.zaxxer.hikari.pool.HikariPool        : HikariPool-1 - Fill pool skipped, pool has sufficient level or currently being filled (queueDepth=0).
2026-09-02T18:22:17.873+05:00 DEBUG 1848 --- [HikariPool-1 housekeeper] com.zaxxer.hikari.pool.HikariPool        : HikariPool-1 - Pool stats (total=10, active=0, idle=10, waiting=0)
2026-09-02T18:22:17.873+05:00 DEBUG 1848 --- [HikariPool-1 housekeeper] com.zaxxer.hikari.pool.HikariPool        : HikariPool-1 - Fill pool skipped, pool has sufficient level or currently being filled (queueDepth=0).
2026-09-02T18:22:47.875+05:00 DEBUG 1848 --- [HikariPool-1 housekeeper] com.zaxxer.hikari.pool.HikariPool        : HikariPool-1 - Pool stats (total=10, active=0, idle=10, waiting=0)
2026-09-02T18:22:47.875+05:00 DEBUG 1848 --- [HikariPool-1 housekeeper] com.zaxxer.hikari.pool.HikariPool        : HikariPool-1 - Fill pool skipped, pool has sufficient level or currently being filled (queueDepth=0).
2026-09-02T18:23:17.886+05:00 DEBUG 1848 --- [HikariPool-1 housekeeper] com.zaxxer.hikari.pool.HikariPool        : HikariPool-1 - Pool stats (total=10, active=0, idle=10, waiting=0)
2026-09-02T18:23:17.886+05:00 DEBUG 1848 --- [HikariPool-1 housekeeper] com.zaxxer.hikari.pool.HikariPool        : HikariPool-1 - Fill pool skipped, pool has sufficient level or currently being filled (queueDepth=0).
2026-09-02T18:23:47.895+05:00 DEBUG 1848 --- [HikariPool-1 housekeeper] com.zaxxer.hikari.pool.HikariPool        : HikariPool-1 - Pool stats (total=10, active=0, idle=10, waiting=0)
2026-09-02T18:23:47.896+05:00 DEBUG 1848 --- [HikariPool-1 housekeeper] com.zaxxer.hikari.pool.HikariPool        : HikariPool-1 - Fill pool skipped, pool has sufficient level or currently being filled (queueDepth=0).
2026-09-02T18:23:52.376+05:00 DEBUG 1848 --- [HikariPool-1 connection closer] com.zaxxer.hikari.pool.PoolBase          : HikariPool-1 - Closing connection com.mysql.cj.jdbc.ConnectionImpl@1171bda3: (connection has passed maxLifetime)
2026-09-02T18:23:52.401+05:00 DEBUG 1848 --- [HikariPool-1 connection adder] com.zaxxer.hikari.pool.HikariPool        : HikariPool-1 - Added connection com.mysql.cj.jdbc.ConnectionImpl@1390816b
2026-09-02T18:24:03.126+05:00 DEBUG 1848 --- [HikariPool-1 connection closer] com.zaxxer.hikari.pool.PoolBase          : HikariPool-1 - Closing connection com.mysql.cj.jdbc.ConnectionImpl@504cb798: (connection has passed maxLifetime)
2026-09-02T18:24:03.130+05:00 DEBUG 1848 --- [HikariPool-1 connection adder] com.zaxxer.hikari.pool.HikariPool        : HikariPool-1 - Added connection com.mysql.cj.jdbc.ConnectionImpl@30cea7ca
2026-09-02T18:24:08.977+05:00 DEBUG 1848 --- [HikariPool-1 connection closer] com.zaxxer.hikari.pool.PoolBase          : HikariPool-1 - Closing connection com.mysql.cj.jdbc.ConnectionImpl@2d4bb26c: (connection has passed maxLifetime)
2026-09-02T18:24:08.978+05:00 DEBUG 1848 --- [HikariPool-1 connection adder] com.zaxxer.hikari.pool.HikariPool        : HikariPool-1 - Added connection com.mysql.cj.jdbc.ConnectionImpl@70a7e895
2026-09-02T18:24:17.901+05:00 DEBUG 1848 --- [HikariPool-1 housekeeper] com.zaxxer.hikari.pool.HikariPool        : HikariPool-1 - Pool stats (total=10, active=0, idle=10, waiting=0)
2026-09-02T18:24:17.902+05:00 DEBUG 1848 --- [HikariPool-1 housekeeper] com.zaxxer.hikari.pool.HikariPool        : HikariPool-1 - Fill pool skipped, pool has sufficient level or currently being filled (queueDepth=0).
2026-09-02T18:24:19.905+05:00 DEBUG 1848 --- [HikariPool-1 connection closer] com.zaxxer.hikari.pool.PoolBase          : HikariPool-1 - Closing connection com.mysql.cj.jdbc.ConnectionImpl@306348d7: (connection has passed maxLifetime)
2026-09-02T18:24:19.910+05:00 DEBUG 1848 --- [HikariPool-1 connection adder] com.zaxxer.hikari.pool.HikariPool        : HikariPool-1 - Added connection com.mysql.cj.jdbc.ConnectionImpl@7f666a6c
2026-09-02T18:24:20.043+05:00 DEBUG 1848 --- [HikariPool-1 connection closer] com.zaxxer.hikari.pool.PoolBase          : HikariPool-1 - Closing connection com.mysql.cj.jdbc.ConnectionImpl@6156c460: (connection has passed maxLifetime)
2026-09-02T18:24:20.046+05:00 DEBUG 1848 --- [HikariPool-1 connection adder] com.zaxxer.hikari.pool.HikariPool        : HikariPool-1 - Added connection com.mysql.cj.jdbc.ConnectionImpl@3e5b6057
2026-09-02T18:24:22.638+05:00 DEBUG 1848 --- [HikariPool-1 connection closer] com.zaxxer.hikari.pool.PoolBase          : HikariPool-1 - Closing connection com.mysql.cj.jdbc.ConnectionImpl@222eccb9: (connection has passed maxLifetime)
2026-09-02T18:24:22.643+05:00 DEBUG 1848 --- [HikariPool-1 connection adder] com.zaxxer.hikari.pool.HikariPool        : HikariPool-1 - Added connection com.mysql.cj.jdbc.ConnectionImpl@f2f7a72
2026-09-02T18:24:27.108+05:00 DEBUG 1848 --- [HikariPool-1 connection closer] com.zaxxer.hikari.pool.PoolBase          : HikariPool-1 - Closing connection com.mysql.cj.jdbc.ConnectionImpl@13f7df92: (connection has passed maxLifetime)
2026-09-02T18:24:27.111+05:00 DEBUG 1848 --- [HikariPool-1 connection adder] com.zaxxer.hikari.pool.HikariPool        : HikariPool-1 - Added connection com.mysql.cj.jdbc.ConnectionImpl@5e749f18
2026-09-02T18:24:38.948+05:00 DEBUG 1848 --- [HikariPool-1 connection closer] com.zaxxer.hikari.pool.PoolBase          : HikariPool-1 - Closing connection com.mysql.cj.jdbc.ConnectionImpl@52cad5a9: (connection has passed maxLifetime)
2026-09-02T18:24:38.953+05:00 DEBUG 1848 --- [HikariPool-1 connection adder] com.zaxxer.hikari.pool.HikariPool        : HikariPool-1 - Added connection com.mysql.cj.jdbc.ConnectionImpl@40a79aa6
2026-09-02T18:24:47.903+05:00 DEBUG 1848 --- [HikariPool-1 housekeeper] com.zaxxer.hikari.pool.HikariPool        : HikariPool-1 - Pool stats (total=10, active=0, idle=10, waiting=0)
2026-09-02T18:24:47.903+05:00 DEBUG 1848 --- [HikariPool-1 housekeeper] com.zaxxer.hikari.pool.HikariPool        : HikariPool-1 - Fill pool skipped, pool has sufficient level or currently being filled (queueDepth=0).
2026-09-02T18:25:10.131+05:00 DEBUG 1848 --- [HikariPool-1 connection closer] com.zaxxer.hikari.pool.PoolBase          : HikariPool-1 - Closing connection com.mysql.cj.jdbc.ConnectionImpl@ebaff5d: (connection has passed maxLifetime)
2026-09-02T18:25:10.135+05:00 DEBUG 1848 --- [HikariPool-1 connection adder] com.zaxxer.hikari.pool.HikariPool        : HikariPool-1 - Added connection com.mysql.cj.jdbc.ConnectionImpl@4ce937fa
2026-09-02T18:25:17.914+05:00 DEBUG 1848 --- [HikariPool-1 housekeeper] com.zaxxer.hikari.pool.HikariPool        : HikariPool-1 - Pool stats (total=10, active=0, idle=10, waiting=0)
2026-09-02T18:25:17.914+05:00 DEBUG 1848 --- [HikariPool-1 housekeeper] com.zaxxer.hikari.pool.HikariPool        : HikariPool-1 - Fill pool skipped, pool has sufficient level or currently being filled (queueDepth=0).
2026-09-02T18:25:47.927+05:00 DEBUG 1848 --- [HikariPool-1 housekeeper] com.zaxxer.hikari.pool.HikariPool        : HikariPool-1 - Pool stats (total=10, active=0, idle=10, waiting=0)
2026-09-02T18:25:47.927+05:00 DEBUG 1848 --- [HikariPool-1 housekeeper] com.zaxxer.hikari.pool.HikariPool        : HikariPool-1 - Fill pool skipped, pool has sufficient level or currently being filled (queueDepth=0).
2026-09-02T18:26:01.698+05:00 DEBUG 1848 --- [HikariPool-1 connection closer] com.zaxxer.hikari.pool.PoolBase          : HikariPool-1 - Closing connection com.mysql.cj.jdbc.ConnectionImpl@412cb7ab: (connection has passed maxLifetime)
2026-09-02T18:26:01.702+05:00 DEBUG 1848 --- [HikariPool-1 connection adder] com.zaxxer.hikari.pool.HikariPool        : HikariPool-1 - Added connection com.mysql.cj.jdbc.ConnectionImpl@721e0350
2026-09-02T18:26:17.937+05:00 DEBUG 1848 --- [HikariPool-1 housekeeper] com.zaxxer.hikari.pool.HikariPool        : HikariPool-1 - Pool stats (total=10, active=0, idle=10, waiting=0)
2026-09-02T18:26:17.938+05:00 DEBUG 1848 --- [HikariPool-1 housekeeper] com.zaxxer.hikari.pool.HikariPool        : HikariPool-1 - Fill pool skipped, pool has sufficient level or currently being filled (queueDepth=0).
2026-09-02T18:26:47.941+05:00 DEBUG 1848 --- [HikariPool-1 housekeeper] com.zaxxer.hikari.pool.HikariPool        : HikariPool-1 - Pool stats (total=10, active=0, idle=10, waiting=0)
2026-09-02T18:26:47.942+05:00 DEBUG 1848 --- [HikariPool-1 housekeeper] com.zaxxer.hikari.pool.HikariPool        : HikariPool-1 - Fill pool skipped, pool has sufficient level or currently being filled (queueDepth=0).
2026-09-02T18:27:17.943+05:00 DEBUG 1848 --- [HikariPool-1 housekeeper] com.zaxxer.hikari.pool.HikariPool        : HikariPool-1 - Pool stats (total=10, active=0, idle=10, waiting=0)
2026-09-02T18:27:17.944+05:00 DEBUG 1848 --- [HikariPool-1 housekeeper] com.zaxxer.hikari.pool.HikariPool        : HikariPool-1 - Fill pool skipped, pool has sufficient level or currently being filled (queueDepth=0).
2026-09-02T18:27:47.948+05:00 DEBUG 1848 --- [HikariPool-1 housekeeper] com.zaxxer.hikari.pool.HikariPool        : HikariPool-1 - Pool stats (total=10, active=0, idle=10, waiting=0)
2026-09-02T18:27:47.948+05:00 DEBUG 1848 --- [HikariPool-1 housekeeper] com.zaxxer.hikari.pool.HikariPool        : HikariPool-1 - Fill pool skipped, pool has sufficient level or currently being filled (queueDepth=0).
2026-09-02T18:28:17.950+05:00 DEBUG 1848 --- [HikariPool-1 housekeeper] com.zaxxer.hikari.pool.HikariPool        : HikariPool-1 - Pool stats (total=10, active=0, idle=10, waiting=0)
2026-09-02T18:28:17.951+05:00 DEBUG 1848 --- [HikariPool-1 housekeeper] com.zaxxer.hikari.pool.HikariPool        : HikariPool-1 - Fill pool skipped, pool has sufficient level or currently being filled (queueDepth=0).
2026-09-02T18:28:47.959+05:00 DEBUG 1848 --- [HikariPool-1 housekeeper] com.zaxxer.hikari.pool.HikariPool        : HikariPool-1 - Pool stats (total=10, active=0, idle=10, waiting=0)
2026-09-02T18:28:47.959+05:00 DEBUG 1848 --- [HikariPool-1 housekeeper] com.zaxxer.hikari.pool.HikariPool        : HikariPool-1 - Fill pool skipped, pool has sufficient level or currently being filled (queueDepth=0).
2026-09-02T18:29:17.972+05:00 DEBUG 1848 --- [HikariPool-1 housekeeper] com.zaxxer.hikari.pool.HikariPool        : HikariPool-1 - Pool stats (total=10, active=0, idle=10, waiting=0)
2026-09-02T18:29:17.973+05:00 DEBUG 1848 --- [HikariPool-1 housekeeper] com.zaxxer.hikari.pool.HikariPool        : HikariPool-1 - Fill pool skipped, pool has sufficient level or currently being filled (queueDepth=0).
2026-09-02T18:29:47.978+05:00 DEBUG 1848 --- [HikariPool-1 housekeeper] com.zaxxer.hikari.pool.HikariPool        : HikariPool-1 - Pool stats (total=10, active=0, idle=10, waiting=0)
2026-09-02T18:29:47.978+05:00 DEBUG 1848 --- [HikariPool-1 housekeeper] com.zaxxer.hikari.pool.HikariPool        : HikariPool-1 - Fill pool skipped, pool has sufficient level or currently being filled (queueDepth=0).
2026-09-02T18:30:17.990+05:00 DEBUG 1848 --- [HikariPool-1 housekeeper] com.zaxxer.hikari.pool.HikariPool        : HikariPool-1 - Pool stats (total=10, active=0, idle=10, waiting=0)
2026-09-02T18:30:17.990+05:00 DEBUG 1848 --- [HikariPool-1 housekeeper] com.zaxxer.hikari.pool.HikariPool        : HikariPool-1 - Fill pool skipped, pool has sufficient level or currently being filled (queueDepth=0).
2026-09-02T18:30:48.005+05:00 DEBUG 1848 --- [HikariPool-1 housekeeper] com.zaxxer.hikari.pool.HikariPool        : HikariPool-1 - Pool stats (total=10, active=0, idle=10, waiting=0)
2026-09-02T18:30:48.005+05:00 DEBUG 1848 --- [HikariPool-1 housekeeper] com.zaxxer.hikari.pool.HikariPool        : HikariPool-1 - Fill pool skipped, pool has sufficient level or currently being filled (queueDepth=0).
2026-09-02T18:31:18.009+05:00 DEBUG 1848 --- [HikariPool-1 housekeeper] com.zaxxer.hikari.pool.HikariPool        : HikariPool-1 - Pool stats (total=10, active=0, idle=10, waiting=0)
2026-09-02T18:31:18.010+05:00 DEBUG 1848 --- [HikariPool-1 housekeeper] com.zaxxer.hikari.pool.HikariPool        : HikariPool-1 - Fill pool skipped, pool has sufficient level or currently being filled (queueDepth=0).
2026-09-02T18:31:48.023+05:00 DEBUG 1848 --- [HikariPool-1 housekeeper] com.zaxxer.hikari.pool.HikariPool        : HikariPool-1 - Pool stats (total=10, active=0, idle=10, waiting=0)
2026-09-02T18:31:48.024+05:00 DEBUG 1848 --- [HikariPool-1 housekeeper] com.zaxxer.hikari.pool.HikariPool        : HikariPool-1 - Fill pool skipped, pool has sufficient level or currently being filled (queueDepth=0).
2026-09-02T18:32:18.035+05:00 DEBUG 1848 --- [HikariPool-1 housekeeper] com.zaxxer.hikari.pool.HikariPool        : HikariPool-1 - Pool stats (total=10, active=0, idle=10, waiting=0)
2026-09-02T18:32:18.036+05:00 DEBUG 1848 --- [HikariPool-1 housekeeper] com.zaxxer.hikari.pool.HikariPool        : HikariPool-1 - Fill pool skipped, pool has sufficient level or currently being filled (queueDepth=0).
2026-09-02T18:32:48.040+05:00 DEBUG 1848 --- [HikariPool-1 housekeeper] com.zaxxer.hikari.pool.HikariPool        : HikariPool-1 - Pool stats (total=10, active=0, idle=10, waiting=0)
2026-09-02T18:32:48.040+05:00 DEBUG 1848 --- [HikariPool-1 housekeeper] com.zaxxer.hikari.pool.HikariPool        : HikariPool-1 - Fill pool skipped, pool has sufficient level or currently being filled (queueDepth=0).
2026-09-02T18:33:18.051+05:00 DEBUG 1848 --- [HikariPool-1 housekeeper] com.zaxxer.hikari.pool.HikariPool        : HikariPool-1 - Pool stats (total=10, active=0, idle=10, waiting=0)
2026-09-02T18:33:18.052+05:00 DEBUG 1848 --- [HikariPool-1 housekeeper] com.zaxxer.hikari.pool.HikariPool        : HikariPool-1 - Fill pool skipped, pool has sufficient level or currently being filled (queueDepth=0).
2026-09-02T18:33:48.056+05:00 DEBUG 1848 --- [HikariPool-1 housekeeper] com.zaxxer.hikari.pool.HikariPool        : HikariPool-1 - Pool stats (total=10, active=0, idle=10, waiting=0)
2026-09-02T18:33:48.057+05:00 DEBUG 1848 --- [HikariPool-1 housekeeper] com.zaxxer.hikari.pool.HikariPool        : HikariPool-1 - Fill pool skipped, pool has sufficient level or currently being filled (queueDepth=0).
2026-09-02T18:34:18.070+05:00 DEBUG 1848 --- [HikariPool-1 housekeeper] com.zaxxer.hikari.pool.HikariPool        : HikariPool-1 - Pool stats (total=10, active=0, idle=10, waiting=0)
2026-09-02T18:34:18.071+05:00 DEBUG 1848 --- [HikariPool-1 housekeeper] com.zaxxer.hikari.pool.HikariPool        : HikariPool-1 - Fill pool skipped, pool has sufficient level or currently being filled (queueDepth=0).
2026-09-02T18:34:48.079+05:00 DEBUG 1848 --- [HikariPool-1 housekeeper] com.zaxxer.hikari.pool.HikariPool        : HikariPool-1 - Pool stats (total=10, active=0, idle=10, waiting=0)
2026-09-02T18:34:48.079+05:00 DEBUG 1848 --- [HikariPool-1 housekeeper] com.zaxxer.hikari.pool.HikariPool        : HikariPool-1 - Fill pool skipped, pool has sufficient level or currently being filled (queueDepth=0).
2026-09-02T18:35:18.092+05:00 DEBUG 1848 --- [HikariPool-1 housekeeper] com.zaxxer.hikari.pool.HikariPool        : HikariPool-1 - Pool stats (total=10, active=0, idle=10, waiting=0)
2026-09-02T18:35:18.092+05:00 DEBUG 1848 --- [HikariPool-1 housekeeper] com.zaxxer.hikari.pool.HikariPool        : HikariPool-1 - Fill pool skipped, pool has sufficient level or currently being filled (queueDepth=0).
2026-09-02T18:35:48.103+05:00 DEBUG 1848 --- [HikariPool-1 housekeeper] com.zaxxer.hikari.pool.HikariPool        : HikariPool-1 - Pool stats (total=10, active=0, idle=10, waiting=0)
2026-09-02T18:35:48.104+05:00 DEBUG 1848 --- [HikariPool-1 housekeeper] com.zaxxer.hikari.pool.HikariPool        : HikariPool-1 - Fill pool skipped, pool has sufficient level or currently being filled (queueDepth=0).
2026-09-02T18:36:18.116+05:00 DEBUG 1848 --- [HikariPool-1 housekeeper] com.zaxxer.hikari.pool.HikariPool        : HikariPool-1 - Pool stats (total=10, active=0, idle=10, waiting=0)
2026-09-02T18:36:18.117+05:00 DEBUG 1848 --- [HikariPool-1 housekeeper] com.zaxxer.hikari.pool.HikariPool        : HikariPool-1 - Fill pool skipped, pool has sufficient level or currently being filled (queueDepth=0).
2026-09-02T18:36:48.133+05:00 DEBUG 1848 --- [HikariPool-1 housekeeper] com.zaxxer.hikari.pool.HikariPool        : HikariPool-1 - Pool stats (total=10, active=0, idle=10, waiting=0)
2026-09-02T18:36:48.133+05:00 DEBUG 1848 --- [HikariPool-1 housekeeper] com.zaxxer.hikari.pool.HikariPool        : HikariPool-1 - Fill pool skipped, pool has sufficient level or currently being filled (queueDepth=0).
2026-09-02T18:37:18.147+05:00 DEBUG 1848 --- [HikariPool-1 housekeeper] com.zaxxer.hikari.pool.HikariPool        : HikariPool-1 - Pool stats (total=10, active=0, idle=10, waiting=0)
2026-09-02T18:37:18.148+05:00 DEBUG 1848 --- [HikariPool-1 housekeeper] com.zaxxer.hikari.pool.HikariPool        : HikariPool-1 - Fill pool skipped, pool has sufficient level or currently being filled (queueDepth=0).
2026-09-02T18:37:48.154+05:00 DEBUG 1848 --- [HikariPool-1 housekeeper] com.zaxxer.hikari.pool.HikariPool        : HikariPool-1 - Pool stats (total=10, active=0, idle=10, waiting=0)
2026-09-02T18:37:48.154+05:00 DEBUG 1848 --- [HikariPool-1 housekeeper] com.zaxxer.hikari.pool.HikariPool        : HikariPool-1 - Fill pool skipped, pool has sufficient level or currently being filled (queueDepth=0).
2026-09-02T18:38:18.170+05:00 DEBUG 1848 --- [HikariPool-1 housekeeper] com.zaxxer.hikari.pool.HikariPool        : HikariPool-1 - Pool stats (total=10, active=0, idle=10, waiting=0)
2026-09-02T18:38:18.171+05:00 DEBUG 1848 --- [HikariPool-1 housekeeper] com.zaxxer.hikari.pool.HikariPool        : HikariPool-1 - Fill pool skipped, pool has sufficient level or currently being filled (queueDepth=0).
2026-09-02T18:38:48.179+05:00 DEBUG 1848 --- [HikariPool-1 housekeeper] com.zaxxer.hikari.pool.HikariPool        : HikariPool-1 - Pool stats (total=10, active=0, idle=10, waiting=0)
2026-09-02T18:38:48.180+05:00 DEBUG 1848 --- [HikariPool-1 housekeeper] com.zaxxer.hikari.pool.HikariPool        : HikariPool-1 - Fill pool skipped, pool has sufficient level or currently being filled (queueDepth=0).
2026-09-02T18:39:18.194+05:00 DEBUG 1848 --- [HikariPool-1 housekeeper] com.zaxxer.hikari.pool.HikariPool        : HikariPool-1 - Pool stats (total=10, active=0, idle=10, waiting=0)
2026-09-02T18:39:18.195+05:00 DEBUG 1848 --- [HikariPool-1 housekeeper] com.zaxxer.hikari.pool.HikariPool        : HikariPool-1 - Fill pool skipped, pool has sufficient level or currently being filled (queueDepth=0).
2026-09-02T18:39:48.197+05:00 DEBUG 1848 --- [HikariPool-1 housekeeper] com.zaxxer.hikari.pool.HikariPool        : HikariPool-1 - Pool stats (total=10, active=0, idle=10, waiting=0)
2026-09-02T18:39:48.197+05:00 DEBUG 1848 --- [HikariPool-1 housekeeper] com.zaxxer.hikari.pool.HikariPool        : HikariPool-1 - Fill pool skipped, pool has sufficient level or currently being filled (queueDepth=0).
2026-09-02T18:40:18.198+05:00 DEBUG 1848 --- [HikariPool-1 housekeeper] com.zaxxer.hikari.pool.HikariPool        : HikariPool-1 - Pool stats (total=10, active=0, idle=10, waiting=0)
2026-09-02T18:40:18.198+05:00 DEBUG 1848 --- [HikariPool-1 housekeeper] com.zaxxer.hikari.pool.HikariPool        : HikariPool-1 - Fill pool skipped, pool has sufficient level or currently being filled (queueDepth=0).
2026-09-02T18:40:48.203+05:00 DEBUG 1848 --- [HikariPool-1 housekeeper] com.zaxxer.hikari.pool.HikariPool        : HikariPool-1 - Pool stats (total=10, active=0, idle=10, waiting=0)
2026-09-02T18:40:48.204+05:00 DEBUG 1848 --- [HikariPool-1 housekeeper] com.zaxxer.hikari.pool.HikariPool        : HikariPool-1 - Fill pool skipped, pool has sufficient level or currently being filled (queueDepth=0).
2026-09-02T18:41:18.216+05:00 DEBUG 1848 --- [HikariPool-1 housekeeper] com.zaxxer.hikari.pool.HikariPool        : HikariPool-1 - Pool stats (total=10, active=0, idle=10, waiting=0)
2026-09-02T18:41:18.216+05:00 DEBUG 1848 --- [HikariPool-1 housekeeper] com.zaxxer.hikari.pool.HikariPool        : HikariPool-1 - Fill pool skipped, pool has sufficient level or currently being filled (queueDepth=0).
2026-09-02T18:41:48.222+05:00 DEBUG 1848 --- [HikariPool-1 housekeeper] com.zaxxer.hikari.pool.HikariPool        : HikariPool-1 - Pool stats (total=10, active=0, idle=10, waiting=0)
2026-09-02T18:41:48.223+05:00 DEBUG 1848 --- [HikariPool-1 housekeeper] com.zaxxer.hikari.pool.HikariPool        : HikariPool-1 - Fill pool skipped, pool has sufficient level or currently being filled (queueDepth=0).
2026-09-02T18:42:18.228+05:00 DEBUG 1848 --- [HikariPool-1 housekeeper] com.zaxxer.hikari.pool.HikariPool        : HikariPool-1 - Pool stats (total=10, active=0, idle=10, waiting=0)
2026-09-02T18:42:18.228+05:00 DEBUG 1848 --- [HikariPool-1 housekeeper] com.zaxxer.hikari.pool.HikariPool        : HikariPool-1 - Fill pool skipped, pool has sufficient level or currently being filled (queueDepth=0).
2026-09-02T18:42:48.233+05:00 DEBUG 1848 --- [HikariPool-1 housekeeper] com.zaxxer.hikari.pool.HikariPool        : HikariPool-1 - Pool stats (total=10, active=0, idle=10, waiting=0)
2026-09-02T18:42:48.234+05:00 DEBUG 1848 --- [HikariPool-1 housekeeper] com.zaxxer.hikari.pool.HikariPool        : HikariPool-1 - Fill pool skipped, pool has sufficient level or currently being filled (queueDepth=0).
2026-09-02T18:43:18.247+05:00 DEBUG 1848 --- [HikariPool-1 housekeeper] com.zaxxer.hikari.pool.HikariPool        : HikariPool-1 - Pool stats (total=10, active=0, idle=10, waiting=0)
2026-09-02T18:43:18.247+05:00 DEBUG 1848 --- [HikariPool-1 housekeeper] com.zaxxer.hikari.pool.HikariPool        : HikariPool-1 - Fill pool skipped, pool has sufficient level or currently being filled (queueDepth=0).
2026-09-02T18:43:48.257+05:00 DEBUG 1848 --- [HikariPool-1 housekeeper] com.zaxxer.hikari.pool.HikariPool        : HikariPool-1 - Pool stats (total=10, active=0, idle=10, waiting=0)
2026-09-02T18:43:48.257+05:00 DEBUG 1848 --- [HikariPool-1 housekeeper] com.zaxxer.hikari.pool.HikariPool        : HikariPool-1 - Fill pool skipped, pool has sufficient level or currently being filled (queueDepth=0).
2026-09-02T18:44:18.268+05:00 DEBUG 1848 --- [HikariPool-1 housekeeper] com.zaxxer.hikari.pool.HikariPool        : HikariPool-1 - Pool stats (total=10, active=0, idle=10, waiting=0)
2026-09-02T18:44:18.268+05:00 DEBUG 1848 --- [HikariPool-1 housekeeper] com.zaxxer.hikari.pool.HikariPool        : HikariPool-1 - Fill pool skipped, pool has sufficient level or currently being filled (queueDepth=0).
2026-09-02T18:44:48.269+05:00 DEBUG 1848 --- [HikariPool-1 housekeeper] com.zaxxer.hikari.pool.HikariPool        : HikariPool-1 - Pool stats (total=10, active=0, idle=10, waiting=0)
2026-09-02T18:44:48.269+05:00 DEBUG 1848 --- [HikariPool-1 housekeeper] com.zaxxer.hikari.pool.HikariPool        : HikariPool-1 - Fill pool skipped, pool has sufficient level or currently being filled (queueDepth=0).
2026-09-02T18:45:18.280+05:00 DEBUG 1848 --- [HikariPool-1 housekeeper] com.zaxxer.hikari.pool.HikariPool        : HikariPool-1 - Pool stats (total=10, active=0, idle=10, waiting=0)
2026-09-02T18:45:18.284+05:00 DEBUG 1848 --- [HikariPool-1 housekeeper] com.zaxxer.hikari.pool.HikariPool        : HikariPool-1 - Fill pool skipped, pool has sufficient level or currently being filled (queueDepth=0).
2026-09-02T18:45:48.294+05:00 DEBUG 1848 --- [HikariPool-1 housekeeper] com.zaxxer.hikari.pool.HikariPool        : HikariPool-1 - Pool stats (total=10, active=0, idle=10, waiting=0)
2026-09-02T18:45:48.294+05:00 DEBUG 1848 --- [HikariPool-1 housekeeper] com.zaxxer.hikari.pool.HikariPool        : HikariPool-1 - Fill pool skipped, pool has sufficient level or currently being filled (queueDepth=0).
2026-09-02T18:46:18.302+05:00 DEBUG 1848 --- [HikariPool-1 housekeeper] com.zaxxer.hikari.pool.HikariPool        : HikariPool-1 - Pool stats (total=10, active=0, idle=10, waiting=0)
2026-09-02T18:46:18.302+05:00 DEBUG 1848 --- [HikariPool-1 housekeeper] com.zaxxer.hikari.pool.HikariPool        : HikariPool-1 - Fill pool skipped, pool has sufficient level or currently being filled (queueDepth=0).
2026-09-02T18:46:48.305+05:00 DEBUG 1848 --- [HikariPool-1 housekeeper] com.zaxxer.hikari.pool.HikariPool        : HikariPool-1 - Pool stats (total=10, active=0, idle=10, waiting=0)
2026-09-02T18:46:48.306+05:00 DEBUG 1848 --- [HikariPool-1 housekeeper] com.zaxxer.hikari.pool.HikariPool        : HikariPool-1 - Fill pool skipped, pool has sufficient level or currently being filled (queueDepth=0).
2026-09-02T18:47:18.322+05:00 DEBUG 1848 --- [HikariPool-1 housekeeper] com.zaxxer.hikari.pool.HikariPool        : HikariPool-1 - Pool stats (total=10, active=0, idle=10, waiting=0)
2026-09-02T18:47:18.322+05:00 DEBUG 1848 --- [HikariPool-1 housekeeper] com.zaxxer.hikari.pool.HikariPool        : HikariPool-1 - Fill pool skipped, pool has sufficient level or currently being filled (queueDepth=0).
2026-09-02T18:47:48.332+05:00 DEBUG 1848 --- [HikariPool-1 housekeeper] com.zaxxer.hikari.pool.HikariPool        : HikariPool-1 - Pool stats (total=10, active=0, idle=10, waiting=0)
2026-09-02T18:47:48.332+05:00 DEBUG 1848 --- [HikariPool-1 housekeeper] com.zaxxer.hikari.pool.HikariPool        : HikariPool-1 - Fill pool skipped, pool has sufficient level or currently being filled (queueDepth=0).
2026-09-02T18:48:18.337+05:00 DEBUG 1848 --- [HikariPool-1 housekeeper] com.zaxxer.hikari.pool.HikariPool        : HikariPool-1 - Pool stats (total=10, active=0, idle=10, waiting=0)
2026-09-02T18:48:18.338+05:00 DEBUG 1848 --- [HikariPool-1 housekeeper] com.zaxxer.hikari.pool.HikariPool        : HikariPool-1 - Fill pool skipped, pool has sufficient level or currently being filled (queueDepth=0).
2026-09-02T18:48:48.360+05:00 DEBUG 1848 --- [HikariPool-1 housekeeper] com.zaxxer.hikari.pool.HikariPool        : HikariPool-1 - Pool stats (total=10, active=0, idle=10, waiting=0)
2026-09-02T18:48:48.361+05:00 DEBUG 1848 --- [HikariPool-1 housekeeper] com.zaxxer.hikari.pool.HikariPool        : HikariPool-1 - Fill pool skipped, pool has sufficient level or currently being filled (queueDepth=0).
2026-09-02T18:49:18.364+05:00 DEBUG 1848 --- [HikariPool-1 housekeeper] com.zaxxer.hikari.pool.HikariPool        : HikariPool-1 - Pool stats (total=10, active=0, idle=10, waiting=0)
2026-09-02T18:49:18.369+05:00 DEBUG 1848 --- [HikariPool-1 housekeeper] com.zaxxer.hikari.pool.HikariPool        : HikariPool-1 - Fill pool skipped, pool has sufficient level or currently being filled (queueDepth=0).
2026-09-02T18:49:48.381+05:00 DEBUG 1848 --- [HikariPool-1 housekeeper] com.zaxxer.hikari.pool.HikariPool        : HikariPool-1 - Pool stats (total=10, active=0, idle=10, waiting=0)
2026-09-02T18:49:48.383+05:00 DEBUG 1848 --- [HikariPool-1 housekeeper] com.zaxxer.hikari.pool.HikariPool        : HikariPool-1 - Fill pool skipped, pool has sufficient level or currently being filled (queueDepth=0).
2026-09-02T18:50:18.385+05:00 DEBUG 1848 --- [HikariPool-1 housekeeper] com.zaxxer.hikari.pool.HikariPool        : HikariPool-1 - Pool stats (total=10, active=0, idle=10, waiting=0)
2026-09-02T18:50:18.386+05:00 DEBUG 1848 --- [HikariPool-1 housekeeper] com.zaxxer.hikari.pool.HikariPool        : HikariPool-1 - Fill pool skipped, pool has sufficient level or currently being filled (queueDepth=0).
2026-09-02T18:50:48.392+05:00 DEBUG 1848 --- [HikariPool-1 housekeeper] com.zaxxer.hikari.pool.HikariPool        : HikariPool-1 - Pool stats (total=10, active=0, idle=10, waiting=0)
2026-09-02T18:50:48.393+05:00 DEBUG 1848 --- [HikariPool-1 housekeeper] com.zaxxer.hikari.pool.HikariPool        : HikariPool-1 - Fill pool skipped, pool has sufficient level or currently being filled (queueDepth=0).
2026-09-02T18:51:18.397+05:00 DEBUG 1848 --- [HikariPool-1 housekeeper] com.zaxxer.hikari.pool.HikariPool        : HikariPool-1 - Pool stats (total=10, active=0, idle=10, waiting=0)
2026-09-02T18:51:18.397+05:00 DEBUG 1848 --- [HikariPool-1 housekeeper] com.zaxxer.hikari.pool.HikariPool        : HikariPool-1 - Fill pool skipped, pool has sufficient level or currently being filled (queueDepth=0).
2026-09-02T18:51:48.412+05:00 DEBUG 1848 --- [HikariPool-1 housekeeper] com.zaxxer.hikari.pool.HikariPool        : HikariPool-1 - Pool stats (total=10, active=0, idle=10, waiting=0)
2026-09-02T18:51:48.412+05:00 DEBUG 1848 --- [HikariPool-1 housekeeper] com.zaxxer.hikari.pool.HikariPool        : HikariPool-1 - Fill pool skipped, pool has sufficient level or currently being filled (queueDepth=0).
2026-09-02T18:52:18.419+05:00 DEBUG 1848 --- [HikariPool-1 housekeeper] com.zaxxer.hikari.pool.HikariPool        : HikariPool-1 - Pool stats (total=10, active=0, idle=10, waiting=0)
2026-09-02T18:52:18.420+05:00 DEBUG 1848 --- [HikariPool-1 housekeeper] com.zaxxer.hikari.pool.HikariPool        : HikariPool-1 - Fill pool skipped, pool has sufficient level or currently being filled (queueDepth=0).
2026-09-02T18:52:48.423+05:00 DEBUG 1848 --- [HikariPool-1 housekeeper] com.zaxxer.hikari.pool.HikariPool        : HikariPool-1 - Pool stats (total=10, active=0, idle=10, waiting=0)
2026-09-02T18:52:48.424+05:00 DEBUG 1848 --- [HikariPool-1 housekeeper] com.zaxxer.hikari.pool.HikariPool        : HikariPool-1 - Fill pool skipped, pool has sufficient level or currently being filled (queueDepth=0).
2026-09-02T18:53:18.435+05:00 DEBUG 1848 --- [HikariPool-1 housekeeper] com.zaxxer.hikari.pool.HikariPool        : HikariPool-1 - Pool stats (total=10, active=0, idle=10, waiting=0)
2026-09-02T18:53:18.436+05:00 DEBUG 1848 --- [HikariPool-1 housekeeper] com.zaxxer.hikari.pool.HikariPool        : HikariPool-1 - Fill pool skipped, pool has sufficient level or currently being filled (queueDepth=0).
2026-09-02T18:53:33.830+05:00 DEBUG 1848 --- [HikariPool-1 connection closer] com.zaxxer.hikari.pool.PoolBase          : HikariPool-1 - Closing connection com.mysql.cj.jdbc.ConnectionImpl@1390816b: (connection has passed maxLifetime)
2026-09-02T18:53:33.873+05:00 DEBUG 1848 --- [HikariPool-1 connection adder] com.zaxxer.hikari.pool.HikariPool        : HikariPool-1 - Added connection com.mysql.cj.jdbc.ConnectionImpl@3065b06c
2026-09-02T18:53:38.595+05:00 DEBUG 1848 --- [HikariPool-1 connection closer] com.zaxxer.hikari.pool.PoolBase          : HikariPool-1 - Closing connection com.mysql.cj.jdbc.ConnectionImpl@70a7e895: (connection has passed maxLifetime)
2026-09-02T18:53:38.600+05:00 DEBUG 1848 --- [HikariPool-1 connection adder] com.zaxxer.hikari.pool.HikariPool        : HikariPool-1 - Added connection com.mysql.cj.jdbc.ConnectionImpl@7158ba57
2026-09-02T18:53:44.101+05:00 DEBUG 1848 --- [HikariPool-1 connection closer] com.zaxxer.hikari.pool.PoolBase          : HikariPool-1 - Closing connection com.mysql.cj.jdbc.ConnectionImpl@30cea7ca: (connection has passed maxLifetime)
2026-09-02T18:53:44.108+05:00 DEBUG 1848 --- [HikariPool-1 connection adder] com.zaxxer.hikari.pool.HikariPool        : HikariPool-1 - Added connection com.mysql.cj.jdbc.ConnectionImpl@13dcb714
2026-09-02T18:53:48.442+05:00 DEBUG 1848 --- [HikariPool-1 housekeeper] com.zaxxer.hikari.pool.HikariPool        : HikariPool-1 - Pool stats (total=10, active=0, idle=10, waiting=0)
2026-09-02T18:53:48.442+05:00 DEBUG 1848 --- [HikariPool-1 housekeeper] com.zaxxer.hikari.pool.HikariPool        : HikariPool-1 - Fill pool skipped, pool has sufficient level or currently being filled (queueDepth=0).
2026-09-02T18:53:52.446+05:00 DEBUG 1848 --- [HikariPool-1 connection closer] com.zaxxer.hikari.pool.PoolBase          : HikariPool-1 - Closing connection com.mysql.cj.jdbc.ConnectionImpl@3e5b6057: (connection has passed maxLifetime)
2026-09-02T18:53:52.450+05:00 DEBUG 1848 --- [HikariPool-1 connection adder] com.zaxxer.hikari.pool.HikariPool        : HikariPool-1 - Added connection com.mysql.cj.jdbc.ConnectionImpl@7fe3770c
2026-09-02T18:53:55.435+05:00 DEBUG 1848 --- [HikariPool-1 connection closer] com.zaxxer.hikari.pool.PoolBase          : HikariPool-1 - Closing connection com.mysql.cj.jdbc.ConnectionImpl@f2f7a72: (connection has passed maxLifetime)
2026-09-02T18:53:55.440+05:00 DEBUG 1848 --- [HikariPool-1 connection adder] com.zaxxer.hikari.pool.HikariPool        : HikariPool-1 - Added connection com.mysql.cj.jdbc.ConnectionImpl@3ede7d37
2026-09-02T18:53:56.608+05:00 DEBUG 1848 --- [HikariPool-1 connection closer] com.zaxxer.hikari.pool.PoolBase          : HikariPool-1 - Closing connection com.mysql.cj.jdbc.ConnectionImpl@40a79aa6: (connection has passed maxLifetime)
2026-09-02T18:53:56.613+05:00 DEBUG 1848 --- [HikariPool-1 connection adder] com.zaxxer.hikari.pool.HikariPool        : HikariPool-1 - Added connection com.mysql.cj.jdbc.ConnectionImpl@faae28a
2026-09-02T18:53:59.642+05:00 DEBUG 1848 --- [HikariPool-1 connection closer] com.zaxxer.hikari.pool.PoolBase          : HikariPool-1 - Closing connection com.mysql.cj.jdbc.ConnectionImpl@5e749f18: (connection has passed maxLifetime)
2026-09-02T18:53:59.647+05:00 DEBUG 1848 --- [HikariPool-1 connection adder] com.zaxxer.hikari.pool.HikariPool        : HikariPool-1 - Added connection com.mysql.cj.jdbc.ConnectionImpl@5ef18278
2026-09-02T18:54:10.756+05:00 DEBUG 1848 --- [HikariPool-1 connection closer] com.zaxxer.hikari.pool.PoolBase          : HikariPool-1 - Closing connection com.mysql.cj.jdbc.ConnectionImpl@7f666a6c: (connection has passed maxLifetime)
2026-09-02T18:54:10.762+05:00 DEBUG 1848 --- [HikariPool-1 connection adder] com.zaxxer.hikari.pool.HikariPool        : HikariPool-1 - Added connection com.mysql.cj.jdbc.ConnectionImpl@5667498c
2026-09-02T18:54:18.443+05:00 DEBUG 1848 --- [HikariPool-1 housekeeper] com.zaxxer.hikari.pool.HikariPool        : HikariPool-1 - Pool stats (total=10, active=0, idle=10, waiting=0)
2026-09-02T18:54:18.443+05:00 DEBUG 1848 --- [HikariPool-1 housekeeper] com.zaxxer.hikari.pool.HikariPool        : HikariPool-1 - Fill pool skipped, pool has sufficient level or currently being filled (queueDepth=0).
2026-09-02T18:54:48.444+05:00 DEBUG 1848 --- [HikariPool-1 housekeeper] com.zaxxer.hikari.pool.HikariPool        : HikariPool-1 - Pool stats (total=10, active=0, idle=10, waiting=0)
2026-09-02T18:54:48.444+05:00 DEBUG 1848 --- [HikariPool-1 housekeeper] com.zaxxer.hikari.pool.HikariPool        : HikariPool-1 - Fill pool skipped, pool has sufficient level or currently being filled (queueDepth=0).
2026-09-02T18:54:53.987+05:00 DEBUG 1848 --- [HikariPool-1 connection closer] com.zaxxer.hikari.pool.PoolBase          : HikariPool-1 - Closing connection com.mysql.cj.jdbc.ConnectionImpl@4ce937fa: (connection has passed maxLifetime)
2026-09-02T18:54:53.992+05:00 DEBUG 1848 --- [HikariPool-1 connection adder] com.zaxxer.hikari.pool.HikariPool        : HikariPool-1 - Added connection com.mysql.cj.jdbc.ConnectionImpl@750cc304
2026-09-02T18:55:18.451+05:00 DEBUG 1848 --- [HikariPool-1 housekeeper] com.zaxxer.hikari.pool.HikariPool        : HikariPool-1 - Pool stats (total=10, active=0, idle=10, waiting=0)
2026-09-02T18:55:18.452+05:00 DEBUG 1848 --- [HikariPool-1 housekeeper] com.zaxxer.hikari.pool.HikariPool        : HikariPool-1 - Fill pool skipped, pool has sufficient level or currently being filled (queueDepth=0).
2026-09-02T18:55:39.711+05:00 DEBUG 1848 --- [HikariPool-1 connection closer] com.zaxxer.hikari.pool.PoolBase          : HikariPool-1 - Closing connection com.mysql.cj.jdbc.ConnectionImpl@721e0350: (connection has passed maxLifetime)
2026-09-02T18:55:39.716+05:00 DEBUG 1848 --- [HikariPool-1 connection adder] com.zaxxer.hikari.pool.HikariPool        : HikariPool-1 - Added connection com.mysql.cj.jdbc.ConnectionImpl@789ce43
2026-09-02T18:55:48.462+05:00 DEBUG 1848 --- [HikariPool-1 housekeeper] com.zaxxer.hikari.pool.HikariPool        : HikariPool-1 - Pool stats (total=10, active=0, idle=10, waiting=0)
2026-09-02T18:55:48.462+05:00 DEBUG 1848 --- [HikariPool-1 housekeeper] com.zaxxer.hikari.pool.HikariPool        : HikariPool-1 - Fill pool skipped, pool has sufficient level or currently being filled (queueDepth=0).
2026-09-02T18:56:18.476+05:00 DEBUG 1848 --- [HikariPool-1 housekeeper] com.zaxxer.hikari.pool.HikariPool        : HikariPool-1 - Pool stats (total=10, active=0, idle=10, waiting=0)
2026-09-02T18:56:18.476+05:00 DEBUG 1848 --- [HikariPool-1 housekeeper] com.zaxxer.hikari.pool.HikariPool        : HikariPool-1 - Fill pool skipped, pool has sufficient level or currently being filled (queueDepth=0).
2026-09-02T18:56:48.490+05:00 DEBUG 1848 --- [HikariPool-1 housekeeper] com.zaxxer.hikari.pool.HikariPool        : HikariPool-1 - Pool stats (total=10, active=0, idle=10, waiting=0)
2026-09-02T18:56:48.490+05:00 DEBUG 1848 --- [HikariPool-1 housekeeper] com.zaxxer.hikari.pool.HikariPool        : HikariPool-1 - Fill pool skipped, pool has sufficient level or currently being filled (queueDepth=0).
2026-09-02T18:57:18.502+05:00 DEBUG 1848 --- [HikariPool-1 housekeeper] com.zaxxer.hikari.pool.HikariPool        : HikariPool-1 - Pool stats (total=10, active=0, idle=10, waiting=0)
2026-09-02T18:57:18.503+05:00 DEBUG 1848 --- [HikariPool-1 housekeeper] com.zaxxer.hikari.pool.HikariPool        : HikariPool-1 - Fill pool skipped, pool has sufficient level or currently being filled (queueDepth=0).
2026-09-02T18:57:48.512+05:00 DEBUG 1848 --- [HikariPool-1 housekeeper] com.zaxxer.hikari.pool.HikariPool        : HikariPool-1 - Pool stats (total=10, active=0, idle=10, waiting=0)
2026-09-02T18:57:48.512+05:00 DEBUG 1848 --- [HikariPool-1 housekeeper] com.zaxxer.hikari.pool.HikariPool        : HikariPool-1 - Fill pool skipped, pool has sufficient level or currently being filled (queueDepth=0).
2026-09-02T18:58:18.519+05:00 DEBUG 1848 --- [HikariPool-1 housekeeper] com.zaxxer.hikari.pool.HikariPool        : HikariPool-1 - Pool stats (total=10, active=0, idle=10, waiting=0)
2026-09-02T18:58:18.519+05:00 DEBUG 1848 --- [HikariPool-1 housekeeper] com.zaxxer.hikari.pool.HikariPool        : HikariPool-1 - Fill pool skipped, pool has sufficient level or currently being filled (queueDepth=0).
2026-09-02T18:58:48.522+05:00 DEBUG 1848 --- [HikariPool-1 housekeeper] com.zaxxer.hikari.pool.HikariPool        : HikariPool-1 - Pool stats (total=10, active=0, idle=10, waiting=0)
2026-09-02T18:58:48.522+05:00 DEBUG 1848 --- [HikariPool-1 housekeeper] com.zaxxer.hikari.pool.HikariPool        : HikariPool-1 - Fill pool skipped, pool has sufficient level or currently being filled (queueDepth=0).
2026-09-02T18:59:18.527+05:00 DEBUG 1848 --- [HikariPool-1 housekeeper] com.zaxxer.hikari.pool.HikariPool        : HikariPool-1 - Pool stats (total=10, active=0, idle=10, waiting=0)
2026-09-02T18:59:18.528+05:00 DEBUG 1848 --- [HikariPool-1 housekeeper] com.zaxxer.hikari.pool.HikariPool        : HikariPool-1 - Fill pool skipped, pool has sufficient level or currently being filled (queueDepth=0).
2026-09-02T18:59:48.528+05:00 DEBUG 1848 --- [HikariPool-1 housekeeper] com.zaxxer.hikari.pool.HikariPool        : HikariPool-1 - Pool stats (total=10, active=0, idle=10, waiting=0)
2026-09-02T18:59:48.529+05:00 DEBUG 1848 --- [HikariPool-1 housekeeper] com.zaxxer.hikari.pool.HikariPool        : HikariPool-1 - Fill pool skipped, pool has sufficient level or currently being filled (queueDepth=0).
2026-09-02T19:00:18.543+05:00 DEBUG 1848 --- [HikariPool-1 housekeeper] com.zaxxer.hikari.pool.HikariPool        : HikariPool-1 - Pool stats (total=10, active=0, idle=10, waiting=0)
2026-09-02T19:00:18.543+05:00 DEBUG 1848 --- [HikariPool-1 housekeeper] com.zaxxer.hikari.pool.HikariPool        : HikariPool-1 - Fill pool skipped, pool has sufficient level or currently being filled (queueDepth=0).
2026-09-02T19:00:48.552+05:00 DEBUG 1848 --- [HikariPool-1 housekeeper] com.zaxxer.hikari.pool.HikariPool        : HikariPool-1 - Pool stats (total=10, active=0, idle=10, waiting=0)
2026-09-02T19:00:48.552+05:00 DEBUG 1848 --- [HikariPool-1 housekeeper] com.zaxxer.hikari.pool.HikariPool        : HikariPool-1 - Fill pool skipped, pool has sufficient level or currently being filled (queueDepth=0).
2026-09-02T19:01:18.556+05:00 DEBUG 1848 --- [HikariPool-1 housekeeper] com.zaxxer.hikari.pool.HikariPool        : HikariPool-1 - Pool stats (total=10, active=0, idle=10, waiting=0)
2026-09-02T19:01:18.556+05:00 DEBUG 1848 --- [HikariPool-1 housekeeper] com.zaxxer.hikari.pool.HikariPool        : HikariPool-1 - Fill pool skipped, pool has sufficient level or currently being filled (queueDepth=0).
2026-09-02T19:01:48.567+05:00 DEBUG 1848 --- [HikariPool-1 housekeeper] com.zaxxer.hikari.pool.HikariPool        : HikariPool-1 - Pool stats (total=10, active=0, idle=10, waiting=0)
2026-09-02T19:01:48.567+05:00 DEBUG 1848 --- [HikariPool-1 housekeeper] com.zaxxer.hikari.pool.HikariPool        : HikariPool-1 - Fill pool skipped, pool has sufficient level or currently being filled (queueDepth=0).
2026-09-02T19:02:18.579+05:00 DEBUG 1848 --- [HikariPool-1 housekeeper] com.zaxxer.hikari.pool.HikariPool        : HikariPool-1 - Pool stats (total=10, active=0, idle=10, waiting=0)
2026-09-02T19:02:18.580+05:00 DEBUG 1848 --- [HikariPool-1 housekeeper] com.zaxxer.hikari.pool.HikariPool        : HikariPool-1 - Fill pool skipped, pool has sufficient level or currently being filled (queueDepth=0).
2026-09-02T19:02:48.582+05:00 DEBUG 1848 --- [HikariPool-1 housekeeper] com.zaxxer.hikari.pool.HikariPool        : HikariPool-1 - Pool stats (total=10, active=0, idle=10, waiting=0)
2026-09-02T19:02:48.582+05:00 DEBUG 1848 --- [HikariPool-1 housekeeper] com.zaxxer.hikari.pool.HikariPool        : HikariPool-1 - Fill pool skipped, pool has sufficient level or currently being filled (queueDepth=0).
2026-09-02T19:03:18.587+05:00 DEBUG 1848 --- [HikariPool-1 housekeeper] com.zaxxer.hikari.pool.HikariPool        : HikariPool-1 - Pool stats (total=10, active=0, idle=10, waiting=0)
2026-09-02T19:03:18.588+05:00 DEBUG 1848 --- [HikariPool-1 housekeeper] com.zaxxer.hikari.pool.HikariPool        : HikariPool-1 - Fill pool skipped, pool has sufficient level or currently being filled (queueDepth=0).
2026-09-02T19:03:48.602+05:00 DEBUG 1848 --- [HikariPool-1 housekeeper] com.zaxxer.hikari.pool.HikariPool        : HikariPool-1 - Pool stats (total=10, active=0, idle=10, waiting=0)
2026-09-02T19:03:48.602+05:00 DEBUG 1848 --- [HikariPool-1 housekeeper] com.zaxxer.hikari.pool.HikariPool        : HikariPool-1 - Fill pool skipped, pool has sufficient level or currently being filled (queueDepth=0).
2026-09-02T19:04:18.614+05:00 DEBUG 1848 --- [HikariPool-1 housekeeper] com.zaxxer.hikari.pool.HikariPool        : HikariPool-1 - Pool stats (total=10, active=0, idle=10, waiting=0)
2026-09-02T19:04:18.614+05:00 DEBUG 1848 --- [HikariPool-1 housekeeper] com.zaxxer.hikari.pool.HikariPool        : HikariPool-1 - Fill pool skipped, pool has sufficient level or currently being filled (queueDepth=0).
2026-09-02T19:04:48.626+05:00 DEBUG 1848 --- [HikariPool-1 housekeeper] com.zaxxer.hikari.pool.HikariPool        : HikariPool-1 - Pool stats (total=10, active=0, idle=10, waiting=0)
2026-09-02T19:04:48.627+05:00 DEBUG 1848 --- [HikariPool-1 housekeeper] com.zaxxer.hikari.pool.HikariPool        : HikariPool-1 - Fill pool skipped, pool has sufficient level or currently being filled (queueDepth=0).
2026-09-02T19:05:18.640+05:00 DEBUG 1848 --- [HikariPool-1 housekeeper] com.zaxxer.hikari.pool.HikariPool        : HikariPool-1 - Pool stats (total=10, active=0, idle=10, waiting=0)
2026-09-02T19:05:18.642+05:00 DEBUG 1848 --- [HikariPool-1 housekeeper] com.zaxxer.hikari.pool.HikariPool        : HikariPool-1 - Fill pool skipped, pool has sufficient level or currently being filled (queueDepth=0).
2026-09-02T19:05:48.652+05:00 DEBUG 1848 --- [HikariPool-1 housekeeper] com.zaxxer.hikari.pool.HikariPool        : HikariPool-1 - Pool stats (total=10, active=0, idle=10, waiting=0)
2026-09-02T19:05:48.654+05:00 DEBUG 1848 --- [HikariPool-1 housekeeper] com.zaxxer.hikari.pool.HikariPool        : HikariPool-1 - Fill pool skipped, pool has sufficient level or currently being filled (queueDepth=0).
2026-09-02T19:06:18.671+05:00 DEBUG 1848 --- [HikariPool-1 housekeeper] com.zaxxer.hikari.pool.HikariPool        : HikariPool-1 - Pool stats (total=10, active=0, idle=10, waiting=0)
2026-09-02T19:06:18.672+05:00 DEBUG 1848 --- [HikariPool-1 housekeeper] com.zaxxer.hikari.pool.HikariPool        : HikariPool-1 - Fill pool skipped, pool has sufficient level or currently being filled (queueDepth=0).
2026-09-02T19:06:48.673+05:00 DEBUG 1848 --- [HikariPool-1 housekeeper] com.zaxxer.hikari.pool.HikariPool        : HikariPool-1 - Pool stats (total=10, active=0, idle=10, waiting=0)
2026-09-02T19:06:48.673+05:00 DEBUG 1848 --- [HikariPool-1 housekeeper] com.zaxxer.hikari.pool.HikariPool        : HikariPool-1 - Fill pool skipped, pool has sufficient level or currently being filled (queueDepth=0).
2026-09-02T19:07:18.682+05:00 DEBUG 1848 --- [HikariPool-1 housekeeper] com.zaxxer.hikari.pool.HikariPool        : HikariPool-1 - Pool stats (total=10, active=0, idle=10, waiting=0)
2026-09-02T19:07:18.682+05:00 DEBUG 1848 --- [HikariPool-1 housekeeper] com.zaxxer.hikari.pool.HikariPool        : HikariPool-1 - Fill pool skipped, pool has sufficient level or currently being filled (queueDepth=0).
2026-09-02T19:07:48.685+05:00 DEBUG 1848 --- [HikariPool-1 housekeeper] com.zaxxer.hikari.pool.HikariPool        : HikariPool-1 - Pool stats (total=10, active=0, idle=10, waiting=0)
2026-09-02T19:07:48.685+05:00 DEBUG 1848 --- [HikariPool-1 housekeeper] com.zaxxer.hikari.pool.HikariPool        : HikariPool-1 - Fill pool skipped, pool has sufficient level or currently being filled (queueDepth=0).
2026-09-02T19:08:18.690+05:00 DEBUG 1848 --- [HikariPool-1 housekeeper] com.zaxxer.hikari.pool.HikariPool        : HikariPool-1 - Pool stats (total=10, active=0, idle=10, waiting=0)
2026-09-02T19:08:18.690+05:00 DEBUG 1848 --- [HikariPool-1 housekeeper] com.zaxxer.hikari.pool.HikariPool        : HikariPool-1 - Fill pool skipped, pool has sufficient level or currently being filled (queueDepth=0).
2026-09-02T19:08:48.693+05:00 DEBUG 1848 --- [HikariPool-1 housekeeper] com.zaxxer.hikari.pool.HikariPool        : HikariPool-1 - Pool stats (total=10, active=0, idle=10, waiting=0)
2026-09-02T19:08:48.693+05:00 DEBUG 1848 --- [HikariPool-1 housekeeper] com.zaxxer.hikari.pool.HikariPool        : HikariPool-1 - Fill pool skipped, pool has sufficient level or currently being filled (queueDepth=0).
2026-09-02T19:09:18.702+05:00 DEBUG 1848 --- [HikariPool-1 housekeeper] com.zaxxer.hikari.pool.HikariPool        : HikariPool-1 - Pool stats (total=10, active=0, idle=10, waiting=0)
2026-09-02T19:09:18.702+05:00 DEBUG 1848 --- [HikariPool-1 housekeeper] com.zaxxer.hikari.pool.HikariPool        : HikariPool-1 - Fill pool skipped, pool has sufficient level or currently being filled (queueDepth=0).
2026-09-02T19:09:48.702+05:00 DEBUG 1848 --- [HikariPool-1 housekeeper] com.zaxxer.hikari.pool.HikariPool        : HikariPool-1 - Pool stats (total=10, active=0, idle=10, waiting=0)
2026-09-02T19:09:48.703+05:00 DEBUG 1848 --- [HikariPool-1 housekeeper] com.zaxxer.hikari.pool.HikariPool        : HikariPool-1 - Fill pool skipped, pool has sufficient level or currently being filled (queueDepth=0).
2026-09-02T19:10:18.718+05:00 DEBUG 1848 --- [HikariPool-1 housekeeper] com.zaxxer.hikari.pool.HikariPool        : HikariPool-1 - Pool stats (total=10, active=0, idle=10, waiting=0)
2026-09-02T19:10:18.718+05:00 DEBUG 1848 --- [HikariPool-1 housekeeper] com.zaxxer.hikari.pool.HikariPool        : HikariPool-1 - Fill pool skipped, pool has sufficient level or currently being filled (queueDepth=0).
2026-09-02T19:10:48.727+05:00 DEBUG 1848 --- [HikariPool-1 housekeeper] com.zaxxer.hikari.pool.HikariPool        : HikariPool-1 - Pool stats (total=10, active=0, idle=10, waiting=0)
2026-09-02T19:10:48.727+05:00 DEBUG 1848 --- [HikariPool-1 housekeeper] com.zaxxer.hikari.pool.HikariPool        : HikariPool-1 - Fill pool skipped, pool has sufficient level or currently being filled (queueDepth=0).
2026-09-02T19:11:18.741+05:00 DEBUG 1848 --- [HikariPool-1 housekeeper] com.zaxxer.hikari.pool.HikariPool        : HikariPool-1 - Pool stats (total=10, active=0, idle=10, waiting=0)
2026-09-02T19:11:18.741+05:00 DEBUG 1848 --- [HikariPool-1 housekeeper] com.zaxxer.hikari.pool.HikariPool        : HikariPool-1 - Fill pool skipped, pool has sufficient level or currently being filled (queueDepth=0).
2026-09-02T19:11:48.753+05:00 DEBUG 1848 --- [HikariPool-1 housekeeper] com.zaxxer.hikari.pool.HikariPool        : HikariPool-1 - Pool stats (total=10, active=0, idle=10, waiting=0)
2026-09-02T19:11:48.753+05:00 DEBUG 1848 --- [HikariPool-1 housekeeper] com.zaxxer.hikari.pool.HikariPool        : HikariPool-1 - Fill pool skipped, pool has sufficient level or currently being filled (queueDepth=0).
2026-09-02T19:12:18.767+05:00 DEBUG 1848 --- [HikariPool-1 housekeeper] com.zaxxer.hikari.pool.HikariPool        : HikariPool-1 - Pool stats (total=10, active=0, idle=10, waiting=0)
2026-09-02T19:12:18.767+05:00 DEBUG 1848 --- [HikariPool-1 housekeeper] com.zaxxer.hikari.pool.HikariPool        : HikariPool-1 - Fill pool skipped, pool has sufficient level or currently being filled (queueDepth=0).
2026-09-02T19:12:48.779+05:00 DEBUG 1848 --- [HikariPool-1 housekeeper] com.zaxxer.hikari.pool.HikariPool        : HikariPool-1 - Pool stats (total=10, active=0, idle=10, waiting=0)
2026-09-02T19:12:48.780+05:00 DEBUG 1848 --- [HikariPool-1 housekeeper] com.zaxxer.hikari.pool.HikariPool        : HikariPool-1 - Fill pool skipped, pool has sufficient level or currently being filled (queueDepth=0).
2026-09-02T19:13:18.795+05:00 DEBUG 1848 --- [HikariPool-1 housekeeper] com.zaxxer.hikari.pool.HikariPool        : HikariPool-1 - Pool stats (total=10, active=0, idle=10, waiting=0)
2026-09-02T19:13:18.796+05:00 DEBUG 1848 --- [HikariPool-1 housekeeper] com.zaxxer.hikari.pool.HikariPool        : HikariPool-1 - Fill pool skipped, pool has sufficient level or currently being filled (queueDepth=0).
2026-09-02T19:13:48.802+05:00 DEBUG 1848 --- [HikariPool-1 housekeeper] com.zaxxer.hikari.pool.HikariPool        : HikariPool-1 - Pool stats (total=10, active=0, idle=10, waiting=0)
2026-09-02T19:13:48.802+05:00 DEBUG 1848 --- [HikariPool-1 housekeeper] com.zaxxer.hikari.pool.HikariPool        : HikariPool-1 - Fill pool skipped, pool has sufficient level or currently being filled (queueDepth=0).
2026-09-02T19:14:18.817+05:00 DEBUG 1848 --- [HikariPool-1 housekeeper] com.zaxxer.hikari.pool.HikariPool        : HikariPool-1 - Pool stats (total=10, active=0, idle=10, waiting=0)
2026-09-02T19:14:18.818+05:00 DEBUG 1848 --- [HikariPool-1 housekeeper] com.zaxxer.hikari.pool.HikariPool        : HikariPool-1 - Fill pool skipped, pool has sufficient level or currently being filled (queueDepth=0).
2026-09-02T19:14:48.831+05:00 DEBUG 1848 --- [HikariPool-1 housekeeper] com.zaxxer.hikari.pool.HikariPool        : HikariPool-1 - Pool stats (total=10, active=0, idle=10, waiting=0)
2026-09-02T19:14:48.832+05:00 DEBUG 1848 --- [HikariPool-1 housekeeper] com.zaxxer.hikari.pool.HikariPool        : HikariPool-1 - Fill pool skipped, pool has sufficient level or currently being filled (queueDepth=0).
2026-09-02T19:15:18.842+05:00 DEBUG 1848 --- [HikariPool-1 housekeeper] com.zaxxer.hikari.pool.HikariPool        : HikariPool-1 - Pool stats (total=10, active=0, idle=10, waiting=0)
2026-09-02T19:15:18.843+05:00 DEBUG 1848 --- [HikariPool-1 housekeeper] com.zaxxer.hikari.pool.HikariPool        : HikariPool-1 - Fill pool skipped, pool has sufficient level or currently being filled (queueDepth=0).
2026-09-02T19:15:48.856+05:00 DEBUG 1848 --- [HikariPool-1 housekeeper] com.zaxxer.hikari.pool.HikariPool        : HikariPool-1 - Pool stats (total=10, active=0, idle=10, waiting=0)
2026-09-02T19:15:48.856+05:00 DEBUG 1848 --- [HikariPool-1 housekeeper] com.zaxxer.hikari.pool.HikariPool        : HikariPool-1 - Fill pool skipped, pool has sufficient level or currently being filled (queueDepth=0).
2026-09-02T19:16:18.868+05:00 DEBUG 1848 --- [HikariPool-1 housekeeper] com.zaxxer.hikari.pool.HikariPool        : HikariPool-1 - Pool stats (total=10, active=0, idle=10, waiting=0)
2026-09-02T19:16:18.869+05:00 DEBUG 1848 --- [HikariPool-1 housekeeper] com.zaxxer.hikari.pool.HikariPool        : HikariPool-1 - Fill pool skipped, pool has sufficient level or currently being filled (queueDepth=0).
2026-09-02T19:16:48.882+05:00 DEBUG 1848 --- [HikariPool-1 housekeeper] com.zaxxer.hikari.pool.HikariPool        : HikariPool-1 - Pool stats (total=10, active=0, idle=10, waiting=0)
2026-09-02T19:16:48.883+05:00 DEBUG 1848 --- [HikariPool-1 housekeeper] com.zaxxer.hikari.pool.HikariPool        : HikariPool-1 - Fill pool skipped, pool has sufficient level or currently being filled (queueDepth=0).
2026-09-02T19:17:18.889+05:00 DEBUG 1848 --- [HikariPool-1 housekeeper] com.zaxxer.hikari.pool.HikariPool        : HikariPool-1 - Pool stats (total=10, active=0, idle=10, waiting=0)
2026-09-02T19:17:18.889+05:00 DEBUG 1848 --- [HikariPool-1 housekeeper] com.zaxxer.hikari.pool.HikariPool        : HikariPool-1 - Fill pool skipped, pool has sufficient level or currently being filled (queueDepth=0).
2026-09-02T19:17:48.890+05:00 DEBUG 1848 --- [HikariPool-1 housekeeper] com.zaxxer.hikari.pool.HikariPool        : HikariPool-1 - Pool stats (total=10, active=0, idle=10, waiting=0)
2026-09-02T19:17:48.890+05:00 DEBUG 1848 --- [HikariPool-1 housekeeper] com.zaxxer.hikari.pool.HikariPool        : HikariPool-1 - Fill pool skipped, pool has sufficient level or currently being filled (queueDepth=0).
2026-09-02T19:18:18.904+05:00 DEBUG 1848 --- [HikariPool-1 housekeeper] com.zaxxer.hikari.pool.HikariPool        : HikariPool-1 - Pool stats (total=10, active=0, idle=10, waiting=0)
2026-09-02T19:18:18.905+05:00 DEBUG 1848 --- [HikariPool-1 housekeeper] com.zaxxer.hikari.pool.HikariPool        : HikariPool-1 - Fill pool skipped, pool has sufficient level or currently being filled (queueDepth=0).
2026-09-02T19:18:48.915+05:00 DEBUG 1848 --- [HikariPool-1 housekeeper] com.zaxxer.hikari.pool.HikariPool        : HikariPool-1 - Pool stats (total=10, active=0, idle=10, waiting=0)
2026-09-02T19:18:48.916+05:00 DEBUG 1848 --- [HikariPool-1 housekeeper] com.zaxxer.hikari.pool.HikariPool        : HikariPool-1 - Fill pool skipped, pool has sufficient level or currently being filled (queueDepth=0).
2026-09-02T19:19:18.927+05:00 DEBUG 1848 --- [HikariPool-1 housekeeper] com.zaxxer.hikari.pool.HikariPool        : HikariPool-1 - Pool stats (total=10, active=0, idle=10, waiting=0)
2026-09-02T19:19:18.927+05:00 DEBUG 1848 --- [HikariPool-1 housekeeper] com.zaxxer.hikari.pool.HikariPool        : HikariPool-1 - Fill pool skipped, pool has sufficient level or currently being filled (queueDepth=0).
2026-09-02T19:19:48.940+05:00 DEBUG 1848 --- [HikariPool-1 housekeeper] com.zaxxer.hikari.pool.HikariPool        : HikariPool-1 - Pool stats (total=10, active=0, idle=10, waiting=0)
2026-09-02T19:19:48.940+05:00 DEBUG 1848 --- [HikariPool-1 housekeeper] com.zaxxer.hikari.pool.HikariPool        : HikariPool-1 - Fill pool skipped, pool has sufficient level or currently being filled (queueDepth=0).
2026-09-02T19:20:18.951+05:00 DEBUG 1848 --- [HikariPool-1 housekeeper] com.zaxxer.hikari.pool.HikariPool        : HikariPool-1 - Pool stats (total=10, active=0, idle=10, waiting=0)
2026-09-02T19:20:18.951+05:00 DEBUG 1848 --- [HikariPool-1 housekeeper] com.zaxxer.hikari.pool.HikariPool        : HikariPool-1 - Fill pool skipped, pool has sufficient level or currently being filled (queueDepth=0).
2026-09-02T19:20:48.965+05:00 DEBUG 1848 --- [HikariPool-1 housekeeper] com.zaxxer.hikari.pool.HikariPool        : HikariPool-1 - Pool stats (total=10, active=0, idle=10, waiting=0)
2026-09-02T19:20:48.965+05:00 DEBUG 1848 --- [HikariPool-1 housekeeper] com.zaxxer.hikari.pool.HikariPool        : HikariPool-1 - Fill pool skipped, pool has sufficient level or currently being filled (queueDepth=0).
2026-09-02T19:21:18.973+05:00 DEBUG 1848 --- [HikariPool-1 housekeeper] com.zaxxer.hikari.pool.HikariPool        : HikariPool-1 - Pool stats (total=10, active=0, idle=10, waiting=0)
2026-09-02T19:21:18.973+05:00 DEBUG 1848 --- [HikariPool-1 housekeeper] com.zaxxer.hikari.pool.HikariPool        : HikariPool-1 - Fill pool skipped, pool has sufficient level or currently being filled (queueDepth=0).
2026-09-02T19:21:48.976+05:00 DEBUG 1848 --- [HikariPool-1 housekeeper] com.zaxxer.hikari.pool.HikariPool        : HikariPool-1 - Pool stats (total=10, active=0, idle=10, waiting=0)
2026-09-02T19:21:48.976+05:00 DEBUG 1848 --- [HikariPool-1 housekeeper] com.zaxxer.hikari.pool.HikariPool        : HikariPool-1 - Fill pool skipped, pool has sufficient level or currently being filled (queueDepth=0).
2026-09-02T19:22:18.988+05:00 DEBUG 1848 --- [HikariPool-1 housekeeper] com.zaxxer.hikari.pool.HikariPool        : HikariPool-1 - Pool stats (total=10, active=0, idle=10, waiting=0)
2026-09-02T19:22:18.988+05:00 DEBUG 1848 --- [HikariPool-1 housekeeper] com.zaxxer.hikari.pool.HikariPool        : HikariPool-1 - Fill pool skipped, pool has sufficient level or currently being filled (queueDepth=0).
2026-09-02T19:22:49.000+05:00 DEBUG 1848 --- [HikariPool-1 housekeeper] com.zaxxer.hikari.pool.HikariPool        : HikariPool-1 - Pool stats (total=10, active=0, idle=10, waiting=0)
2026-09-02T19:22:49.005+05:00 DEBUG 1848 --- [HikariPool-1 housekeeper] com.zaxxer.hikari.pool.HikariPool        : HikariPool-1 - Fill pool skipped, pool has sufficient level or currently being filled (queueDepth=0).
2026-09-02T19:23:01.862+05:00 DEBUG 1848 --- [HikariPool-1 connection closer] com.zaxxer.hikari.pool.PoolBase          : HikariPool-1 - Closing connection com.mysql.cj.jdbc.ConnectionImpl@13dcb714: (connection has passed maxLifetime)
2026-09-02T19:23:01.883+05:00 DEBUG 1848 --- [HikariPool-1 connection adder] com.zaxxer.hikari.pool.HikariPool        : HikariPool-1 - Added connection com.mysql.cj.jdbc.ConnectionImpl@7c68dd92
2026-09-02T19:23:10.198+05:00 DEBUG 1848 --- [HikariPool-1 connection closer] com.zaxxer.hikari.pool.PoolBase          : HikariPool-1 - Closing connection com.mysql.cj.jdbc.ConnectionImpl@7158ba57: (connection has passed maxLifetime)
2026-09-02T19:23:10.201+05:00 DEBUG 1848 --- [HikariPool-1 connection adder] com.zaxxer.hikari.pool.HikariPool        : HikariPool-1 - Added connection com.mysql.cj.jdbc.ConnectionImpl@469c0671
2026-09-02T19:23:12.130+05:00 DEBUG 1848 --- [HikariPool-1 connection closer] com.zaxxer.hikari.pool.PoolBase          : HikariPool-1 - Closing connection com.mysql.cj.jdbc.ConnectionImpl@3065b06c: (connection has passed maxLifetime)
2026-09-02T19:23:12.134+05:00 DEBUG 1848 --- [HikariPool-1 connection adder] com.zaxxer.hikari.pool.HikariPool        : HikariPool-1 - Added connection com.mysql.cj.jdbc.ConnectionImpl@7a10c4a
2026-09-02T19:23:16.881+05:00 DEBUG 1848 --- [HikariPool-1 connection closer] com.zaxxer.hikari.pool.PoolBase          : HikariPool-1 - Closing connection com.mysql.cj.jdbc.ConnectionImpl@faae28a: (connection has passed maxLifetime)
2026-09-02T19:23:16.884+05:00 DEBUG 1848 --- [HikariPool-1 connection adder] com.zaxxer.hikari.pool.HikariPool        : HikariPool-1 - Added connection com.mysql.cj.jdbc.ConnectionImpl@36eccde6
2026-09-02T19:23:19.014+05:00 DEBUG 1848 --- [HikariPool-1 housekeeper] com.zaxxer.hikari.pool.HikariPool        : HikariPool-1 - Pool stats (total=10, active=0, idle=10, waiting=0)
2026-09-02T19:23:19.014+05:00 DEBUG 1848 --- [HikariPool-1 housekeeper] com.zaxxer.hikari.pool.HikariPool        : HikariPool-1 - Fill pool skipped, pool has sufficient level or currently being filled (queueDepth=0).
2026-09-02T19:23:21.212+05:00 DEBUG 1848 --- [HikariPool-1 connection closer] com.zaxxer.hikari.pool.PoolBase          : HikariPool-1 - Closing connection com.mysql.cj.jdbc.ConnectionImpl@3ede7d37: (connection has passed maxLifetime)
2026-09-02T19:23:21.215+05:00 DEBUG 1848 --- [HikariPool-1 connection adder] com.zaxxer.hikari.pool.HikariPool        : HikariPool-1 - Added connection com.mysql.cj.jdbc.ConnectionImpl@678ef305
2026-09-02T19:23:23.246+05:00 DEBUG 1848 --- [HikariPool-1 connection closer] com.zaxxer.hikari.pool.PoolBase          : HikariPool-1 - Closing connection com.mysql.cj.jdbc.ConnectionImpl@7fe3770c: (connection has passed maxLifetime)
2026-09-02T19:23:23.256+05:00 DEBUG 1848 --- [HikariPool-1 connection adder] com.zaxxer.hikari.pool.HikariPool        : HikariPool-1 - Added connection com.mysql.cj.jdbc.ConnectionImpl@877d928
2026-09-02T19:23:48.542+05:00 DEBUG 1848 --- [HikariPool-1 connection closer] com.zaxxer.hikari.pool.PoolBase          : HikariPool-1 - Closing connection com.mysql.cj.jdbc.ConnectionImpl@5667498c: (connection has passed maxLifetime)
2026-09-02T19:23:48.546+05:00 DEBUG 1848 --- [HikariPool-1 connection adder] com.zaxxer.hikari.pool.HikariPool        : HikariPool-1 - Added connection com.mysql.cj.jdbc.ConnectionImpl@eaddadf
2026-09-02T19:23:49.025+05:00 DEBUG 1848 --- [HikariPool-1 housekeeper] com.zaxxer.hikari.pool.HikariPool        : HikariPool-1 - Pool stats (total=10, active=0, idle=10, waiting=0)
2026-09-02T19:23:49.025+05:00 DEBUG 1848 --- [HikariPool-1 housekeeper] com.zaxxer.hikari.pool.HikariPool        : HikariPool-1 - Fill pool skipped, pool has sufficient level or currently being filled (queueDepth=0).
2026-09-02T19:23:54.255+05:00 DEBUG 1848 --- [HikariPool-1 connection closer] com.zaxxer.hikari.pool.PoolBase          : HikariPool-1 - Closing connection com.mysql.cj.jdbc.ConnectionImpl@5ef18278: (connection has passed maxLifetime)
2026-09-02T19:23:54.260+05:00 DEBUG 1848 --- [HikariPool-1 connection adder] com.zaxxer.hikari.pool.HikariPool        : HikariPool-1 - Added connection com.mysql.cj.jdbc.ConnectionImpl@2a55abe
2026-09-02T19:24:19.037+05:00 DEBUG 1848 --- [HikariPool-1 housekeeper] com.zaxxer.hikari.pool.HikariPool        : HikariPool-1 - Pool stats (total=10, active=0, idle=10, waiting=0)
2026-09-02T19:24:19.038+05:00 DEBUG 1848 --- [HikariPool-1 housekeeper] com.zaxxer.hikari.pool.HikariPool        : HikariPool-1 - Fill pool skipped, pool has sufficient level or currently being filled (queueDepth=0).
2026-09-02T19:24:44.285+05:00 DEBUG 1848 --- [HikariPool-1 connection closer] com.zaxxer.hikari.pool.PoolBase          : HikariPool-1 - Closing connection com.mysql.cj.jdbc.ConnectionImpl@750cc304: (connection has passed maxLifetime)
2026-09-02T19:24:44.291+05:00 DEBUG 1848 --- [HikariPool-1 connection adder] com.zaxxer.hikari.pool.HikariPool        : HikariPool-1 - Added connection com.mysql.cj.jdbc.ConnectionImpl@2f840671
2026-09-02T19:24:49.051+05:00 DEBUG 1848 --- [HikariPool-1 housekeeper] com.zaxxer.hikari.pool.HikariPool        : HikariPool-1 - Pool stats (total=10, active=0, idle=10, waiting=0)
2026-09-02T19:24:49.051+05:00 DEBUG 1848 --- [HikariPool-1 housekeeper] com.zaxxer.hikari.pool.HikariPool        : HikariPool-1 - Fill pool skipped, pool has sufficient level or currently being filled (queueDepth=0).
2026-09-02T19:25:19.059+05:00 DEBUG 1848 --- [HikariPool-1 housekeeper] com.zaxxer.hikari.pool.HikariPool        : HikariPool-1 - Pool stats (total=10, active=0, idle=10, waiting=0)
2026-09-02T19:25:19.060+05:00 DEBUG 1848 --- [HikariPool-1 housekeeper] com.zaxxer.hikari.pool.HikariPool        : HikariPool-1 - Fill pool skipped, pool has sufficient level or currently being filled (queueDepth=0).
2026-09-02T19:25:34.862+05:00 DEBUG 1848 --- [HikariPool-1 connection closer] com.zaxxer.hikari.pool.PoolBase          : HikariPool-1 - Closing connection com.mysql.cj.jdbc.ConnectionImpl@789ce43: (connection has passed maxLifetime)
2026-09-02T19:25:34.868+05:00 DEBUG 1848 --- [HikariPool-1 connection adder] com.zaxxer.hikari.pool.HikariPool        : HikariPool-1 - Added connection com.mysql.cj.jdbc.ConnectionImpl@1818b8ad
2026-09-02T19:25:49.074+05:00 DEBUG 1848 --- [HikariPool-1 housekeeper] com.zaxxer.hikari.pool.HikariPool        : HikariPool-1 - Pool stats (total=10, active=0, idle=10, waiting=0)
2026-09-02T19:25:49.075+05:00 DEBUG 1848 --- [HikariPool-1 housekeeper] com.zaxxer.hikari.pool.HikariPool        : HikariPool-1 - Fill pool skipped, pool has sufficient level or currently being filled (queueDepth=0).
2026-09-02T19:26:19.090+05:00 DEBUG 1848 --- [HikariPool-1 housekeeper] com.zaxxer.hikari.pool.HikariPool        : HikariPool-1 - Pool stats (total=10, active=0, idle=10, waiting=0)
2026-09-02T19:26:19.091+05:00 DEBUG 1848 --- [HikariPool-1 housekeeper] com.zaxxer.hikari.pool.HikariPool        : HikariPool-1 - Fill pool skipped, pool has sufficient level or currently being filled (queueDepth=0).
2026-09-02T19:26:49.098+05:00 DEBUG 1848 --- [HikariPool-1 housekeeper] com.zaxxer.hikari.pool.HikariPool        : HikariPool-1 - Pool stats (total=10, active=0, idle=10, waiting=0)
2026-09-02T19:26:49.099+05:00 DEBUG 1848 --- [HikariPool-1 housekeeper] com.zaxxer.hikari.pool.HikariPool        : HikariPool-1 - Fill pool skipped, pool has sufficient level or currently being filled (queueDepth=0).
2026-09-02T19:27:19.114+05:00 DEBUG 1848 --- [HikariPool-1 housekeeper] com.zaxxer.hikari.pool.HikariPool        : HikariPool-1 - Pool stats (total=10, active=0, idle=10, waiting=0)
2026-09-02T19:27:19.114+05:00 DEBUG 1848 --- [HikariPool-1 housekeeper] com.zaxxer.hikari.pool.HikariPool        : HikariPool-1 - Fill pool skipped, pool has sufficient level or currently being filled (queueDepth=0).
2026-09-02T19:27:49.129+05:00 DEBUG 1848 --- [HikariPool-1 housekeeper] com.zaxxer.hikari.pool.HikariPool        : HikariPool-1 - Pool stats (total=10, active=0, idle=10, waiting=0)
2026-09-02T19:27:49.129+05:00 DEBUG 1848 --- [HikariPool-1 housekeeper] com.zaxxer.hikari.pool.HikariPool        : HikariPool-1 - Fill pool skipped, pool has sufficient level or currently being filled (queueDepth=0).
2026-09-02T19:28:19.139+05:00 DEBUG 1848 --- [HikariPool-1 housekeeper] com.zaxxer.hikari.pool.HikariPool        : HikariPool-1 - Pool stats (total=10, active=0, idle=10, waiting=0)
2026-09-02T19:28:19.140+05:00 DEBUG 1848 --- [HikariPool-1 housekeeper] com.zaxxer.hikari.pool.HikariPool        : HikariPool-1 - Fill pool skipped, pool has sufficient level or currently being filled (queueDepth=0).
2026-09-02T19:28:49.153+05:00 DEBUG 1848 --- [HikariPool-1 housekeeper] com.zaxxer.hikari.pool.HikariPool        : HikariPool-1 - Pool stats (total=10, active=0, idle=10, waiting=0)
2026-09-02T19:28:49.153+05:00 DEBUG 1848 --- [HikariPool-1 housekeeper] com.zaxxer.hikari.pool.HikariPool        : HikariPool-1 - Fill pool skipped, pool has sufficient level or currently being filled (queueDepth=0).
2026-09-02T19:29:19.164+05:00 DEBUG 1848 --- [HikariPool-1 housekeeper] com.zaxxer.hikari.pool.HikariPool        : HikariPool-1 - Pool stats (total=10, active=0, idle=10, waiting=0)
2026-09-02T19:29:19.164+05:00 DEBUG 1848 --- [HikariPool-1 housekeeper] com.zaxxer.hikari.pool.HikariPool        : HikariPool-1 - Fill pool skipped, pool has sufficient level or currently being filled (queueDepth=0).
2026-09-02T19:29:49.180+05:00 DEBUG 1848 --- [HikariPool-1 housekeeper] com.zaxxer.hikari.pool.HikariPool        : HikariPool-1 - Pool stats (total=10, active=0, idle=10, waiting=0)
2026-09-02T19:29:49.181+05:00 DEBUG 1848 --- [HikariPool-1 housekeeper] com.zaxxer.hikari.pool.HikariPool        : HikariPool-1 - Fill pool skipped, pool has sufficient level or currently being filled (queueDepth=0).
2026-09-02T19:30:19.183+05:00 DEBUG 1848 --- [HikariPool-1 housekeeper] com.zaxxer.hikari.pool.HikariPool        : HikariPool-1 - Pool stats (total=10, active=0, idle=10, waiting=0)
2026-09-02T19:30:19.184+05:00 DEBUG 1848 --- [HikariPool-1 housekeeper] com.zaxxer.hikari.pool.HikariPool        : HikariPool-1 - Fill pool skipped, pool has sufficient level or currently being filled (queueDepth=0).
2026-09-02T19:30:49.197+05:00 DEBUG 1848 --- [HikariPool-1 housekeeper] com.zaxxer.hikari.pool.HikariPool        : HikariPool-1 - Pool stats (total=10, active=0, idle=10, waiting=0)
2026-09-02T19:30:49.197+05:00 DEBUG 1848 --- [HikariPool-1 housekeeper] com.zaxxer.hikari.pool.HikariPool        : HikariPool-1 - Fill pool skipped, pool has sufficient level or currently being filled (queueDepth=0).
2026-09-02T19:31:19.202+05:00 DEBUG 1848 --- [HikariPool-1 housekeeper] com.zaxxer.hikari.pool.HikariPool        : HikariPool-1 - Pool stats (total=10, active=0, idle=10, waiting=0)
2026-09-02T19:31:19.202+05:00 DEBUG 1848 --- [HikariPool-1 housekeeper] com.zaxxer.hikari.pool.HikariPool        : HikariPool-1 - Fill pool skipped, pool has sufficient level or currently being filled (queueDepth=0).
2026-09-02T19:31:49.210+05:00 DEBUG 1848 --- [HikariPool-1 housekeeper] com.zaxxer.hikari.pool.HikariPool        : HikariPool-1 - Pool stats (total=10, active=0, idle=10, waiting=0)
2026-09-02T19:31:49.210+05:00 DEBUG 1848 --- [HikariPool-1 housekeeper] com.zaxxer.hikari.pool.HikariPool        : HikariPool-1 - Fill pool skipped, pool has sufficient level or currently being filled (queueDepth=0).
2026-09-02T19:32:19.230+05:00 DEBUG 1848 --- [HikariPool-1 housekeeper] com.zaxxer.hikari.pool.HikariPool        : HikariPool-1 - Pool stats (total=10, active=0, idle=10, waiting=0)
2026-09-02T19:32:19.231+05:00 DEBUG 1848 --- [HikariPool-1 housekeeper] com.zaxxer.hikari.pool.HikariPool        : HikariPool-1 - Fill pool skipped, pool has sufficient level or currently being filled (queueDepth=0).
2026-09-02T19:32:49.237+05:00 DEBUG 1848 --- [HikariPool-1 housekeeper] com.zaxxer.hikari.pool.HikariPool        : HikariPool-1 - Pool stats (total=10, active=0, idle=10, waiting=0)
2026-09-02T19:32:49.237+05:00 DEBUG 1848 --- [HikariPool-1 housekeeper] com.zaxxer.hikari.pool.HikariPool        : HikariPool-1 - Fill pool skipped, pool has sufficient level or currently being filled (queueDepth=0).
2026-09-02T19:33:19.238+05:00 DEBUG 1848 --- [HikariPool-1 housekeeper] com.zaxxer.hikari.pool.HikariPool        : HikariPool-1 - Pool stats (total=10, active=0, idle=10, waiting=0)
2026-09-02T19:33:19.239+05:00 DEBUG 1848 --- [HikariPool-1 housekeeper] com.zaxxer.hikari.pool.HikariPool        : HikariPool-1 - Fill pool skipped, pool has sufficient level or currently being filled (queueDepth=0).
2026-09-02T19:33:49.289+05:00 DEBUG 1848 --- [HikariPool-1 housekeeper] com.zaxxer.hikari.pool.HikariPool        : HikariPool-1 - Pool stats (total=10, active=0, idle=10, waiting=0)
2026-09-02T19:33:49.290+05:00 DEBUG 1848 --- [HikariPool-1 housekeeper] com.zaxxer.hikari.pool.HikariPool        : HikariPool-1 - Fill pool skipped, pool has sufficient level or currently being filled (queueDepth=0).
2026-09-02T19:34:19.291+05:00 DEBUG 1848 --- [HikariPool-1 housekeeper] com.zaxxer.hikari.pool.HikariPool        : HikariPool-1 - Pool stats (total=10, active=0, idle=10, waiting=0)
2026-09-02T19:34:19.291+05:00 DEBUG 1848 --- [HikariPool-1 housekeeper] com.zaxxer.hikari.pool.HikariPool        : HikariPool-1 - Fill pool skipped, pool has sufficient level or currently being filled (queueDepth=0).
2026-09-02T19:34:49.292+05:00 DEBUG 1848 --- [HikariPool-1 housekeeper] com.zaxxer.hikari.pool.HikariPool        : HikariPool-1 - Pool stats (total=10, active=0, idle=10, waiting=0)
2026-09-02T19:34:49.292+05:00 DEBUG 1848 --- [HikariPool-1 housekeeper] com.zaxxer.hikari.pool.HikariPool        : HikariPool-1 - Fill pool skipped, pool has sufficient level or currently being filled (queueDepth=0).
2026-09-02T19:35:19.307+05:00 DEBUG 1848 --- [HikariPool-1 housekeeper] com.zaxxer.hikari.pool.HikariPool        : HikariPool-1 - Pool stats (total=10, active=0, idle=10, waiting=0)
2026-09-02T19:35:19.308+05:00 DEBUG 1848 --- [HikariPool-1 housekeeper] com.zaxxer.hikari.pool.HikariPool        : HikariPool-1 - Fill pool skipped, pool has sufficient level or currently being filled (queueDepth=0).
2026-09-02T19:35:49.312+05:00 DEBUG 1848 --- [HikariPool-1 housekeeper] com.zaxxer.hikari.pool.HikariPool        : HikariPool-1 - Pool stats (total=10, active=0, idle=10, waiting=0)
2026-09-02T19:35:49.312+05:00 DEBUG 1848 --- [HikariPool-1 housekeeper] com.zaxxer.hikari.pool.HikariPool        : HikariPool-1 - Fill pool skipped, pool has sufficient level or currently being filled (queueDepth=0).
2026-09-02T19:36:19.327+05:00 DEBUG 1848 --- [HikariPool-1 housekeeper] com.zaxxer.hikari.pool.HikariPool        : HikariPool-1 - Pool stats (total=10, active=0, idle=10, waiting=0)
2026-09-02T19:36:19.328+05:00 DEBUG 1848 --- [HikariPool-1 housekeeper] com.zaxxer.hikari.pool.HikariPool        : HikariPool-1 - Fill pool skipped, pool has sufficient level or currently being filled (queueDepth=0).
2026-09-02T19:36:49.339+05:00 DEBUG 1848 --- [HikariPool-1 housekeeper] com.zaxxer.hikari.pool.HikariPool        : HikariPool-1 - Pool stats (total=10, active=0, idle=10, waiting=0)
2026-09-02T19:36:49.339+05:00 DEBUG 1848 --- [HikariPool-1 housekeeper] com.zaxxer.hikari.pool.HikariPool        : HikariPool-1 - Fill pool skipped, pool has sufficient level or currently being filled (queueDepth=0).
2026-09-02T19:37:19.351+05:00 DEBUG 1848 --- [HikariPool-1 housekeeper] com.zaxxer.hikari.pool.HikariPool        : HikariPool-1 - Pool stats (total=10, active=0, idle=10, waiting=0)
2026-09-02T19:37:19.351+05:00 DEBUG 1848 --- [HikariPool-1 housekeeper] com.zaxxer.hikari.pool.HikariPool        : HikariPool-1 - Fill pool skipped, pool has sufficient level or currently being filled (queueDepth=0).
2026-09-02T19:37:49.366+05:00 DEBUG 1848 --- [HikariPool-1 housekeeper] com.zaxxer.hikari.pool.HikariPool        : HikariPool-1 - Pool stats (total=10, active=0, idle=10, waiting=0)
2026-09-02T19:37:49.366+05:00 DEBUG 1848 --- [HikariPool-1 housekeeper] com.zaxxer.hikari.pool.HikariPool        : HikariPool-1 - Fill pool skipped, pool has sufficient level or currently being filled (queueDepth=0).
2026-09-02T19:38:19.376+05:00 DEBUG 1848 --- [HikariPool-1 housekeeper] com.zaxxer.hikari.pool.HikariPool        : HikariPool-1 - Pool stats (total=10, active=0, idle=10, waiting=0)
2026-09-02T19:38:19.377+05:00 DEBUG 1848 --- [HikariPool-1 housekeeper] com.zaxxer.hikari.pool.HikariPool        : HikariPool-1 - Fill pool skipped, pool has sufficient level or currently being filled (queueDepth=0).
2026-09-02T19:38:49.390+05:00 DEBUG 1848 --- [HikariPool-1 housekeeper] com.zaxxer.hikari.pool.HikariPool        : HikariPool-1 - Pool stats (total=10, active=0, idle=10, waiting=0)
2026-09-02T19:38:49.390+05:00 DEBUG 1848 --- [HikariPool-1 housekeeper] com.zaxxer.hikari.pool.HikariPool        : HikariPool-1 - Fill pool skipped, pool has sufficient level or currently being filled (queueDepth=0).
2026-09-02T19:39:19.400+05:00 DEBUG 1848 --- [HikariPool-1 housekeeper] com.zaxxer.hikari.pool.HikariPool        : HikariPool-1 - Pool stats (total=10, active=0, idle=10, waiting=0)
2026-09-02T19:39:19.400+05:00 DEBUG 1848 --- [HikariPool-1 housekeeper] com.zaxxer.hikari.pool.HikariPool        : HikariPool-1 - Fill pool skipped, pool has sufficient level or currently being filled (queueDepth=0).
2026-09-02T19:39:49.402+05:00 DEBUG 1848 --- [HikariPool-1 housekeeper] com.zaxxer.hikari.pool.HikariPool        : HikariPool-1 - Pool stats (total=10, active=0, idle=10, waiting=0)
2026-09-02T19:39:49.403+05:00 DEBUG 1848 --- [HikariPool-1 housekeeper] com.zaxxer.hikari.pool.HikariPool        : HikariPool-1 - Fill pool skipped, pool has sufficient level or currently being filled (queueDepth=0).
2026-09-02T19:40:19.403+05:00 DEBUG 1848 --- [HikariPool-1 housekeeper] com.zaxxer.hikari.pool.HikariPool        : HikariPool-1 - Pool stats (total=10, active=0, idle=10, waiting=0)
2026-09-02T19:40:19.404+05:00 DEBUG 1848 --- [HikariPool-1 housekeeper] com.zaxxer.hikari.pool.HikariPool        : HikariPool-1 - Fill pool skipped, pool has sufficient level or currently being filled (queueDepth=0).
2026-09-02T19:40:49.409+05:00 DEBUG 1848 --- [HikariPool-1 housekeeper] com.zaxxer.hikari.pool.HikariPool        : HikariPool-1 - Pool stats (total=10, active=0, idle=10, waiting=0)
2026-09-02T19:40:49.409+05:00 DEBUG 1848 --- [HikariPool-1 housekeeper] com.zaxxer.hikari.pool.HikariPool        : HikariPool-1 - Fill pool skipped, pool has sufficient level or currently being filled (queueDepth=0).
2026-09-02T19:41:19.421+05:00 DEBUG 1848 --- [HikariPool-1 housekeeper] com.zaxxer.hikari.pool.HikariPool        : HikariPool-1 - Pool stats (total=10, active=0, idle=10, waiting=0)
2026-09-02T19:41:19.422+05:00 DEBUG 1848 --- [HikariPool-1 housekeeper] com.zaxxer.hikari.pool.HikariPool        : HikariPool-1 - Fill pool skipped, pool has sufficient level or currently being filled (queueDepth=0).
2026-09-02T19:41:49.435+05:00 DEBUG 1848 --- [HikariPool-1 housekeeper] com.zaxxer.hikari.pool.HikariPool        : HikariPool-1 - Pool stats (total=10, active=0, idle=10, waiting=0)
2026-09-02T19:41:49.435+05:00 DEBUG 1848 --- [HikariPool-1 housekeeper] com.zaxxer.hikari.pool.HikariPool        : HikariPool-1 - Fill pool skipped, pool has sufficient level or currently being filled (queueDepth=0).
2026-09-02T19:42:19.448+05:00 DEBUG 1848 --- [HikariPool-1 housekeeper] com.zaxxer.hikari.pool.HikariPool        : HikariPool-1 - Pool stats (total=10, active=0, idle=10, waiting=0)
2026-09-02T19:42:19.449+05:00 DEBUG 1848 --- [HikariPool-1 housekeeper] com.zaxxer.hikari.pool.HikariPool        : HikariPool-1 - Fill pool skipped, pool has sufficient level or currently being filled (queueDepth=0).
2026-09-02T19:42:49.453+05:00 DEBUG 1848 --- [HikariPool-1 housekeeper] com.zaxxer.hikari.pool.HikariPool        : HikariPool-1 - Pool stats (total=10, active=0, idle=10, waiting=0)
2026-09-02T19:42:49.454+05:00 DEBUG 1848 --- [HikariPool-1 housekeeper] com.zaxxer.hikari.pool.HikariPool        : HikariPool-1 - Fill pool skipped, pool has sufficient level or currently being filled (queueDepth=0).
2026-09-02T19:43:19.467+05:00 DEBUG 1848 --- [HikariPool-1 housekeeper] com.zaxxer.hikari.pool.HikariPool        : HikariPool-1 - Pool stats (total=10, active=0, idle=10, waiting=0)
2026-09-02T19:43:19.467+05:00 DEBUG 1848 --- [HikariPool-1 housekeeper] com.zaxxer.hikari.pool.HikariPool        : HikariPool-1 - Fill pool skipped, pool has sufficient level or currently being filled (queueDepth=0).
2026-09-02T19:43:49.482+05:00 DEBUG 1848 --- [HikariPool-1 housekeeper] com.zaxxer.hikari.pool.HikariPool        : HikariPool-1 - Pool stats (total=10, active=0, idle=10, waiting=0)
2026-09-02T19:43:49.482+05:00 DEBUG 1848 --- [HikariPool-1 housekeeper] com.zaxxer.hikari.pool.HikariPool        : HikariPool-1 - Fill pool skipped, pool has sufficient level or currently being filled (queueDepth=0).
2026-09-02T19:44:19.494+05:00 DEBUG 1848 --- [HikariPool-1 housekeeper] com.zaxxer.hikari.pool.HikariPool        : HikariPool-1 - Pool stats (total=10, active=0, idle=10, waiting=0)
2026-09-02T19:44:19.495+05:00 DEBUG 1848 --- [HikariPool-1 housekeeper] com.zaxxer.hikari.pool.HikariPool        : HikariPool-1 - Fill pool skipped, pool has sufficient level or currently being filled (queueDepth=0).
2026-09-02T19:44:49.501+05:00 DEBUG 1848 --- [HikariPool-1 housekeeper] com.zaxxer.hikari.pool.HikariPool        : HikariPool-1 - Pool stats (total=10, active=0, idle=10, waiting=0)
2026-09-02T19:44:49.501+05:00 DEBUG 1848 --- [HikariPool-1 housekeeper] com.zaxxer.hikari.pool.HikariPool        : HikariPool-1 - Fill pool skipped, pool has sufficient level or currently being filled (queueDepth=0).
2026-09-02T19:45:19.504+05:00 DEBUG 1848 --- [HikariPool-1 housekeeper] com.zaxxer.hikari.pool.HikariPool        : HikariPool-1 - Pool stats (total=10, active=0, idle=10, waiting=0)
2026-09-02T19:45:19.504+05:00 DEBUG 1848 --- [HikariPool-1 housekeeper] com.zaxxer.hikari.pool.HikariPool        : HikariPool-1 - Fill pool skipped, pool has sufficient level or currently being filled (queueDepth=0).
2026-09-02T19:45:49.507+05:00 DEBUG 1848 --- [HikariPool-1 housekeeper] com.zaxxer.hikari.pool.HikariPool        : HikariPool-1 - Pool stats (total=10, active=0, idle=10, waiting=0)
2026-09-02T19:45:49.507+05:00 DEBUG 1848 --- [HikariPool-1 housekeeper] com.zaxxer.hikari.pool.HikariPool        : HikariPool-1 - Fill pool skipped, pool has sufficient level or currently being filled (queueDepth=0).
2026-09-02T19:46:19.512+05:00 DEBUG 1848 --- [HikariPool-1 housekeeper] com.zaxxer.hikari.pool.HikariPool        : HikariPool-1 - Pool stats (total=10, active=0, idle=10, waiting=0)
2026-09-02T19:46:19.512+05:00 DEBUG 1848 --- [HikariPool-1 housekeeper] com.zaxxer.hikari.pool.HikariPool        : HikariPool-1 - Fill pool skipped, pool has sufficient level or currently being filled (queueDepth=0).
2026-09-02T19:46:49.522+05:00 DEBUG 1848 --- [HikariPool-1 housekeeper] com.zaxxer.hikari.pool.HikariPool        : HikariPool-1 - Pool stats (total=10, active=0, idle=10, waiting=0)
2026-09-02T19:46:49.523+05:00 DEBUG 1848 --- [HikariPool-1 housekeeper] com.zaxxer.hikari.pool.HikariPool        : HikariPool-1 - Fill pool skipped, pool has sufficient level or currently being filled (queueDepth=0).
2026-09-02T19:47:19.536+05:00 DEBUG 1848 --- [HikariPool-1 housekeeper] com.zaxxer.hikari.pool.HikariPool        : HikariPool-1 - Pool stats (total=10, active=0, idle=10, waiting=0)
2026-09-02T19:47:19.537+05:00 DEBUG 1848 --- [HikariPool-1 housekeeper] com.zaxxer.hikari.pool.HikariPool        : HikariPool-1 - Fill pool skipped, pool has sufficient level or currently being filled (queueDepth=0).
2026-09-02T19:47:49.551+05:00 DEBUG 1848 --- [HikariPool-1 housekeeper] com.zaxxer.hikari.pool.HikariPool        : HikariPool-1 - Pool stats (total=10, active=0, idle=10, waiting=0)
2026-09-02T19:47:49.551+05:00 DEBUG 1848 --- [HikariPool-1 housekeeper] com.zaxxer.hikari.pool.HikariPool        : HikariPool-1 - Fill pool skipped, pool has sufficient level or currently being filled (queueDepth=0).
2026-09-02T19:48:19.558+05:00 DEBUG 1848 --- [HikariPool-1 housekeeper] com.zaxxer.hikari.pool.HikariPool        : HikariPool-1 - Pool stats (total=10, active=0, idle=10, waiting=0)
2026-09-02T19:48:19.558+05:00 DEBUG 1848 --- [HikariPool-1 housekeeper] com.zaxxer.hikari.pool.HikariPool        : HikariPool-1 - Fill pool skipped, pool has sufficient level or currently being filled (queueDepth=0).
2026-09-02T19:48:49.563+05:00 DEBUG 1848 --- [HikariPool-1 housekeeper] com.zaxxer.hikari.pool.HikariPool        : HikariPool-1 - Pool stats (total=10, active=0, idle=10, waiting=0)
2026-09-02T19:48:49.564+05:00 DEBUG 1848 --- [HikariPool-1 housekeeper] com.zaxxer.hikari.pool.HikariPool        : HikariPool-1 - Fill pool skipped, pool has sufficient level or currently being filled (queueDepth=0).
2026-09-02T19:49:19.571+05:00 DEBUG 1848 --- [HikariPool-1 housekeeper] com.zaxxer.hikari.pool.HikariPool        : HikariPool-1 - Pool stats (total=10, active=0, idle=10, waiting=0)
2026-09-02T19:49:19.574+05:00 DEBUG 1848 --- [HikariPool-1 housekeeper] com.zaxxer.hikari.pool.HikariPool        : HikariPool-1 - Fill pool skipped, pool has sufficient level or currently being filled (queueDepth=0).
2026-09-02T19:49:49.585+05:00 DEBUG 1848 --- [HikariPool-1 housekeeper] com.zaxxer.hikari.pool.HikariPool        : HikariPool-1 - Pool stats (total=10, active=0, idle=10, waiting=0)
2026-09-02T19:49:49.587+05:00 DEBUG 1848 --- [HikariPool-1 housekeeper] com.zaxxer.hikari.pool.HikariPool        : HikariPool-1 - Fill pool skipped, pool has sufficient level or currently being filled (queueDepth=0).
2026-09-02T19:50:19.595+05:00 DEBUG 1848 --- [HikariPool-1 housekeeper] com.zaxxer.hikari.pool.HikariPool        : HikariPool-1 - Pool stats (total=10, active=0, idle=10, waiting=0)
2026-09-02T19:50:19.595+05:00 DEBUG 1848 --- [HikariPool-1 housekeeper] com.zaxxer.hikari.pool.HikariPool        : HikariPool-1 - Fill pool skipped, pool has sufficient level or currently being filled (queueDepth=0).
2026-09-02T19:50:49.606+05:00 DEBUG 1848 --- [HikariPool-1 housekeeper] com.zaxxer.hikari.pool.HikariPool        : HikariPool-1 - Pool stats (total=10, active=0, idle=10, waiting=0)
2026-09-02T19:50:49.608+05:00 DEBUG 1848 --- [HikariPool-1 housekeeper] com.zaxxer.hikari.pool.HikariPool        : HikariPool-1 - Fill pool skipped, pool has sufficient level or currently being filled (queueDepth=0).
2026-09-02T19:51:19.616+05:00 DEBUG 1848 --- [HikariPool-1 housekeeper] com.zaxxer.hikari.pool.HikariPool        : HikariPool-1 - Pool stats (total=10, active=0, idle=10, waiting=0)
2026-09-02T19:51:19.616+05:00 DEBUG 1848 --- [HikariPool-1 housekeeper] com.zaxxer.hikari.pool.HikariPool        : HikariPool-1 - Fill pool skipped, pool has sufficient level or currently being filled (queueDepth=0).
2026-09-02T19:51:49.619+05:00 DEBUG 1848 --- [HikariPool-1 housekeeper] com.zaxxer.hikari.pool.HikariPool        : HikariPool-1 - Pool stats (total=10, active=0, idle=10, waiting=0)
2026-09-02T19:51:49.620+05:00 DEBUG 1848 --- [HikariPool-1 housekeeper] com.zaxxer.hikari.pool.HikariPool        : HikariPool-1 - Fill pool skipped, pool has sufficient level or currently being filled (queueDepth=0).
2026-09-02T19:52:19.631+05:00 DEBUG 1848 --- [HikariPool-1 housekeeper] com.zaxxer.hikari.pool.HikariPool        : HikariPool-1 - Pool stats (total=10, active=0, idle=10, waiting=0)
2026-09-02T19:52:19.632+05:00 DEBUG 1848 --- [HikariPool-1 housekeeper] com.zaxxer.hikari.pool.HikariPool        : HikariPool-1 - Fill pool skipped, pool has sufficient level or currently being filled (queueDepth=0).
2026-09-02T19:52:45.964+05:00 DEBUG 1848 --- [HikariPool-1 connection closer] com.zaxxer.hikari.pool.PoolBase          : HikariPool-1 - Closing connection com.mysql.cj.jdbc.ConnectionImpl@469c0671: (connection has passed maxLifetime)
2026-09-02T19:52:45.994+05:00 DEBUG 1848 --- [HikariPool-1 connection adder] com.zaxxer.hikari.pool.HikariPool        : HikariPool-1 - Added connection com.mysql.cj.jdbc.ConnectionImpl@72992a75
2026-09-02T19:52:49.209+05:00 DEBUG 1848 --- [HikariPool-1 connection closer] com.zaxxer.hikari.pool.PoolBase          : HikariPool-1 - Closing connection com.mysql.cj.jdbc.ConnectionImpl@7a10c4a: (connection has passed maxLifetime)
2026-09-02T19:52:49.214+05:00 DEBUG 1848 --- [HikariPool-1 connection adder] com.zaxxer.hikari.pool.HikariPool        : HikariPool-1 - Added connection com.mysql.cj.jdbc.ConnectionImpl@33a4204e
2026-09-02T19:52:49.643+05:00 DEBUG 1848 --- [HikariPool-1 housekeeper] com.zaxxer.hikari.pool.HikariPool        : HikariPool-1 - Pool stats (total=10, active=0, idle=10, waiting=0)
2026-09-02T19:52:49.643+05:00 DEBUG 1848 --- [HikariPool-1 housekeeper] com.zaxxer.hikari.pool.HikariPool        : HikariPool-1 - Fill pool skipped, pool has sufficient level or currently being filled (queueDepth=0).
2026-09-02T19:52:53.082+05:00 DEBUG 1848 --- [HikariPool-1 connection closer] com.zaxxer.hikari.pool.PoolBase          : HikariPool-1 - Closing connection com.mysql.cj.jdbc.ConnectionImpl@36eccde6: (connection has passed maxLifetime)
2026-09-02T19:52:53.088+05:00 DEBUG 1848 --- [HikariPool-1 connection adder] com.zaxxer.hikari.pool.HikariPool        : HikariPool-1 - Added connection com.mysql.cj.jdbc.ConnectionImpl@2ddd0cd
2026-09-02T19:52:54.092+05:00 DEBUG 1848 --- [HikariPool-1 connection closer] com.zaxxer.hikari.pool.PoolBase          : HikariPool-1 - Closing connection com.mysql.cj.jdbc.ConnectionImpl@877d928: (connection has passed maxLifetime)
2026-09-02T19:52:54.096+05:00 DEBUG 1848 --- [HikariPool-1 connection adder] com.zaxxer.hikari.pool.HikariPool        : HikariPool-1 - Added connection com.mysql.cj.jdbc.ConnectionImpl@538bdf01
2026-09-02T19:53:01.660+05:00 DEBUG 1848 --- [HikariPool-1 connection closer] com.zaxxer.hikari.pool.PoolBase          : HikariPool-1 - Closing connection com.mysql.cj.jdbc.ConnectionImpl@7c68dd92: (connection has passed maxLifetime)
2026-09-02T19:53:01.668+05:00 DEBUG 1848 --- [HikariPool-1 connection adder] com.zaxxer.hikari.pool.HikariPool        : HikariPool-1 - Added connection com.mysql.cj.jdbc.ConnectionImpl@36ae5c6c
2026-09-02T19:53:19.657+05:00 DEBUG 1848 --- [HikariPool-1 housekeeper] com.zaxxer.hikari.pool.HikariPool        : HikariPool-1 - Pool stats (total=10, active=0, idle=10, waiting=0)
2026-09-02T19:53:19.658+05:00 DEBUG 1848 --- [HikariPool-1 housekeeper] com.zaxxer.hikari.pool.HikariPool        : HikariPool-1 - Fill pool skipped, pool has sufficient level or currently being filled (queueDepth=0).
2026-09-02T19:53:19.658+05:00 DEBUG 1848 --- [HikariPool-1 connection closer] com.zaxxer.hikari.pool.PoolBase          : HikariPool-1 - Closing connection com.mysql.cj.jdbc.ConnectionImpl@2a55abe: (connection has passed maxLifetime)
2026-09-02T19:53:19.664+05:00 DEBUG 1848 --- [HikariPool-1 connection adder] com.zaxxer.hikari.pool.HikariPool        : HikariPool-1 - Added connection com.mysql.cj.jdbc.ConnectionImpl@63edb8da
2026-09-02T19:53:20.475+05:00 DEBUG 1848 --- [HikariPool-1 connection closer] com.zaxxer.hikari.pool.PoolBase          : HikariPool-1 - Closing connection com.mysql.cj.jdbc.ConnectionImpl@678ef305: (connection has passed maxLifetime)
2026-09-02T19:53:20.479+05:00 DEBUG 1848 --- [HikariPool-1 connection adder] com.zaxxer.hikari.pool.HikariPool        : HikariPool-1 - Added connection com.mysql.cj.jdbc.ConnectionImpl@22d0b2e1
2026-09-02T19:53:26.210+05:00 DEBUG 1848 --- [HikariPool-1 connection closer] com.zaxxer.hikari.pool.PoolBase          : HikariPool-1 - Closing connection com.mysql.cj.jdbc.ConnectionImpl@eaddadf: (connection has passed maxLifetime)
2026-09-02T19:53:26.213+05:00 DEBUG 1848 --- [HikariPool-1 connection adder] com.zaxxer.hikari.pool.HikariPool        : HikariPool-1 - Added connection com.mysql.cj.jdbc.ConnectionImpl@3e8bc0c9
2026-09-02T19:53:49.659+05:00 DEBUG 1848 --- [HikariPool-1 housekeeper] com.zaxxer.hikari.pool.HikariPool        : HikariPool-1 - Pool stats (total=10, active=0, idle=10, waiting=0)
2026-09-02T19:53:49.659+05:00 DEBUG 1848 --- [HikariPool-1 housekeeper] com.zaxxer.hikari.pool.HikariPool        : HikariPool-1 - Fill pool skipped, pool has sufficient level or currently being filled (queueDepth=0).
2026-09-02T19:54:10.688+05:00 DEBUG 1848 --- [HikariPool-1 connection closer] com.zaxxer.hikari.pool.PoolBase          : HikariPool-1 - Closing connection com.mysql.cj.jdbc.ConnectionImpl@2f840671: (connection has passed maxLifetime)
2026-09-02T19:54:10.695+05:00 DEBUG 1848 --- [HikariPool-1 connection adder] com.zaxxer.hikari.pool.HikariPool        : HikariPool-1 - Added connection com.mysql.cj.jdbc.ConnectionImpl@6298dfff
2026-09-02T19:54:19.668+05:00 DEBUG 1848 --- [HikariPool-1 housekeeper] com.zaxxer.hikari.pool.HikariPool        : HikariPool-1 - Pool stats (total=10, active=0, idle=10, waiting=0)
2026-09-02T19:54:19.668+05:00 DEBUG 1848 --- [HikariPool-1 housekeeper] com.zaxxer.hikari.pool.HikariPool        : HikariPool-1 - Fill pool skipped, pool has sufficient level or currently being filled (queueDepth=0).
2026-09-02T19:54:49.674+05:00 DEBUG 1848 --- [HikariPool-1 housekeeper] com.zaxxer.hikari.pool.HikariPool        : HikariPool-1 - Pool stats (total=10, active=0, idle=10, waiting=0)
2026-09-02T19:54:49.674+05:00 DEBUG 1848 --- [HikariPool-1 housekeeper] com.zaxxer.hikari.pool.HikariPool        : HikariPool-1 - Fill pool skipped, pool has sufficient level or currently being filled (queueDepth=0).
2026-09-02T19:55:01.431+05:00 DEBUG 1848 --- [HikariPool-1 connection closer] com.zaxxer.hikari.pool.PoolBase          : HikariPool-1 - Closing connection com.mysql.cj.jdbc.ConnectionImpl@1818b8ad: (connection has passed maxLifetime)
2026-09-02T19:55:01.439+05:00 DEBUG 1848 --- [HikariPool-1 connection adder] com.zaxxer.hikari.pool.HikariPool        : HikariPool-1 - Added connection com.mysql.cj.jdbc.ConnectionImpl@5ae680fe
2026-09-02T19:55:19.687+05:00 DEBUG 1848 --- [HikariPool-1 housekeeper] com.zaxxer.hikari.pool.HikariPool        : HikariPool-1 - Pool stats (total=10, active=0, idle=10, waiting=0)
2026-09-02T19:55:19.687+05:00 DEBUG 1848 --- [HikariPool-1 housekeeper] com.zaxxer.hikari.pool.HikariPool        : HikariPool-1 - Fill pool skipped, pool has sufficient level or currently being filled (queueDepth=0).
2026-09-02T19:55:49.698+05:00 DEBUG 1848 --- [HikariPool-1 housekeeper] com.zaxxer.hikari.pool.HikariPool        : HikariPool-1 - Pool stats (total=10, active=0, idle=10, waiting=0)
2026-09-02T19:55:49.699+05:00 DEBUG 1848 --- [HikariPool-1 housekeeper] com.zaxxer.hikari.pool.HikariPool        : HikariPool-1 - Fill pool skipped, pool has sufficient level or currently being filled (queueDepth=0).
2026-09-02T19:56:19.700+05:00 DEBUG 1848 --- [HikariPool-1 housekeeper] com.zaxxer.hikari.pool.HikariPool        : HikariPool-1 - Pool stats (total=10, active=0, idle=10, waiting=0)
2026-09-02T19:56:19.701+05:00 DEBUG 1848 --- [HikariPool-1 housekeeper] com.zaxxer.hikari.pool.HikariPool        : HikariPool-1 - Fill pool skipped, pool has sufficient level or currently being filled (queueDepth=0).
2026-09-02T19:56:49.704+05:00 DEBUG 1848 --- [HikariPool-1 housekeeper] com.zaxxer.hikari.pool.HikariPool        : HikariPool-1 - Pool stats (total=10, active=0, idle=10, waiting=0)
2026-09-02T19:56:49.705+05:00 DEBUG 1848 --- [HikariPool-1 housekeeper] com.zaxxer.hikari.pool.HikariPool        : HikariPool-1 - Fill pool skipped, pool has sufficient level or currently being filled (queueDepth=0).
2026-09-02T19:57:19.711+05:00 DEBUG 1848 --- [HikariPool-1 housekeeper] com.zaxxer.hikari.pool.HikariPool        : HikariPool-1 - Pool stats (total=10, active=0, idle=10, waiting=0)
2026-09-02T19:57:19.713+05:00 DEBUG 1848 --- [HikariPool-1 housekeeper] com.zaxxer.hikari.pool.HikariPool        : HikariPool-1 - Fill pool skipped, pool has sufficient level or currently being filled (queueDepth=0).
2026-09-02T19:57:49.721+05:00 DEBUG 1848 --- [HikariPool-1 housekeeper] com.zaxxer.hikari.pool.HikariPool        : HikariPool-1 - Pool stats (total=10, active=0, idle=10, waiting=0)
2026-09-02T19:57:49.721+05:00 DEBUG 1848 --- [HikariPool-1 housekeeper] com.zaxxer.hikari.pool.HikariPool        : HikariPool-1 - Fill pool skipped, pool has sufficient level or currently being filled (queueDepth=0).
2026-09-02T19:58:19.731+05:00 DEBUG 1848 --- [HikariPool-1 housekeeper] com.zaxxer.hikari.pool.HikariPool        : HikariPool-1 - Pool stats (total=10, active=0, idle=10, waiting=0)
2026-09-02T19:58:19.732+05:00 DEBUG 1848 --- [HikariPool-1 housekeeper] com.zaxxer.hikari.pool.HikariPool        : HikariPool-1 - Fill pool skipped, pool has sufficient level or currently being filled (queueDepth=0).
2026-09-02T19:58:49.748+05:00 DEBUG 1848 --- [HikariPool-1 housekeeper] com.zaxxer.hikari.pool.HikariPool        : HikariPool-1 - Pool stats (total=10, active=0, idle=10, waiting=0)
2026-09-02T19:58:49.748+05:00 DEBUG 1848 --- [HikariPool-1 housekeeper] com.zaxxer.hikari.pool.HikariPool        : HikariPool-1 - Fill pool skipped, pool has sufficient level or currently being filled (queueDepth=0).
2026-09-02T19:59:19.757+05:00 DEBUG 1848 --- [HikariPool-1 housekeeper] com.zaxxer.hikari.pool.HikariPool        : HikariPool-1 - Pool stats (total=10, active=0, idle=10, waiting=0)
2026-09-02T19:59:19.757+05:00 DEBUG 1848 --- [HikariPool-1 housekeeper] com.zaxxer.hikari.pool.HikariPool        : HikariPool-1 - Fill pool skipped, pool has sufficient level or currently being filled (queueDepth=0).
2026-09-02T19:59:49.769+05:00 DEBUG 1848 --- [HikariPool-1 housekeeper] com.zaxxer.hikari.pool.HikariPool        : HikariPool-1 - Pool stats (total=10, active=0, idle=10, waiting=0)
2026-09-02T19:59:49.769+05:00 DEBUG 1848 --- [HikariPool-1 housekeeper] com.zaxxer.hikari.pool.HikariPool        : HikariPool-1 - Fill pool skipped, pool has sufficient level or currently being filled (queueDepth=0).
2026-09-02T20:00:19.771+05:00 DEBUG 1848 --- [HikariPool-1 housekeeper] com.zaxxer.hikari.pool.HikariPool        : HikariPool-1 - Pool stats (total=10, active=0, idle=10, waiting=0)
2026-09-02T20:00:19.772+05:00 DEBUG 1848 --- [HikariPool-1 housekeeper] com.zaxxer.hikari.pool.HikariPool        : HikariPool-1 - Fill pool skipped, pool has sufficient level or currently being filled (queueDepth=0).
2026-09-02T20:00:49.779+05:00 DEBUG 1848 --- [HikariPool-1 housekeeper] com.zaxxer.hikari.pool.HikariPool        : HikariPool-1 - Pool stats (total=10, active=0, idle=10, waiting=0)
2026-09-02T20:00:49.780+05:00 DEBUG 1848 --- [HikariPool-1 housekeeper] com.zaxxer.hikari.pool.HikariPool        : HikariPool-1 - Fill pool skipped, pool has sufficient level or currently being filled (queueDepth=0).
2026-09-02T20:01:19.783+05:00 DEBUG 1848 --- [HikariPool-1 housekeeper] com.zaxxer.hikari.pool.HikariPool        : HikariPool-1 - Pool stats (total=10, active=0, idle=10, waiting=0)
2026-09-02T20:01:19.783+05:00 DEBUG 1848 --- [HikariPool-1 housekeeper] com.zaxxer.hikari.pool.HikariPool        : HikariPool-1 - Fill pool skipped, pool has sufficient level or currently being filled (queueDepth=0).
2026-09-02T20:01:49.793+05:00 DEBUG 1848 --- [HikariPool-1 housekeeper] com.zaxxer.hikari.pool.HikariPool        : HikariPool-1 - Pool stats (total=10, active=0, idle=10, waiting=0)
2026-09-02T20:01:49.794+05:00 DEBUG 1848 --- [HikariPool-1 housekeeper] com.zaxxer.hikari.pool.HikariPool        : HikariPool-1 - Fill pool skipped, pool has sufficient level or currently being filled (queueDepth=0).
2026-09-02T20:02:19.803+05:00 DEBUG 1848 --- [HikariPool-1 housekeeper] com.zaxxer.hikari.pool.HikariPool        : HikariPool-1 - Pool stats (total=10, active=0, idle=10, waiting=0)
2026-09-02T20:02:19.803+05:00 DEBUG 1848 --- [HikariPool-1 housekeeper] com.zaxxer.hikari.pool.HikariPool        : HikariPool-1 - Fill pool skipped, pool has sufficient level or currently being filled (queueDepth=0).
