2026-08-25T13:25:02.819+05:00  WARN 13448 --- [HikariPool-1 housekeeper] com.zaxxer.hikari.pool.HikariPool        : HikariPool-1 - Thread starvation or clock leap detected (housekeeper delta=19h34m31s388ms566µs801ns).
2026-08-25T13:25:02.905+05:00 DEBUG 13448 --- [HikariPool-1 housekeeper] com.zaxxer.hikari.pool.HikariPool        : HikariPool-1 - Pool stats (total=10, active=0, idle=10, waiting=0)
2026-08-25T13:25:02.905+05:00 DEBUG 13448 --- [HikariPool-1 housekeeper] com.zaxxer.hikari.pool.HikariPool        : HikariPool-1 - Fill pool skipped, pool has sufficient level or currently being filled (queueDepth=0).
2026-08-25T13:25:02.906+05:00 DEBUG 13448 --- [HikariPool-1 housekeeper] com.zaxxer.hikari.pool.HikariPool        : HikariPool-1 - Add connection elided, waiting=0, adders pending/running=1
2026-08-25T13:25:02.908+05:00 DEBUG 13448 --- [HikariPool-1 housekeeper] com.zaxxer.hikari.pool.HikariPool        : HikariPool-1 - Add connection elided, waiting=0, adders pending/running=1
2026-08-25T13:25:02.908+05:00 DEBUG 13448 --- [HikariPool-1 housekeeper] com.zaxxer.hikari.pool.HikariPool        : HikariPool-1 - Add connection elided, waiting=0, adders pending/running=1
2026-08-25T13:25:02.908+05:00 DEBUG 13448 --- [HikariPool-1 housekeeper] com.zaxxer.hikari.pool.HikariPool        : HikariPool-1 - Add connection elided, waiting=0, adders pending/running=1
2026-08-25T13:25:02.908+05:00 DEBUG 13448 --- [HikariPool-1 housekeeper] com.zaxxer.hikari.pool.HikariPool        : HikariPool-1 - Add connection elided, waiting=0, adders pending/running=1
2026-08-25T13:25:02.908+05:00 DEBUG 13448 --- [HikariPool-1 housekeeper] com.zaxxer.hikari.pool.HikariPool        : HikariPool-1 - Add connection elided, waiting=0, adders pending/running=1
2026-08-25T13:25:02.908+05:00 DEBUG 13448 --- [HikariPool-1 housekeeper] com.zaxxer.hikari.pool.HikariPool        : HikariPool-1 - Add connection elided, waiting=0, adders pending/running=1
2026-08-25T13:25:02.908+05:00 DEBUG 13448 --- [HikariPool-1 housekeeper] com.zaxxer.hikari.pool.HikariPool        : HikariPool-1 - Add connection elided, waiting=0, adders pending/running=1
2026-08-25T13:25:02.908+05:00 DEBUG 13448 --- [HikariPool-1 housekeeper] com.zaxxer.hikari.pool.HikariPool        : HikariPool-1 - Add connection elided, waiting=0, adders pending/running=1
2026-08-25T13:25:02.909+05:00 DEBUG 13448 --- [HikariPool-1 connection closer] com.zaxxer.hikari.pool.PoolBase          : HikariPool-1 - Closing connection com.mysql.cj.jdbc.ConnectionImpl@6c2e47: (connection has passed maxLifetime)
2026-08-25T13:25:02.915+05:00 DEBUG 13448 --- [HikariPool-1 connection closer] com.zaxxer.hikari.pool.PoolBase          : HikariPool-1 - Closing connection com.mysql.cj.jdbc.ConnectionImpl@2c1d76d2: (connection has passed maxLifetime)
2026-08-25T13:25:02.915+05:00 DEBUG 13448 --- [HikariPool-1 connection closer] com.zaxxer.hikari.pool.PoolBase          : HikariPool-1 - Closing connection com.mysql.cj.jdbc.ConnectionImpl@64fdde7c: (connection has passed maxLifetime)
2026-08-25T13:25:02.916+05:00 DEBUG 13448 --- [HikariPool-1 connection closer] com.zaxxer.hikari.pool.PoolBase          : HikariPool-1 - Closing connection com.mysql.cj.jdbc.ConnectionImpl@6d52aed6: (connection has passed maxLifetime)
2026-08-25T13:25:02.923+05:00 DEBUG 13448 --- [HikariPool-1 connection closer] com.zaxxer.hikari.pool.PoolBase          : HikariPool-1 - Closing connection com.mysql.cj.jdbc.ConnectionImpl@2c6fa4ed: (connection has passed maxLifetime)
2026-08-25T13:25:02.931+05:00 DEBUG 13448 --- [HikariPool-1 connection adder] com.zaxxer.hikari.pool.HikariPool        : HikariPool-1 - Added connection com.mysql.cj.jdbc.ConnectionImpl@3e45e17c
2026-08-25T13:25:04.354+05:00 DEBUG 13448 --- [HikariPool-1 connection closer] com.zaxxer.hikari.pool.PoolBase          : HikariPool-1 - Closing connection com.mysql.cj.jdbc.ConnectionImpl@23533340: (connection has passed maxLifetime)
2026-08-25T13:25:04.355+05:00 DEBUG 13448 --- [HikariPool-1 connection closer] com.zaxxer.hikari.pool.PoolBase          : HikariPool-1 - Closing connection com.mysql.cj.jdbc.ConnectionImpl@6d207ce9: (connection has passed maxLifetime)
2026-08-25T13:25:04.355+05:00 DEBUG 13448 --- [HikariPool-1 connection closer] com.zaxxer.hikari.pool.PoolBase          : HikariPool-1 - Closing connection com.mysql.cj.jdbc.ConnectionImpl@12bab425: (connection has passed maxLifetime)
2026-08-25T13:25:04.355+05:00 DEBUG 13448 --- [HikariPool-1 connection closer] com.zaxxer.hikari.pool.PoolBase          : HikariPool-1 - Closing connection com.mysql.cj.jdbc.ConnectionImpl@626e397b: (connection has passed maxLifetime)
2026-08-25T13:25:04.358+05:00 DEBUG 13448 --- [HikariPool-1 connection closer] com.zaxxer.hikari.pool.PoolBase          : HikariPool-1 - Closing connection com.mysql.cj.jdbc.ConnectionImpl@7ba60dec: (connection has passed maxLifetime)
2026-08-25T13:25:04.372+05:00 DEBUG 13448 --- [HikariPool-1 connection adder] com.zaxxer.hikari.pool.HikariPool        : HikariPool-1 - Added connection com.mysql.cj.jdbc.ConnectionImpl@7f78eb47
2026-08-25T13:25:04.399+05:00 DEBUG 13448 --- [HikariPool-1 connection adder] com.zaxxer.hikari.pool.HikariPool        : HikariPool-1 - Added connection com.mysql.cj.jdbc.ConnectionImpl@4e4d93c2
2026-08-25T13:25:04.416+05:00 DEBUG 13448 --- [HikariPool-1 connection adder] com.zaxxer.hikari.pool.HikariPool        : HikariPool-1 - Added connection com.mysql.cj.jdbc.ConnectionImpl@1f571408
2026-08-25T13:25:04.445+05:00 DEBUG 13448 --- [HikariPool-1 connection adder] com.zaxxer.hikari.pool.HikariPool        : HikariPool-1 - Added connection com.mysql.cj.jdbc.ConnectionImpl@74474a17
2026-08-25T13:25:04.460+05:00 DEBUG 13448 --- [HikariPool-1 connection adder] com.zaxxer.hikari.pool.HikariPool        : HikariPool-1 - Added connection com.mysql.cj.jdbc.ConnectionImpl@1b19eff6
2026-08-25T13:25:04.476+05:00 DEBUG 13448 --- [HikariPool-1 connection adder] com.zaxxer.hikari.pool.HikariPool        : HikariPool-1 - Added connection com.mysql.cj.jdbc.ConnectionImpl@3314b4c9
2026-08-25T13:25:04.491+05:00 DEBUG 13448 --- [HikariPool-1 connection adder] com.zaxxer.hikari.pool.HikariPool        : HikariPool-1 - Added connection com.mysql.cj.jdbc.ConnectionImpl@1140c05c
2026-08-25T13:25:04.507+05:00 DEBUG 13448 --- [HikariPool-1 connection adder] com.zaxxer.hikari.pool.HikariPool        : HikariPool-1 - Added connection com.mysql.cj.jdbc.ConnectionImpl@10ca436f
2026-08-25T13:25:04.522+05:00 DEBUG 13448 --- [HikariPool-1 connection adder] com.zaxxer.hikari.pool.HikariPool        : HikariPool-1 - Added connection com.mysql.cj.jdbc.ConnectionImpl@55b5eaa4
2026-08-25T13:25:32.915+05:00 DEBUG 13448 --- [HikariPool-1 housekeeper] com.zaxxer.hikari.pool.HikariPool        : HikariPool-1 - Pool stats (total=10, active=0, idle=10, waiting=0)
2026-08-25T13:25:32.915+05:00 DEBUG 13448 --- [HikariPool-1 housekeeper] com.zaxxer.hikari.pool.HikariPool        : HikariPool-1 - Fill pool skipped, pool has sufficient level or currently being filled (queueDepth=0).
2026-08-25T13:26:02.929+05:00 DEBUG 13448 --- [HikariPool-1 housekeeper] com.zaxxer.hikari.pool.HikariPool        : HikariPool-1 - Pool stats (total=10, active=0, idle=10, waiting=0)
2026-08-25T13:26:02.929+05:00 DEBUG 13448 --- [HikariPool-1 housekeeper] com.zaxxer.hikari.pool.HikariPool        : HikariPool-1 - Fill pool skipped, pool has sufficient level or currently being filled (queueDepth=0).
2026-08-25T13:26:32.932+05:00 DEBUG 13448 --- [HikariPool-1 housekeeper] com.zaxxer.hikari.pool.HikariPool        : HikariPool-1 - Pool stats (total=10, active=0, idle=10, waiting=0)
2026-08-25T13:26:32.932+05:00 DEBUG 13448 --- [HikariPool-1 housekeeper] com.zaxxer.hikari.pool.HikariPool        : HikariPool-1 - Fill pool skipped, pool has sufficient level or currently being filled (queueDepth=0).
2026-08-25T13:27:02.940+05:00 DEBUG 13448 --- [HikariPool-1 housekeeper] com.zaxxer.hikari.pool.HikariPool        : HikariPool-1 - Pool stats (total=10, active=0, idle=10, waiting=0)
2026-08-25T13:27:02.940+05:00 DEBUG 13448 --- [HikariPool-1 housekeeper] com.zaxxer.hikari.pool.HikariPool        : HikariPool-1 - Fill pool skipped, pool has sufficient level or currently being filled (queueDepth=0).
2026-08-25T13:27:32.945+05:00 DEBUG 13448 --- [HikariPool-1 housekeeper] com.zaxxer.hikari.pool.HikariPool        : HikariPool-1 - Pool stats (total=10, active=0, idle=10, waiting=0)
2026-08-25T13:27:32.945+05:00 DEBUG 13448 --- [HikariPool-1 housekeeper] com.zaxxer.hikari.pool.HikariPool        : HikariPool-1 - Fill pool skipped, pool has sufficient level or currently being filled (queueDepth=0).
2026-08-25T13:28:02.950+05:00 DEBUG 13448 --- [HikariPool-1 housekeeper] com.zaxxer.hikari.pool.HikariPool        : HikariPool-1 - Pool stats (total=10, active=0, idle=10, waiting=0)
2026-08-25T13:28:02.950+05:00 DEBUG 13448 --- [HikariPool-1 housekeeper] com.zaxxer.hikari.pool.HikariPool        : HikariPool-1 - Fill pool skipped, pool has sufficient level or currently being filled (queueDepth=0).
2026-08-25T13:28:32.961+05:00 DEBUG 13448 --- [HikariPool-1 housekeeper] com.zaxxer.hikari.pool.HikariPool        : HikariPool-1 - Pool stats (total=10, active=0, idle=10, waiting=0)
2026-08-25T13:28:32.961+05:00 DEBUG 13448 --- [HikariPool-1 housekeeper] com.zaxxer.hikari.pool.HikariPool        : HikariPool-1 - Fill pool skipped, pool has sufficient level or currently being filled (queueDepth=0).
2026-08-25T13:29:02.966+05:00 DEBUG 13448 --- [HikariPool-1 housekeeper] com.zaxxer.hikari.pool.HikariPool        : HikariPool-1 - Pool stats (total=10, active=0, idle=10, waiting=0)
2026-08-25T13:29:02.966+05:00 DEBUG 13448 --- [HikariPool-1 housekeeper] com.zaxxer.hikari.pool.HikariPool        : HikariPool-1 - Fill pool skipped, pool has sufficient level or currently being filled (queueDepth=0).
2026-08-25T13:29:32.979+05:00 DEBUG 13448 --- [HikariPool-1 housekeeper] com.zaxxer.hikari.pool.HikariPool        : HikariPool-1 - Pool stats (total=10, active=0, idle=10, waiting=0)
2026-08-25T13:29:32.979+05:00 DEBUG 13448 --- [HikariPool-1 housekeeper] com.zaxxer.hikari.pool.HikariPool        : HikariPool-1 - Fill pool skipped, pool has sufficient level or currently being filled (queueDepth=0).
2026-08-25T13:30:02.992+05:00 DEBUG 13448 --- [HikariPool-1 housekeeper] com.zaxxer.hikari.pool.HikariPool        : HikariPool-1 - Pool stats (total=10, active=0, idle=10, waiting=0)
2026-08-25T13:30:02.992+05:00 DEBUG 13448 --- [HikariPool-1 housekeeper] com.zaxxer.hikari.pool.HikariPool        : HikariPool-1 - Fill pool skipped, pool has sufficient level or currently being filled (queueDepth=0).
2026-08-25T13:30:33.008+05:00 DEBUG 13448 --- [HikariPool-1 housekeeper] com.zaxxer.hikari.pool.HikariPool        : HikariPool-1 - Pool stats (total=10, active=0, idle=10, waiting=0)
2026-08-25T13:30:33.008+05:00 DEBUG 13448 --- [HikariPool-1 housekeeper] com.zaxxer.hikari.pool.HikariPool        : HikariPool-1 - Fill pool skipped, pool has sufficient level or currently being filled (queueDepth=0).
2026-08-25T13:31:03.016+05:00 DEBUG 13448 --- [HikariPool-1 housekeeper] com.zaxxer.hikari.pool.HikariPool        : HikariPool-1 - Pool stats (total=10, active=0, idle=10, waiting=0)
2026-08-25T13:31:03.016+05:00 DEBUG 13448 --- [HikariPool-1 housekeeper] com.zaxxer.hikari.pool.HikariPool        : HikariPool-1 - Fill pool skipped, pool has sufficient level or currently being filled (queueDepth=0).
2026-08-25T13:31:33.021+05:00 DEBUG 13448 --- [HikariPool-1 housekeeper] com.zaxxer.hikari.pool.HikariPool        : HikariPool-1 - Pool stats (total=10, active=0, idle=10, waiting=0)
2026-08-25T13:31:33.021+05:00 DEBUG 13448 --- [HikariPool-1 housekeeper] com.zaxxer.hikari.pool.HikariPool        : HikariPool-1 - Fill pool skipped, pool has sufficient level or currently being filled (queueDepth=0).
2026-08-25T13:32:03.022+05:00 DEBUG 13448 --- [HikariPool-1 housekeeper] com.zaxxer.hikari.pool.HikariPool        : HikariPool-1 - Pool stats (total=10, active=0, idle=10, waiting=0)
2026-08-25T13:32:03.022+05:00 DEBUG 13448 --- [HikariPool-1 housekeeper] com.zaxxer.hikari.pool.HikariPool        : HikariPool-1 - Fill pool skipped, pool has sufficient level or currently being filled (queueDepth=0).
2026-08-25T13:32:33.030+05:00 DEBUG 13448 --- [HikariPool-1 housekeeper] com.zaxxer.hikari.pool.HikariPool        : HikariPool-1 - Pool stats (total=10, active=0, idle=10, waiting=0)
2026-08-25T13:32:33.031+05:00 DEBUG 13448 --- [HikariPool-1 housekeeper] com.zaxxer.hikari.pool.HikariPool        : HikariPool-1 - Fill pool skipped, pool has sufficient level or currently being filled (queueDepth=0).
2026-08-25T13:33:03.033+05:00 DEBUG 13448 --- [HikariPool-1 housekeeper] com.zaxxer.hikari.pool.HikariPool        : HikariPool-1 - Pool stats (total=10, active=0, idle=10, waiting=0)
2026-08-25T13:33:03.033+05:00 DEBUG 13448 --- [HikariPool-1 housekeeper] com.zaxxer.hikari.pool.HikariPool        : HikariPool-1 - Fill pool skipped, pool has sufficient level or currently being filled (queueDepth=0).
2026-08-25T13:33:33.042+05:00 DEBUG 13448 --- [HikariPool-1 housekeeper] com.zaxxer.hikari.pool.HikariPool        : HikariPool-1 - Pool stats (total=10, active=0, idle=10, waiting=0)
2026-08-25T13:33:33.042+05:00 DEBUG 13448 --- [HikariPool-1 housekeeper] com.zaxxer.hikari.pool.HikariPool        : HikariPool-1 - Fill pool skipped, pool has sufficient level or currently being filled (queueDepth=0).
2026-08-25T13:34:03.047+05:00 DEBUG 13448 --- [HikariPool-1 housekeeper] com.zaxxer.hikari.pool.HikariPool        : HikariPool-1 - Pool stats (total=10, active=0, idle=10, waiting=0)
2026-08-25T13:34:03.047+05:00 DEBUG 13448 --- [HikariPool-1 housekeeper] com.zaxxer.hikari.pool.HikariPool        : HikariPool-1 - Fill pool skipped, pool has sufficient level or currently being filled (queueDepth=0).
2026-08-25T13:34:33.058+05:00 DEBUG 13448 --- [HikariPool-1 housekeeper] com.zaxxer.hikari.pool.HikariPool        : HikariPool-1 - Pool stats (total=10, active=0, idle=10, waiting=0)
2026-08-25T13:34:33.058+05:00 DEBUG 13448 --- [HikariPool-1 housekeeper] com.zaxxer.hikari.pool.HikariPool        : HikariPool-1 - Fill pool skipped, pool has sufficient level or currently being filled (queueDepth=0).
2026-08-25T13:35:03.074+05:00 DEBUG 13448 --- [HikariPool-1 housekeeper] com.zaxxer.hikari.pool.HikariPool        : HikariPool-1 - Pool stats (total=10, active=0, idle=10, waiting=0)
2026-08-25T13:35:03.074+05:00 DEBUG 13448 --- [HikariPool-1 housekeeper] com.zaxxer.hikari.pool.HikariPool        : HikariPool-1 - Fill pool skipped, pool has sufficient level or currently being filled (queueDepth=0).
2026-08-25T13:35:33.083+05:00 DEBUG 13448 --- [HikariPool-1 housekeeper] com.zaxxer.hikari.pool.HikariPool        : HikariPool-1 - Pool stats (total=10, active=0, idle=10, waiting=0)
2026-08-25T13:35:33.083+05:00 DEBUG 13448 --- [HikariPool-1 housekeeper] com.zaxxer.hikari.pool.HikariPool        : HikariPool-1 - Fill pool skipped, pool has sufficient level or currently being filled (queueDepth=0).
2026-08-25T13:36:03.095+05:00 DEBUG 13448 --- [HikariPool-1 housekeeper] com.zaxxer.hikari.pool.HikariPool        : HikariPool-1 - Pool stats (total=10, active=0, idle=10, waiting=0)
2026-08-25T13:36:03.096+05:00 DEBUG 13448 --- [HikariPool-1 housekeeper] com.zaxxer.hikari.pool.HikariPool        : HikariPool-1 - Fill pool skipped, pool has sufficient level or currently being filled (queueDepth=0).
2026-08-25T13:36:33.100+05:00 DEBUG 13448 --- [HikariPool-1 housekeeper] com.zaxxer.hikari.pool.HikariPool        : HikariPool-1 - Pool stats (total=10, active=0, idle=10, waiting=0)
2026-08-25T13:36:33.100+05:00 DEBUG 13448 --- [HikariPool-1 housekeeper] com.zaxxer.hikari.pool.HikariPool        : HikariPool-1 - Fill pool skipped, pool has sufficient level or currently being filled (queueDepth=0).
2026-08-25T13:37:03.101+05:00 DEBUG 13448 --- [HikariPool-1 housekeeper] com.zaxxer.hikari.pool.HikariPool        : HikariPool-1 - Pool stats (total=10, active=0, idle=10, waiting=0)
2026-08-25T13:37:03.101+05:00 DEBUG 13448 --- [HikariPool-1 housekeeper] com.zaxxer.hikari.pool.HikariPool        : HikariPool-1 - Fill pool skipped, pool has sufficient level or currently being filled (queueDepth=0).
2026-08-25T13:37:33.109+05:00 DEBUG 13448 --- [HikariPool-1 housekeeper] com.zaxxer.hikari.pool.HikariPool        : HikariPool-1 - Pool stats (total=10, active=0, idle=10, waiting=0)
2026-08-25T13:37:33.109+05:00 DEBUG 13448 --- [HikariPool-1 housekeeper] com.zaxxer.hikari.pool.HikariPool        : HikariPool-1 - Fill pool skipped, pool has sufficient level or currently being filled (queueDepth=0).
2026-08-25T13:38:03.122+05:00 DEBUG 13448 --- [HikariPool-1 housekeeper] com.zaxxer.hikari.pool.HikariPool        : HikariPool-1 - Pool stats (total=10, active=0, idle=10, waiting=0)
2026-08-25T13:38:03.122+05:00 DEBUG 13448 --- [HikariPool-1 housekeeper] com.zaxxer.hikari.pool.HikariPool        : HikariPool-1 - Fill pool skipped, pool has sufficient level or currently being filled (queueDepth=0).
2026-08-25T13:38:33.136+05:00 DEBUG 13448 --- [HikariPool-1 housekeeper] com.zaxxer.hikari.pool.HikariPool        : HikariPool-1 - Pool stats (total=10, active=0, idle=10, waiting=0)
2026-08-25T13:38:33.136+05:00 DEBUG 13448 --- [HikariPool-1 housekeeper] com.zaxxer.hikari.pool.HikariPool        : HikariPool-1 - Fill pool skipped, pool has sufficient level or currently being filled (queueDepth=0).
2026-08-25T13:39:03.150+05:00 DEBUG 13448 --- [HikariPool-1 housekeeper] com.zaxxer.hikari.pool.HikariPool        : HikariPool-1 - Pool stats (total=10, active=0, idle=10, waiting=0)
2026-08-25T13:39:03.150+05:00 DEBUG 13448 --- [HikariPool-1 housekeeper] com.zaxxer.hikari.pool.HikariPool        : HikariPool-1 - Fill pool skipped, pool has sufficient level or currently being filled (queueDepth=0).
2026-08-25T13:39:33.157+05:00 DEBUG 13448 --- [HikariPool-1 housekeeper] com.zaxxer.hikari.pool.HikariPool        : HikariPool-1 - Pool stats (total=10, active=0, idle=10, waiting=0)
2026-08-25T13:39:33.157+05:00 DEBUG 13448 --- [HikariPool-1 housekeeper] com.zaxxer.hikari.pool.HikariPool        : HikariPool-1 - Fill pool skipped, pool has sufficient level or currently being filled (queueDepth=0).
2026-08-25T13:40:03.173+05:00 DEBUG 13448 --- [HikariPool-1 housekeeper] com.zaxxer.hikari.pool.HikariPool        : HikariPool-1 - Pool stats (total=10, active=0, idle=10, waiting=0)
2026-08-25T13:40:03.173+05:00 DEBUG 13448 --- [HikariPool-1 housekeeper] com.zaxxer.hikari.pool.HikariPool        : HikariPool-1 - Fill pool skipped, pool has sufficient level or currently being filled (queueDepth=0).
2026-08-25T13:40:33.183+05:00 DEBUG 13448 --- [HikariPool-1 housekeeper] com.zaxxer.hikari.pool.HikariPool        : HikariPool-1 - Pool stats (total=10, active=0, idle=10, waiting=0)
2026-08-25T13:40:33.183+05:00 DEBUG 13448 --- [HikariPool-1 housekeeper] com.zaxxer.hikari.pool.HikariPool        : HikariPool-1 - Fill pool skipped, pool has sufficient level or currently being filled (queueDepth=0).
2026-08-25T13:41:03.198+05:00 DEBUG 13448 --- [HikariPool-1 housekeeper] com.zaxxer.hikari.pool.HikariPool        : HikariPool-1 - Pool stats (total=10, active=0, idle=10, waiting=0)
2026-08-25T13:41:03.199+05:00 DEBUG 13448 --- [HikariPool-1 housekeeper] com.zaxxer.hikari.pool.HikariPool        : HikariPool-1 - Fill pool skipped, pool has sufficient level or currently being filled (queueDepth=0).
2026-08-25T13:41:33.214+05:00 DEBUG 13448 --- [HikariPool-1 housekeeper] com.zaxxer.hikari.pool.HikariPool        : HikariPool-1 - Pool stats (total=10, active=0, idle=10, waiting=0)
2026-08-25T13:41:33.214+05:00 DEBUG 13448 --- [HikariPool-1 housekeeper] com.zaxxer.hikari.pool.HikariPool        : HikariPool-1 - Fill pool skipped, pool has sufficient level or currently being filled (queueDepth=0).
2026-08-25T13:42:03.218+05:00 DEBUG 13448 --- [HikariPool-1 housekeeper] com.zaxxer.hikari.pool.HikariPool        : HikariPool-1 - Pool stats (total=10, active=0, idle=10, waiting=0)
2026-08-25T13:42:03.218+05:00 DEBUG 13448 --- [HikariPool-1 housekeeper] com.zaxxer.hikari.pool.HikariPool        : HikariPool-1 - Fill pool skipped, pool has sufficient level or currently being filled (queueDepth=0).
2026-08-25T13:42:33.224+05:00 DEBUG 13448 --- [HikariPool-1 housekeeper] com.zaxxer.hikari.pool.HikariPool        : HikariPool-1 - Pool stats (total=10, active=0, idle=10, waiting=0)
2026-08-25T13:42:33.224+05:00 DEBUG 13448 --- [HikariPool-1 housekeeper] com.zaxxer.hikari.pool.HikariPool        : HikariPool-1 - Fill pool skipped, pool has sufficient level or currently being filled (queueDepth=0).
2026-08-25T13:43:03.232+05:00 DEBUG 13448 --- [HikariPool-1 housekeeper] com.zaxxer.hikari.pool.HikariPool        : HikariPool-1 - Pool stats (total=10, active=0, idle=10, waiting=0)
2026-08-25T13:43:03.232+05:00 DEBUG 13448 --- [HikariPool-1 housekeeper] com.zaxxer.hikari.pool.HikariPool        : HikariPool-1 - Fill pool skipped, pool has sufficient level or currently being filled (queueDepth=0).
2026-08-25T13:43:33.241+05:00 DEBUG 13448 --- [HikariPool-1 housekeeper] com.zaxxer.hikari.pool.HikariPool        : HikariPool-1 - Pool stats (total=10, active=0, idle=10, waiting=0)
2026-08-25T13:43:33.241+05:00 DEBUG 13448 --- [HikariPool-1 housekeeper] com.zaxxer.hikari.pool.HikariPool        : HikariPool-1 - Fill pool skipped, pool has sufficient level or currently being filled (queueDepth=0).
2026-08-25T13:44:03.246+05:00 DEBUG 13448 --- [HikariPool-1 housekeeper] com.zaxxer.hikari.pool.HikariPool        : HikariPool-1 - Pool stats (total=10, active=0, idle=10, waiting=0)
2026-08-25T13:44:03.246+05:00 DEBUG 13448 --- [HikariPool-1 housekeeper] com.zaxxer.hikari.pool.HikariPool        : HikariPool-1 - Fill pool skipped, pool has sufficient level or currently being filled (queueDepth=0).
2026-08-25T13:44:33.248+05:00 DEBUG 13448 --- [HikariPool-1 housekeeper] com.zaxxer.hikari.pool.HikariPool        : HikariPool-1 - Pool stats (total=10, active=0, idle=10, waiting=0)
2026-08-25T13:44:33.249+05:00 DEBUG 13448 --- [HikariPool-1 housekeeper] com.zaxxer.hikari.pool.HikariPool        : HikariPool-1 - Fill pool skipped, pool has sufficient level or currently being filled (queueDepth=0).
2026-08-25T13:45:03.256+05:00 DEBUG 13448 --- [HikariPool-1 housekeeper] com.zaxxer.hikari.pool.HikariPool        : HikariPool-1 - Pool stats (total=10, active=0, idle=10, waiting=0)
2026-08-25T13:45:03.256+05:00 DEBUG 13448 --- [HikariPool-1 housekeeper] com.zaxxer.hikari.pool.HikariPool        : HikariPool-1 - Fill pool skipped, pool has sufficient level or currently being filled (queueDepth=0).
2026-08-25T13:45:33.269+05:00 DEBUG 13448 --- [HikariPool-1 housekeeper] com.zaxxer.hikari.pool.HikariPool        : HikariPool-1 - Pool stats (total=10, active=0, idle=10, waiting=0)
2026-08-25T13:45:33.270+05:00 DEBUG 13448 --- [HikariPool-1 housekeeper] com.zaxxer.hikari.pool.HikariPool        : HikariPool-1 - Fill pool skipped, pool has sufficient level or currently being filled (queueDepth=0).
2026-08-25T13:46:03.281+05:00 DEBUG 13448 --- [HikariPool-1 housekeeper] com.zaxxer.hikari.pool.HikariPool        : HikariPool-1 - Pool stats (total=10, active=0, idle=10, waiting=0)
2026-08-25T13:46:03.281+05:00 DEBUG 13448 --- [HikariPool-1 housekeeper] com.zaxxer.hikari.pool.HikariPool        : HikariPool-1 - Fill pool skipped, pool has sufficient level or currently being filled (queueDepth=0).
2026-08-25T13:46:33.290+05:00 DEBUG 13448 --- [HikariPool-1 housekeeper] com.zaxxer.hikari.pool.HikariPool        : HikariPool-1 - Pool stats (total=10, active=0, idle=10, waiting=0)
2026-08-25T13:46:33.290+05:00 DEBUG 13448 --- [HikariPool-1 housekeeper] com.zaxxer.hikari.pool.HikariPool        : HikariPool-1 - Fill pool skipped, pool has sufficient level or currently being filled (queueDepth=0).
2026-08-25T13:47:03.306+05:00 DEBUG 13448 --- [HikariPool-1 housekeeper] com.zaxxer.hikari.pool.HikariPool        : HikariPool-1 - Pool stats (total=10, active=0, idle=10, waiting=0)
2026-08-25T13:47:03.306+05:00 DEBUG 13448 --- [HikariPool-1 housekeeper] com.zaxxer.hikari.pool.HikariPool        : HikariPool-1 - Fill pool skipped, pool has sufficient level or currently being filled (queueDepth=0).
2026-08-25T13:47:33.311+05:00 DEBUG 13448 --- [HikariPool-1 housekeeper] com.zaxxer.hikari.pool.HikariPool        : HikariPool-1 - Pool stats (total=10, active=0, idle=10, waiting=0)
2026-08-25T13:47:33.311+05:00 DEBUG 13448 --- [HikariPool-1 housekeeper] com.zaxxer.hikari.pool.HikariPool        : HikariPool-1 - Fill pool skipped, pool has sufficient level or currently being filled (queueDepth=0).
2026-08-25T13:48:03.318+05:00 DEBUG 13448 --- [HikariPool-1 housekeeper] com.zaxxer.hikari.pool.HikariPool        : HikariPool-1 - Pool stats (total=10, active=0, idle=10, waiting=0)
2026-08-25T13:48:03.318+05:00 DEBUG 13448 --- [HikariPool-1 housekeeper] com.zaxxer.hikari.pool.HikariPool        : HikariPool-1 - Fill pool skipped, pool has sufficient level or currently being filled (queueDepth=0).
2026-08-25T13:48:33.320+05:00 DEBUG 13448 --- [HikariPool-1 housekeeper] com.zaxxer.hikari.pool.HikariPool        : HikariPool-1 - Pool stats (total=10, active=0, idle=10, waiting=0)
2026-08-25T13:48:33.321+05:00 DEBUG 13448 --- [HikariPool-1 housekeeper] com.zaxxer.hikari.pool.HikariPool        : HikariPool-1 - Fill pool skipped, pool has sufficient level or currently being filled (queueDepth=0).
2026-08-25T13:49:03.331+05:00 DEBUG 13448 --- [HikariPool-1 housekeeper] com.zaxxer.hikari.pool.HikariPool        : HikariPool-1 - Pool stats (total=10, active=0, idle=10, waiting=0)
2026-08-25T13:49:03.331+05:00 DEBUG 13448 --- [HikariPool-1 housekeeper] com.zaxxer.hikari.pool.HikariPool        : HikariPool-1 - Fill pool skipped, pool has sufficient level or currently being filled (queueDepth=0).
2026-08-25T13:49:33.338+05:00 DEBUG 13448 --- [HikariPool-1 housekeeper] com.zaxxer.hikari.pool.HikariPool        : HikariPool-1 - Pool stats (total=10, active=0, idle=10, waiting=0)
2026-08-25T13:49:33.338+05:00 DEBUG 13448 --- [HikariPool-1 housekeeper] com.zaxxer.hikari.pool.HikariPool        : HikariPool-1 - Fill pool skipped, pool has sufficient level or currently being filled (queueDepth=0).
2026-08-25T13:50:03.340+05:00 DEBUG 13448 --- [HikariPool-1 housekeeper] com.zaxxer.hikari.pool.HikariPool        : HikariPool-1 - Pool stats (total=10, active=0, idle=10, waiting=0)
2026-08-25T13:50:03.340+05:00 DEBUG 13448 --- [HikariPool-1 housekeeper] com.zaxxer.hikari.pool.HikariPool        : HikariPool-1 - Fill pool skipped, pool has sufficient level or currently being filled (queueDepth=0).
2026-08-25T13:50:33.344+05:00 DEBUG 13448 --- [HikariPool-1 housekeeper] com.zaxxer.hikari.pool.HikariPool        : HikariPool-1 - Pool stats (total=10, active=0, idle=10, waiting=0)
2026-08-25T13:50:33.344+05:00 DEBUG 13448 --- [HikariPool-1 housekeeper] com.zaxxer.hikari.pool.HikariPool        : HikariPool-1 - Fill pool skipped, pool has sufficient level or currently being filled (queueDepth=0).
2026-08-25T13:51:03.345+05:00 DEBUG 13448 --- [HikariPool-1 housekeeper] com.zaxxer.hikari.pool.HikariPool        : HikariPool-1 - Pool stats (total=10, active=0, idle=10, waiting=0)
2026-08-25T13:51:03.345+05:00 DEBUG 13448 --- [HikariPool-1 housekeeper] com.zaxxer.hikari.pool.HikariPool        : HikariPool-1 - Fill pool skipped, pool has sufficient level or currently being filled (queueDepth=0).
2026-08-25T13:51:33.356+05:00 DEBUG 13448 --- [HikariPool-1 housekeeper] com.zaxxer.hikari.pool.HikariPool        : HikariPool-1 - Pool stats (total=10, active=0, idle=10, waiting=0)
2026-08-25T13:51:33.356+05:00 DEBUG 13448 --- [HikariPool-1 housekeeper] com.zaxxer.hikari.pool.HikariPool        : HikariPool-1 - Fill pool skipped, pool has sufficient level or currently being filled (queueDepth=0).
2026-08-25T13:52:03.371+05:00 DEBUG 13448 --- [HikariPool-1 housekeeper] com.zaxxer.hikari.pool.HikariPool        : HikariPool-1 - Pool stats (total=10, active=0, idle=10, waiting=0)
2026-08-25T13:52:03.371+05:00 DEBUG 13448 --- [HikariPool-1 housekeeper] com.zaxxer.hikari.pool.HikariPool        : HikariPool-1 - Fill pool skipped, pool has sufficient level or currently being filled (queueDepth=0).
2026-08-25T13:52:33.384+05:00 DEBUG 13448 --- [HikariPool-1 housekeeper] com.zaxxer.hikari.pool.HikariPool        : HikariPool-1 - Pool stats (total=10, active=0, idle=10, waiting=0)
2026-08-25T13:52:33.384+05:00 DEBUG 13448 --- [HikariPool-1 housekeeper] com.zaxxer.hikari.pool.HikariPool        : HikariPool-1 - Fill pool skipped, pool has sufficient level or currently being filled (queueDepth=0).
2026-08-25T13:53:03.386+05:00 DEBUG 13448 --- [HikariPool-1 housekeeper] com.zaxxer.hikari.pool.HikariPool        : HikariPool-1 - Pool stats (total=10, active=0, idle=10, waiting=0)
2026-08-25T13:53:03.386+05:00 DEBUG 13448 --- [HikariPool-1 housekeeper] com.zaxxer.hikari.pool.HikariPool        : HikariPool-1 - Fill pool skipped, pool has sufficient level or currently being filled (queueDepth=0).
2026-08-25T13:53:33.394+05:00 DEBUG 13448 --- [HikariPool-1 housekeeper] com.zaxxer.hikari.pool.HikariPool        : HikariPool-1 - Pool stats (total=10, active=0, idle=10, waiting=0)
2026-08-25T13:53:33.394+05:00 DEBUG 13448 --- [HikariPool-1 housekeeper] com.zaxxer.hikari.pool.HikariPool        : HikariPool-1 - Fill pool skipped, pool has sufficient level or currently being filled (queueDepth=0).
2026-08-25T13:54:03.401+05:00 DEBUG 13448 --- [HikariPool-1 housekeeper] com.zaxxer.hikari.pool.HikariPool        : HikariPool-1 - Pool stats (total=10, active=0, idle=10, waiting=0)
2026-08-25T13:54:03.401+05:00 DEBUG 13448 --- [HikariPool-1 housekeeper] com.zaxxer.hikari.pool.HikariPool        : HikariPool-1 - Fill pool skipped, pool has sufficient level or currently being filled (queueDepth=0).
2026-08-25T13:54:20.617+05:00 DEBUG 13448 --- [HikariPool-1 connection closer] com.zaxxer.hikari.pool.PoolBase          : HikariPool-1 - Closing connection com.mysql.cj.jdbc.ConnectionImpl@7f78eb47: (connection has passed maxLifetime)
2026-08-25T13:54:20.651+05:00 DEBUG 13448 --- [HikariPool-1 connection adder] com.zaxxer.hikari.pool.HikariPool        : HikariPool-1 - Added connection com.mysql.cj.jdbc.ConnectionImpl@644252ac
2026-08-25T13:54:28.158+05:00 DEBUG 13448 --- [HikariPool-1 connection closer] com.zaxxer.hikari.pool.PoolBase          : HikariPool-1 - Closing connection com.mysql.cj.jdbc.ConnectionImpl@10ca436f: (connection has passed maxLifetime)
2026-08-25T13:54:28.164+05:00 DEBUG 13448 --- [HikariPool-1 connection adder] com.zaxxer.hikari.pool.HikariPool        : HikariPool-1 - Added connection com.mysql.cj.jdbc.ConnectionImpl@62a70f1
2026-08-25T13:54:32.725+05:00 DEBUG 13448 --- [HikariPool-1 connection closer] com.zaxxer.hikari.pool.PoolBase          : HikariPool-1 - Closing connection com.mysql.cj.jdbc.ConnectionImpl@3314b4c9: (connection has passed maxLifetime)
2026-08-25T13:54:32.730+05:00 DEBUG 13448 --- [HikariPool-1 connection adder] com.zaxxer.hikari.pool.HikariPool        : HikariPool-1 - Added connection com.mysql.cj.jdbc.ConnectionImpl@47177aca
2026-08-25T13:54:32.959+05:00 DEBUG 13448 --- [HikariPool-1 connection closer] com.zaxxer.hikari.pool.PoolBase          : HikariPool-1 - Closing connection com.mysql.cj.jdbc.ConnectionImpl@74474a17: (connection has passed maxLifetime)
2026-08-25T13:54:32.963+05:00 DEBUG 13448 --- [HikariPool-1 connection adder] com.zaxxer.hikari.pool.HikariPool        : HikariPool-1 - Added connection com.mysql.cj.jdbc.ConnectionImpl@769addae
2026-08-25T13:54:33.415+05:00 DEBUG 13448 --- [HikariPool-1 housekeeper] com.zaxxer.hikari.pool.HikariPool        : HikariPool-1 - Pool stats (total=10, active=0, idle=10, waiting=0)
2026-08-25T13:54:33.415+05:00 DEBUG 13448 --- [HikariPool-1 housekeeper] com.zaxxer.hikari.pool.HikariPool        : HikariPool-1 - Fill pool skipped, pool has sufficient level or currently being filled (queueDepth=0).
2026-08-25T13:54:36.908+05:00 DEBUG 13448 --- [HikariPool-1 connection closer] com.zaxxer.hikari.pool.PoolBase          : HikariPool-1 - Closing connection com.mysql.cj.jdbc.ConnectionImpl@1f571408: (connection has passed maxLifetime)
2026-08-25T13:54:36.913+05:00 DEBUG 13448 --- [HikariPool-1 connection adder] com.zaxxer.hikari.pool.HikariPool        : HikariPool-1 - Added connection com.mysql.cj.jdbc.ConnectionImpl@27388585
2026-08-25T13:54:51.501+05:00 DEBUG 13448 --- [HikariPool-1 connection closer] com.zaxxer.hikari.pool.PoolBase          : HikariPool-1 - Closing connection com.mysql.cj.jdbc.ConnectionImpl@55b5eaa4: (connection has passed maxLifetime)
2026-08-25T13:54:51.505+05:00 DEBUG 13448 --- [HikariPool-1 connection adder] com.zaxxer.hikari.pool.HikariPool        : HikariPool-1 - Added connection com.mysql.cj.jdbc.ConnectionImpl@503aa29a
2026-08-25T13:54:53.908+05:00 DEBUG 13448 --- [HikariPool-1 connection closer] com.zaxxer.hikari.pool.PoolBase          : HikariPool-1 - Closing connection com.mysql.cj.jdbc.ConnectionImpl@3e45e17c: (connection has passed maxLifetime)
2026-08-25T13:54:53.912+05:00 DEBUG 13448 --- [HikariPool-1 connection adder] com.zaxxer.hikari.pool.HikariPool        : HikariPool-1 - Added connection com.mysql.cj.jdbc.ConnectionImpl@1107a8a1
2026-08-25T13:54:53.923+05:00 DEBUG 13448 --- [HikariPool-1 connection closer] com.zaxxer.hikari.pool.PoolBase          : HikariPool-1 - Closing connection com.mysql.cj.jdbc.ConnectionImpl@1b19eff6: (connection has passed maxLifetime)
2026-08-25T13:54:53.923+05:00 DEBUG 13448 --- [HikariPool-1 housekeeper] com.zaxxer.hikari.pool.HikariPool        : HikariPool-1 - Add connection elided, waiting=0, adders pending/running=2
2026-08-25T13:54:53.941+05:00 DEBUG 13448 --- [HikariPool-1 connection adder] com.zaxxer.hikari.pool.HikariPool        : HikariPool-1 - Added connection com.mysql.cj.jdbc.ConnectionImpl@205cd90d
2026-08-25T13:55:00.819+05:00 DEBUG 13448 --- [HikariPool-1 connection closer] com.zaxxer.hikari.pool.PoolBase          : HikariPool-1 - Closing connection com.mysql.cj.jdbc.ConnectionImpl@1140c05c: (connection has passed maxLifetime)
2026-08-25T13:55:00.823+05:00 DEBUG 13448 --- [HikariPool-1 connection adder] com.zaxxer.hikari.pool.HikariPool        : HikariPool-1 - Added connection com.mysql.cj.jdbc.ConnectionImpl@5fd633ba
2026-08-25T13:55:01.995+05:00 DEBUG 13448 --- [HikariPool-1 connection closer] com.zaxxer.hikari.pool.PoolBase          : HikariPool-1 - Closing connection com.mysql.cj.jdbc.ConnectionImpl@4e4d93c2: (connection has passed maxLifetime)
2026-08-25T13:55:02.002+05:00 DEBUG 13448 --- [HikariPool-1 connection adder] com.zaxxer.hikari.pool.HikariPool        : HikariPool-1 - Added connection com.mysql.cj.jdbc.ConnectionImpl@1eeb3981
2026-08-25T13:55:03.422+05:00 DEBUG 13448 --- [HikariPool-1 housekeeper] com.zaxxer.hikari.pool.HikariPool        : HikariPool-1 - Pool stats (total=10, active=0, idle=10, waiting=0)
2026-08-25T13:55:03.422+05:00 DEBUG 13448 --- [HikariPool-1 housekeeper] com.zaxxer.hikari.pool.HikariPool        : HikariPool-1 - Fill pool skipped, pool has sufficient level or currently being filled (queueDepth=0).
2026-08-25T13:55:33.424+05:00 DEBUG 13448 --- [HikariPool-1 housekeeper] com.zaxxer.hikari.pool.HikariPool        : HikariPool-1 - Pool stats (total=10, active=0, idle=10, waiting=0)
2026-08-25T13:55:33.424+05:00 DEBUG 13448 --- [HikariPool-1 housekeeper] com.zaxxer.hikari.pool.HikariPool        : HikariPool-1 - Fill pool skipped, pool has sufficient level or currently being filled (queueDepth=0).
2026-08-25T13:56:03.433+05:00 DEBUG 13448 --- [HikariPool-1 housekeeper] com.zaxxer.hikari.pool.HikariPool        : HikariPool-1 - Pool stats (total=10, active=0, idle=10, waiting=0)
2026-08-25T13:56:03.433+05:00 DEBUG 13448 --- [HikariPool-1 housekeeper] com.zaxxer.hikari.pool.HikariPool        : HikariPool-1 - Fill pool skipped, pool has sufficient level or currently being filled (queueDepth=0).
2026-08-25T13:56:33.435+05:00 DEBUG 13448 --- [HikariPool-1 housekeeper] com.zaxxer.hikari.pool.HikariPool        : HikariPool-1 - Pool stats (total=10, active=0, idle=10, waiting=0)
2026-08-25T13:56:33.435+05:00 DEBUG 13448 --- [HikariPool-1 housekeeper] com.zaxxer.hikari.pool.HikariPool        : HikariPool-1 - Fill pool skipped, pool has sufficient level or currently being filled (queueDepth=0).
2026-08-25T13:57:03.451+05:00 DEBUG 13448 --- [HikariPool-1 housekeeper] com.zaxxer.hikari.pool.HikariPool        : HikariPool-1 - Pool stats (total=10, active=0, idle=10, waiting=0)
2026-08-25T13:57:03.453+05:00 DEBUG 13448 --- [HikariPool-1 housekeeper] com.zaxxer.hikari.pool.HikariPool        : HikariPool-1 - Fill pool skipped, pool has sufficient level or currently being filled (queueDepth=0).
2026-08-25T13:57:33.462+05:00 DEBUG 13448 --- [HikariPool-1 housekeeper] com.zaxxer.hikari.pool.HikariPool        : HikariPool-1 - Pool stats (total=10, active=0, idle=10, waiting=0)
2026-08-25T13:57:33.462+05:00 DEBUG 13448 --- [HikariPool-1 housekeeper] com.zaxxer.hikari.pool.HikariPool        : HikariPool-1 - Fill pool skipped, pool has sufficient level or currently being filled (queueDepth=0).
2026-08-25T13:58:03.467+05:00 DEBUG 13448 --- [HikariPool-1 housekeeper] com.zaxxer.hikari.pool.HikariPool        : HikariPool-1 - Pool stats (total=10, active=0, idle=10, waiting=0)
2026-08-25T13:58:03.467+05:00 DEBUG 13448 --- [HikariPool-1 housekeeper] com.zaxxer.hikari.pool.HikariPool        : HikariPool-1 - Fill pool skipped, pool has sufficient level or currently being filled (queueDepth=0).
2026-08-25T13:58:33.475+05:00 DEBUG 13448 --- [HikariPool-1 housekeeper] com.zaxxer.hikari.pool.HikariPool        : HikariPool-1 - Pool stats (total=10, active=0, idle=10, waiting=0)
2026-08-25T13:58:33.475+05:00 DEBUG 13448 --- [HikariPool-1 housekeeper] com.zaxxer.hikari.pool.HikariPool        : HikariPool-1 - Fill pool skipped, pool has sufficient level or currently being filled (queueDepth=0).
2026-08-25T13:59:03.475+05:00 DEBUG 13448 --- [HikariPool-1 housekeeper] com.zaxxer.hikari.pool.HikariPool        : HikariPool-1 - Pool stats (total=10, active=0, idle=10, waiting=0)
2026-08-25T13:59:03.475+05:00 DEBUG 13448 --- [HikariPool-1 housekeeper] com.zaxxer.hikari.pool.HikariPool        : HikariPool-1 - Fill pool skipped, pool has sufficient level or currently being filled (queueDepth=0).
2026-08-25T13:59:33.482+05:00 DEBUG 13448 --- [HikariPool-1 housekeeper] com.zaxxer.hikari.pool.HikariPool        : HikariPool-1 - Pool stats (total=10, active=0, idle=10, waiting=0)
2026-08-25T13:59:33.482+05:00 DEBUG 13448 --- [HikariPool-1 housekeeper] com.zaxxer.hikari.pool.HikariPool        : HikariPool-1 - Fill pool skipped, pool has sufficient level or currently being filled (queueDepth=0).
2026-08-25T14:00:03.489+05:00 DEBUG 13448 --- [HikariPool-1 housekeeper] com.zaxxer.hikari.pool.HikariPool        : HikariPool-1 - Pool stats (total=10, active=0, idle=10, waiting=0)
2026-08-25T14:00:03.489+05:00 DEBUG 13448 --- [HikariPool-1 housekeeper] com.zaxxer.hikari.pool.HikariPool        : HikariPool-1 - Fill pool skipped, pool has sufficient level or currently being filled (queueDepth=0).
2026-08-25T14:00:33.497+05:00 DEBUG 13448 --- [HikariPool-1 housekeeper] com.zaxxer.hikari.pool.HikariPool        : HikariPool-1 - Pool stats (total=10, active=0, idle=10, waiting=0)
2026-08-25T14:00:33.497+05:00 DEBUG 13448 --- [HikariPool-1 housekeeper] com.zaxxer.hikari.pool.HikariPool        : HikariPool-1 - Fill pool skipped, pool has sufficient level or currently being filled (queueDepth=0).
2026-08-25T14:01:03.511+05:00 DEBUG 13448 --- [HikariPool-1 housekeeper] com.zaxxer.hikari.pool.HikariPool        : HikariPool-1 - Pool stats (total=10, active=0, idle=10, waiting=0)
2026-08-25T14:01:03.511+05:00 DEBUG 13448 --- [HikariPool-1 housekeeper] com.zaxxer.hikari.pool.HikariPool        : HikariPool-1 - Fill pool skipped, pool has sufficient level or currently being filled (queueDepth=0).
2026-08-25T14:01:33.514+05:00 DEBUG 13448 --- [HikariPool-1 housekeeper] com.zaxxer.hikari.pool.HikariPool        : HikariPool-1 - Pool stats (total=10, active=0, idle=10, waiting=0)
2026-08-25T14:01:33.514+05:00 DEBUG 13448 --- [HikariPool-1 housekeeper] com.zaxxer.hikari.pool.HikariPool        : HikariPool-1 - Fill pool skipped, pool has sufficient level or currently being filled (queueDepth=0).
2026-08-25T14:02:03.515+05:00 DEBUG 13448 --- [HikariPool-1 housekeeper] com.zaxxer.hikari.pool.HikariPool        : HikariPool-1 - Pool stats (total=10, active=0, idle=10, waiting=0)
2026-08-25T14:02:03.515+05:00 DEBUG 13448 --- [HikariPool-1 housekeeper] com.zaxxer.hikari.pool.HikariPool        : HikariPool-1 - Fill pool skipped, pool has sufficient level or currently being filled (queueDepth=0).
2026-08-25T14:02:33.517+05:00 DEBUG 13448 --- [HikariPool-1 housekeeper] com.zaxxer.hikari.pool.HikariPool        : HikariPool-1 - Pool stats (total=10, active=0, idle=10, waiting=0)
2026-08-25T14:02:33.518+05:00 DEBUG 13448 --- [HikariPool-1 housekeeper] com.zaxxer.hikari.pool.HikariPool        : HikariPool-1 - Fill pool skipped, pool has sufficient level or currently being filled (queueDepth=0).
2026-08-25T14:03:03.520+05:00 DEBUG 13448 --- [HikariPool-1 housekeeper] com.zaxxer.hikari.pool.HikariPool        : HikariPool-1 - Pool stats (total=10, active=0, idle=10, waiting=0)
2026-08-25T14:03:03.520+05:00 DEBUG 13448 --- [HikariPool-1 housekeeper] com.zaxxer.hikari.pool.HikariPool        : HikariPool-1 - Fill pool skipped, pool has sufficient level or currently being filled (queueDepth=0).
2026-08-25T14:03:33.525+05:00 DEBUG 13448 --- [HikariPool-1 housekeeper] com.zaxxer.hikari.pool.HikariPool        : HikariPool-1 - Pool stats (total=10, active=0, idle=10, waiting=0)
2026-08-25T14:03:33.525+05:00 DEBUG 13448 --- [HikariPool-1 housekeeper] com.zaxxer.hikari.pool.HikariPool        : HikariPool-1 - Fill pool skipped, pool has sufficient level or currently being filled (queueDepth=0).
2026-08-25T14:04:03.531+05:00 DEBUG 13448 --- [HikariPool-1 housekeeper] com.zaxxer.hikari.pool.HikariPool        : HikariPool-1 - Pool stats (total=10, active=0, idle=10, waiting=0)
2026-08-25T14:04:03.531+05:00 DEBUG 13448 --- [HikariPool-1 housekeeper] com.zaxxer.hikari.pool.HikariPool        : HikariPool-1 - Fill pool skipped, pool has sufficient level or currently being filled (queueDepth=0).
2026-08-25T14:04:33.534+05:00 DEBUG 13448 --- [HikariPool-1 housekeeper] com.zaxxer.hikari.pool.HikariPool        : HikariPool-1 - Pool stats (total=10, active=0, idle=10, waiting=0)
2026-08-25T14:04:33.534+05:00 DEBUG 13448 --- [HikariPool-1 housekeeper] com.zaxxer.hikari.pool.HikariPool        : HikariPool-1 - Fill pool skipped, pool has sufficient level or currently being filled (queueDepth=0).
2026-08-25T14:05:03.534+05:00 DEBUG 13448 --- [HikariPool-1 housekeeper] com.zaxxer.hikari.pool.HikariPool        : HikariPool-1 - Pool stats (total=10, active=0, idle=10, waiting=0)
2026-08-25T14:05:03.534+05:00 DEBUG 13448 --- [HikariPool-1 housekeeper] com.zaxxer.hikari.pool.HikariPool        : HikariPool-1 - Fill pool skipped, pool has sufficient level or currently being filled (queueDepth=0).
2026-08-25T14:05:33.540+05:00 DEBUG 13448 --- [HikariPool-1 housekeeper] com.zaxxer.hikari.pool.HikariPool        : HikariPool-1 - Pool stats (total=10, active=0, idle=10, waiting=0)
2026-08-25T14:05:33.540+05:00 DEBUG 13448 --- [HikariPool-1 housekeeper] com.zaxxer.hikari.pool.HikariPool        : HikariPool-1 - Fill pool skipped, pool has sufficient level or currently being filled (queueDepth=0).
2026-08-25T14:06:03.543+05:00 DEBUG 13448 --- [HikariPool-1 housekeeper] com.zaxxer.hikari.pool.HikariPool        : HikariPool-1 - Pool stats (total=10, active=0, idle=10, waiting=0)
2026-08-25T14:06:03.543+05:00 DEBUG 13448 --- [HikariPool-1 housekeeper] com.zaxxer.hikari.pool.HikariPool        : HikariPool-1 - Fill pool skipped, pool has sufficient level or currently being filled (queueDepth=0).
2026-08-25T14:06:33.558+05:00 DEBUG 13448 --- [HikariPool-1 housekeeper] com.zaxxer.hikari.pool.HikariPool        : HikariPool-1 - Pool stats (total=10, active=0, idle=10, waiting=0)
2026-08-25T14:06:33.558+05:00 DEBUG 13448 --- [HikariPool-1 housekeeper] com.zaxxer.hikari.pool.HikariPool        : HikariPool-1 - Fill pool skipped, pool has sufficient level or currently being filled (queueDepth=0).
2026-08-25T14:07:03.564+05:00 DEBUG 13448 --- [HikariPool-1 housekeeper] com.zaxxer.hikari.pool.HikariPool        : HikariPool-1 - Pool stats (total=10, active=0, idle=10, waiting=0)
2026-08-25T14:07:03.564+05:00 DEBUG 13448 --- [HikariPool-1 housekeeper] com.zaxxer.hikari.pool.HikariPool        : HikariPool-1 - Fill pool skipped, pool has sufficient level or currently being filled (queueDepth=0).
2026-08-25T14:07:33.566+05:00 DEBUG 13448 --- [HikariPool-1 housekeeper] com.zaxxer.hikari.pool.HikariPool        : HikariPool-1 - Pool stats (total=10, active=0, idle=10, waiting=0)
2026-08-25T14:07:33.566+05:00 DEBUG 13448 --- [HikariPool-1 housekeeper] com.zaxxer.hikari.pool.HikariPool        : HikariPool-1 - Fill pool skipped, pool has sufficient level or currently being filled (queueDepth=0).
2026-08-25T14:08:03.574+05:00 DEBUG 13448 --- [HikariPool-1 housekeeper] com.zaxxer.hikari.pool.HikariPool        : HikariPool-1 - Pool stats (total=10, active=0, idle=10, waiting=0)
2026-08-25T14:08:03.574+05:00 DEBUG 13448 --- [HikariPool-1 housekeeper] com.zaxxer.hikari.pool.HikariPool        : HikariPool-1 - Fill pool skipped, pool has sufficient level or currently being filled (queueDepth=0).
2026-08-25T14:08:33.588+05:00 DEBUG 13448 --- [HikariPool-1 housekeeper] com.zaxxer.hikari.pool.HikariPool        : HikariPool-1 - Pool stats (total=10, active=0, idle=10, waiting=0)
2026-08-25T14:08:33.588+05:00 DEBUG 13448 --- [HikariPool-1 housekeeper] com.zaxxer.hikari.pool.HikariPool        : HikariPool-1 - Fill pool skipped, pool has sufficient level or currently being filled (queueDepth=0).
2026-08-25T14:09:03.594+05:00 DEBUG 13448 --- [HikariPool-1 housekeeper] com.zaxxer.hikari.pool.HikariPool        : HikariPool-1 - Pool stats (total=10, active=0, idle=10, waiting=0)
2026-08-25T14:09:03.594+05:00 DEBUG 13448 --- [HikariPool-1 housekeeper] com.zaxxer.hikari.pool.HikariPool        : HikariPool-1 - Fill pool skipped, pool has sufficient level or currently being filled (queueDepth=0).
2026-08-25T14:09:33.598+05:00 DEBUG 13448 --- [HikariPool-1 housekeeper] com.zaxxer.hikari.pool.HikariPool        : HikariPool-1 - Pool stats (total=10, active=0, idle=10, waiting=0)
2026-08-25T14:09:33.598+05:00 DEBUG 13448 --- [HikariPool-1 housekeeper] com.zaxxer.hikari.pool.HikariPool        : HikariPool-1 - Fill pool skipped, pool has sufficient level or currently being filled (queueDepth=0).
2026-08-25T14:10:03.606+05:00 DEBUG 13448 --- [HikariPool-1 housekeeper] com.zaxxer.hikari.pool.HikariPool        : HikariPool-1 - Pool stats (total=10, active=0, idle=10, waiting=0)
2026-08-25T14:10:03.608+05:00 DEBUG 13448 --- [HikariPool-1 housekeeper] com.zaxxer.hikari.pool.HikariPool        : HikariPool-1 - Fill pool skipped, pool has sufficient level or currently being filled (queueDepth=0).
2026-08-25T14:10:33.619+05:00 DEBUG 13448 --- [HikariPool-1 housekeeper] com.zaxxer.hikari.pool.HikariPool        : HikariPool-1 - Pool stats (total=10, active=0, idle=10, waiting=0)
2026-08-25T14:10:33.619+05:00 DEBUG 13448 --- [HikariPool-1 housekeeper] com.zaxxer.hikari.pool.HikariPool        : HikariPool-1 - Fill pool skipped, pool has sufficient level or currently being filled (queueDepth=0).
2026-08-25T14:11:03.620+05:00 DEBUG 13448 --- [HikariPool-1 housekeeper] com.zaxxer.hikari.pool.HikariPool        : HikariPool-1 - Pool stats (total=10, active=0, idle=10, waiting=0)
2026-08-25T14:11:03.620+05:00 DEBUG 13448 --- [HikariPool-1 housekeeper] com.zaxxer.hikari.pool.HikariPool        : HikariPool-1 - Fill pool skipped, pool has sufficient level or currently being filled (queueDepth=0).
2026-08-25T14:11:33.631+05:00 DEBUG 13448 --- [HikariPool-1 housekeeper] com.zaxxer.hikari.pool.HikariPool        : HikariPool-1 - Pool stats (total=10, active=0, idle=10, waiting=0)
2026-08-25T14:11:33.631+05:00 DEBUG 13448 --- [HikariPool-1 housekeeper] com.zaxxer.hikari.pool.HikariPool        : HikariPool-1 - Fill pool skipped, pool has sufficient level or currently being filled (queueDepth=0).
2026-08-25T14:12:03.646+05:00 DEBUG 13448 --- [HikariPool-1 housekeeper] com.zaxxer.hikari.pool.HikariPool        : HikariPool-1 - Pool stats (total=10, active=0, idle=10, waiting=0)
2026-08-25T14:12:03.646+05:00 DEBUG 13448 --- [HikariPool-1 housekeeper] com.zaxxer.hikari.pool.HikariPool        : HikariPool-1 - Fill pool skipped, pool has sufficient level or currently being filled (queueDepth=0).
2026-08-25T14:12:33.661+05:00 DEBUG 13448 --- [HikariPool-1 housekeeper] com.zaxxer.hikari.pool.HikariPool        : HikariPool-1 - Pool stats (total=10, active=0, idle=10, waiting=0)
2026-08-25T14:12:33.661+05:00 DEBUG 13448 --- [HikariPool-1 housekeeper] com.zaxxer.hikari.pool.HikariPool        : HikariPool-1 - Fill pool skipped, pool has sufficient level or currently being filled (queueDepth=0).
2026-08-25T14:13:03.668+05:00 DEBUG 13448 --- [HikariPool-1 housekeeper] com.zaxxer.hikari.pool.HikariPool        : HikariPool-1 - Pool stats (total=10, active=0, idle=10, waiting=0)
2026-08-25T14:13:03.668+05:00 DEBUG 13448 --- [HikariPool-1 housekeeper] com.zaxxer.hikari.pool.HikariPool        : HikariPool-1 - Fill pool skipped, pool has sufficient level or currently being filled (queueDepth=0).
2026-08-25T14:13:33.676+05:00 DEBUG 13448 --- [HikariPool-1 housekeeper] com.zaxxer.hikari.pool.HikariPool        : HikariPool-1 - Pool stats (total=10, active=0, idle=10, waiting=0)
2026-08-25T14:13:33.676+05:00 DEBUG 13448 --- [HikariPool-1 housekeeper] com.zaxxer.hikari.pool.HikariPool        : HikariPool-1 - Fill pool skipped, pool has sufficient level or currently being filled (queueDepth=0).
2026-08-25T14:14:03.681+05:00 DEBUG 13448 --- [HikariPool-1 housekeeper] com.zaxxer.hikari.pool.HikariPool        : HikariPool-1 - Pool stats (total=10, active=0, idle=10, waiting=0)
2026-08-25T14:14:03.681+05:00 DEBUG 13448 --- [HikariPool-1 housekeeper] com.zaxxer.hikari.pool.HikariPool        : HikariPool-1 - Fill pool skipped, pool has sufficient level or currently being filled (queueDepth=0).
2026-08-25T14:14:33.687+05:00 DEBUG 13448 --- [HikariPool-1 housekeeper] com.zaxxer.hikari.pool.HikariPool        : HikariPool-1 - Pool stats (total=10, active=0, idle=10, waiting=0)
2026-08-25T14:14:33.687+05:00 DEBUG 13448 --- [HikariPool-1 housekeeper] com.zaxxer.hikari.pool.HikariPool        : HikariPool-1 - Fill pool skipped, pool has sufficient level or currently being filled (queueDepth=0).
2026-08-25T14:15:03.692+05:00 DEBUG 13448 --- [HikariPool-1 housekeeper] com.zaxxer.hikari.pool.HikariPool        : HikariPool-1 - Pool stats (total=10, active=0, idle=10, waiting=0)
2026-08-25T14:15:03.692+05:00 DEBUG 13448 --- [HikariPool-1 housekeeper] com.zaxxer.hikari.pool.HikariPool        : HikariPool-1 - Fill pool skipped, pool has sufficient level or currently being filled (queueDepth=0).
2026-08-25T14:15:33.707+05:00 DEBUG 13448 --- [HikariPool-1 housekeeper] com.zaxxer.hikari.pool.HikariPool        : HikariPool-1 - Pool stats (total=10, active=0, idle=10, waiting=0)
2026-08-25T14:15:33.707+05:00 DEBUG 13448 --- [HikariPool-1 housekeeper] com.zaxxer.hikari.pool.HikariPool        : HikariPool-1 - Fill pool skipped, pool has sufficient level or currently being filled (queueDepth=0).
2026-08-25T14:16:03.714+05:00 DEBUG 13448 --- [HikariPool-1 housekeeper] com.zaxxer.hikari.pool.HikariPool        : HikariPool-1 - Pool stats (total=10, active=0, idle=10, waiting=0)
2026-08-25T14:16:03.714+05:00 DEBUG 13448 --- [HikariPool-1 housekeeper] com.zaxxer.hikari.pool.HikariPool        : HikariPool-1 - Fill pool skipped, pool has sufficient level or currently being filled (queueDepth=0).
2026-08-25T14:16:33.782+05:00 DEBUG 13448 --- [HikariPool-1 housekeeper] com.zaxxer.hikari.pool.HikariPool        : HikariPool-1 - Pool stats (total=10, active=0, idle=10, waiting=0)
2026-08-25T14:16:33.783+05:00 DEBUG 13448 --- [HikariPool-1 housekeeper] com.zaxxer.hikari.pool.HikariPool        : HikariPool-1 - Fill pool skipped, pool has sufficient level or currently being filled (queueDepth=0).
2026-08-25T14:17:03.793+05:00 DEBUG 13448 --- [HikariPool-1 housekeeper] com.zaxxer.hikari.pool.HikariPool        : HikariPool-1 - Pool stats (total=10, active=0, idle=10, waiting=0)
2026-08-25T14:17:03.793+05:00 DEBUG 13448 --- [HikariPool-1 housekeeper] com.zaxxer.hikari.pool.HikariPool        : HikariPool-1 - Fill pool skipped, pool has sufficient level or currently being filled (queueDepth=0).
2026-08-25T14:17:33.815+05:00 DEBUG 13448 --- [HikariPool-1 housekeeper] com.zaxxer.hikari.pool.HikariPool        : HikariPool-1 - Pool stats (total=10, active=0, idle=10, waiting=0)
2026-08-25T14:17:33.817+05:00 DEBUG 13448 --- [HikariPool-1 housekeeper] com.zaxxer.hikari.pool.HikariPool        : HikariPool-1 - Fill pool skipped, pool has sufficient level or currently being filled (queueDepth=0).
2026-08-25T14:18:03.822+05:00 DEBUG 13448 --- [HikariPool-1 housekeeper] com.zaxxer.hikari.pool.HikariPool        : HikariPool-1 - Pool stats (total=10, active=0, idle=10, waiting=0)
2026-08-25T14:18:03.822+05:00 DEBUG 13448 --- [HikariPool-1 housekeeper] com.zaxxer.hikari.pool.HikariPool        : HikariPool-1 - Fill pool skipped, pool has sufficient level or currently being filled (queueDepth=0).
2026-08-25T14:18:33.912+05:00 DEBUG 13448 --- [HikariPool-1 housekeeper] com.zaxxer.hikari.pool.HikariPool        : HikariPool-1 - Pool stats (total=10, active=0, idle=10, waiting=0)
2026-08-25T14:18:33.916+05:00 DEBUG 13448 --- [HikariPool-1 housekeeper] com.zaxxer.hikari.pool.HikariPool        : HikariPool-1 - Fill pool skipped, pool has sufficient level or currently being filled (queueDepth=0).
2026-08-25T14:19:03.927+05:00 DEBUG 13448 --- [HikariPool-1 housekeeper] com.zaxxer.hikari.pool.HikariPool        : HikariPool-1 - Pool stats (total=10, active=0, idle=10, waiting=0)
2026-08-25T14:19:03.928+05:00 DEBUG 13448 --- [HikariPool-1 housekeeper] com.zaxxer.hikari.pool.HikariPool        : HikariPool-1 - Fill pool skipped, pool has sufficient level or currently being filled (queueDepth=0).
2026-08-25T14:19:33.993+05:00 DEBUG 13448 --- [HikariPool-1 housekeeper] com.zaxxer.hikari.pool.HikariPool        : HikariPool-1 - Pool stats (total=10, active=0, idle=10, waiting=0)
2026-08-25T14:19:33.993+05:00 DEBUG 13448 --- [HikariPool-1 housekeeper] com.zaxxer.hikari.pool.HikariPool        : HikariPool-1 - Fill pool skipped, pool has sufficient level or currently being filled (queueDepth=0).
2026-08-25T14:20:04.007+05:00 DEBUG 13448 --- [HikariPool-1 housekeeper] com.zaxxer.hikari.pool.HikariPool        : HikariPool-1 - Pool stats (total=10, active=0, idle=10, waiting=0)
2026-08-25T14:20:04.007+05:00 DEBUG 13448 --- [HikariPool-1 housekeeper] com.zaxxer.hikari.pool.HikariPool        : HikariPool-1 - Fill pool skipped, pool has sufficient level or currently being filled (queueDepth=0).
2026-08-25T14:20:34.072+05:00 DEBUG 13448 --- [HikariPool-1 housekeeper] com.zaxxer.hikari.pool.HikariPool        : HikariPool-1 - Pool stats (total=10, active=0, idle=10, waiting=0)
2026-08-25T14:20:34.073+05:00 DEBUG 13448 --- [HikariPool-1 housekeeper] com.zaxxer.hikari.pool.HikariPool        : HikariPool-1 - Fill pool skipped, pool has sufficient level or currently being filled (queueDepth=0).
2026-08-25T14:21:04.080+05:00 DEBUG 13448 --- [HikariPool-1 housekeeper] com.zaxxer.hikari.pool.HikariPool        : HikariPool-1 - Pool stats (total=10, active=0, idle=10, waiting=0)
2026-08-25T14:21:04.081+05:00 DEBUG 13448 --- [HikariPool-1 housekeeper] com.zaxxer.hikari.pool.HikariPool        : HikariPool-1 - Fill pool skipped, pool has sufficient level or currently being filled (queueDepth=0).
2026-08-25T14:21:34.259+05:00 DEBUG 13448 --- [HikariPool-1 housekeeper] com.zaxxer.hikari.pool.HikariPool        : HikariPool-1 - Pool stats (total=10, active=0, idle=10, waiting=0)
2026-08-25T14:21:34.259+05:00 DEBUG 13448 --- [HikariPool-1 housekeeper] com.zaxxer.hikari.pool.HikariPool        : HikariPool-1 - Fill pool skipped, pool has sufficient level or currently being filled (queueDepth=0).
2026-08-25T14:22:04.260+05:00 DEBUG 13448 --- [HikariPool-1 housekeeper] com.zaxxer.hikari.pool.HikariPool        : HikariPool-1 - Pool stats (total=10, active=0, idle=10, waiting=0)
2026-08-25T14:22:04.260+05:00 DEBUG 13448 --- [HikariPool-1 housekeeper] com.zaxxer.hikari.pool.HikariPool        : HikariPool-1 - Fill pool skipped, pool has sufficient level or currently being filled (queueDepth=0).
2026-08-25T14:22:34.309+05:00 DEBUG 13448 --- [HikariPool-1 housekeeper] com.zaxxer.hikari.pool.HikariPool        : HikariPool-1 - Pool stats (total=10, active=0, idle=10, waiting=0)
2026-08-25T14:22:34.310+05:00 DEBUG 13448 --- [HikariPool-1 housekeeper] com.zaxxer.hikari.pool.HikariPool        : HikariPool-1 - Fill pool skipped, pool has sufficient level or currently being filled (queueDepth=0).
2026-08-25T14:23:04.321+05:00 DEBUG 13448 --- [HikariPool-1 housekeeper] com.zaxxer.hikari.pool.HikariPool        : HikariPool-1 - Pool stats (total=10, active=0, idle=10, waiting=0)
2026-08-25T14:23:04.322+05:00 DEBUG 13448 --- [HikariPool-1 housekeeper] com.zaxxer.hikari.pool.HikariPool        : HikariPool-1 - Fill pool skipped, pool has sufficient level or currently being filled (queueDepth=0).
2026-08-25T14:23:34.333+05:00 DEBUG 13448 --- [HikariPool-1 housekeeper] com.zaxxer.hikari.pool.HikariPool        : HikariPool-1 - Pool stats (total=10, active=0, idle=10, waiting=0)
2026-08-25T14:23:34.339+05:00 DEBUG 13448 --- [HikariPool-1 housekeeper] com.zaxxer.hikari.pool.HikariPool        : HikariPool-1 - Fill pool skipped, pool has sufficient level or currently being filled (queueDepth=0).
2026-08-25T14:23:49.988+05:00 DEBUG 13448 --- [HikariPool-1 connection closer] com.zaxxer.hikari.pool.PoolBase          : HikariPool-1 - Closing connection com.mysql.cj.jdbc.ConnectionImpl@769addae: (connection has passed maxLifetime)
2026-08-25T14:23:50.008+05:00 DEBUG 13448 --- [HikariPool-1 connection adder] com.zaxxer.hikari.pool.HikariPool        : HikariPool-1 - Added connection com.mysql.cj.jdbc.ConnectionImpl@613450c
2026-08-25T14:24:04.347+05:00 DEBUG 13448 --- [HikariPool-1 housekeeper] com.zaxxer.hikari.pool.HikariPool        : HikariPool-1 - Pool stats (total=10, active=0, idle=10, waiting=0)
2026-08-25T14:24:04.347+05:00 DEBUG 13448 --- [HikariPool-1 housekeeper] com.zaxxer.hikari.pool.HikariPool        : HikariPool-1 - Fill pool skipped, pool has sufficient level or currently being filled (queueDepth=0).
2026-08-25T14:24:08.340+05:00 DEBUG 13448 --- [HikariPool-1 connection closer] com.zaxxer.hikari.pool.PoolBase          : HikariPool-1 - Closing connection com.mysql.cj.jdbc.ConnectionImpl@62a70f1: (connection has passed maxLifetime)
2026-08-25T14:24:08.343+05:00 DEBUG 13448 --- [HikariPool-1 connection adder] com.zaxxer.hikari.pool.HikariPool        : HikariPool-1 - Added connection com.mysql.cj.jdbc.ConnectionImpl@9fb67bd
2026-08-25T14:24:12.614+05:00 DEBUG 13448 --- [HikariPool-1 connection closer] com.zaxxer.hikari.pool.PoolBase          : HikariPool-1 - Closing connection com.mysql.cj.jdbc.ConnectionImpl@644252ac: (connection has passed maxLifetime)
2026-08-25T14:24:12.617+05:00 DEBUG 13448 --- [HikariPool-1 connection adder] com.zaxxer.hikari.pool.HikariPool        : HikariPool-1 - Added connection com.mysql.cj.jdbc.ConnectionImpl@48c66d86
2026-08-25T14:24:24.050+05:00 DEBUG 13448 --- [HikariPool-1 connection closer] com.zaxxer.hikari.pool.PoolBase          : HikariPool-1 - Closing connection com.mysql.cj.jdbc.ConnectionImpl@47177aca: (connection has passed maxLifetime)
2026-08-25T14:24:24.056+05:00 DEBUG 13448 --- [HikariPool-1 connection adder] com.zaxxer.hikari.pool.HikariPool        : HikariPool-1 - Added connection com.mysql.cj.jdbc.ConnectionImpl@34898575
2026-08-25T14:24:27.087+05:00 DEBUG 13448 --- [HikariPool-1 connection closer] com.zaxxer.hikari.pool.PoolBase          : HikariPool-1 - Closing connection com.mysql.cj.jdbc.ConnectionImpl@27388585: (connection has passed maxLifetime)
2026-08-25T14:24:27.089+05:00 DEBUG 13448 --- [HikariPool-1 connection adder] com.zaxxer.hikari.pool.HikariPool        : HikariPool-1 - Added connection com.mysql.cj.jdbc.ConnectionImpl@75b48f4e
2026-08-25T14:24:31.458+05:00 DEBUG 13448 --- [HikariPool-1 connection closer] com.zaxxer.hikari.pool.PoolBase          : HikariPool-1 - Closing connection com.mysql.cj.jdbc.ConnectionImpl@205cd90d: (connection has passed maxLifetime)
2026-08-25T14:24:31.463+05:00 DEBUG 13448 --- [HikariPool-1 connection adder] com.zaxxer.hikari.pool.HikariPool        : HikariPool-1 - Added connection com.mysql.cj.jdbc.ConnectionImpl@440bb97a
2026-08-25T14:24:31.802+05:00 DEBUG 13448 --- [HikariPool-1 connection closer] com.zaxxer.hikari.pool.PoolBase          : HikariPool-1 - Closing connection com.mysql.cj.jdbc.ConnectionImpl@5fd633ba: (connection has passed maxLifetime)
2026-08-25T14:24:31.806+05:00 DEBUG 13448 --- [HikariPool-1 connection adder] com.zaxxer.hikari.pool.HikariPool        : HikariPool-1 - Added connection com.mysql.cj.jdbc.ConnectionImpl@159b7001
2026-08-25T14:24:32.388+05:00 DEBUG 13448 --- [HikariPool-1 connection closer] com.zaxxer.hikari.pool.PoolBase          : HikariPool-1 - Closing connection com.mysql.cj.jdbc.ConnectionImpl@1107a8a1: (connection has passed maxLifetime)
2026-08-25T14:24:32.395+05:00 DEBUG 13448 --- [HikariPool-1 connection adder] com.zaxxer.hikari.pool.HikariPool        : HikariPool-1 - Added connection com.mysql.cj.jdbc.ConnectionImpl@392be276
2026-08-25T14:24:34.376+05:00 DEBUG 13448 --- [HikariPool-1 housekeeper] com.zaxxer.hikari.pool.HikariPool        : HikariPool-1 - Pool stats (total=10, active=0, idle=10, waiting=0)
2026-08-25T14:24:34.377+05:00 DEBUG 13448 --- [HikariPool-1 housekeeper] com.zaxxer.hikari.pool.HikariPool        : HikariPool-1 - Fill pool skipped, pool has sufficient level or currently being filled (queueDepth=0).
2026-08-25T14:24:38.596+05:00 DEBUG 13448 --- [HikariPool-1 connection closer] com.zaxxer.hikari.pool.PoolBase          : HikariPool-1 - Closing connection com.mysql.cj.jdbc.ConnectionImpl@1eeb3981: (connection has passed maxLifetime)
2026-08-25T14:24:38.601+05:00 DEBUG 13448 --- [HikariPool-1 connection adder] com.zaxxer.hikari.pool.HikariPool        : HikariPool-1 - Added connection com.mysql.cj.jdbc.ConnectionImpl@4276e0ad
2026-08-25T14:24:42.179+05:00 DEBUG 13448 --- [HikariPool-1 connection closer] com.zaxxer.hikari.pool.PoolBase          : HikariPool-1 - Closing connection com.mysql.cj.jdbc.ConnectionImpl@503aa29a: (connection has passed maxLifetime)
2026-08-25T14:24:42.185+05:00 DEBUG 13448 --- [HikariPool-1 connection adder] com.zaxxer.hikari.pool.HikariPool        : HikariPool-1 - Added connection com.mysql.cj.jdbc.ConnectionImpl@34bea96
2026-08-25T14:25:04.430+05:00 DEBUG 13448 --- [HikariPool-1 housekeeper] com.zaxxer.hikari.pool.HikariPool        : HikariPool-1 - Pool stats (total=10, active=0, idle=10, waiting=0)
2026-08-25T14:25:04.432+05:00 DEBUG 13448 --- [HikariPool-1 housekeeper] com.zaxxer.hikari.pool.HikariPool        : HikariPool-1 - Fill pool skipped, pool has sufficient level or currently being filled (queueDepth=0).
2026-08-25T14:25:34.442+05:00 DEBUG 13448 --- [HikariPool-1 housekeeper] com.zaxxer.hikari.pool.HikariPool        : HikariPool-1 - Pool stats (total=10, active=0, idle=10, waiting=0)
2026-08-25T14:25:34.442+05:00 DEBUG 13448 --- [HikariPool-1 housekeeper] com.zaxxer.hikari.pool.HikariPool        : HikariPool-1 - Fill pool skipped, pool has sufficient level or currently being filled (queueDepth=0).
2026-08-25T14:26:04.574+05:00 DEBUG 13448 --- [HikariPool-1 housekeeper] com.zaxxer.hikari.pool.HikariPool        : HikariPool-1 - Pool stats (total=10, active=0, idle=10, waiting=0)
2026-08-25T14:26:04.574+05:00 DEBUG 13448 --- [HikariPool-1 housekeeper] com.zaxxer.hikari.pool.HikariPool        : HikariPool-1 - Fill pool skipped, pool has sufficient level or currently being filled (queueDepth=0).
2026-08-25T14:26:34.589+05:00 DEBUG 13448 --- [HikariPool-1 housekeeper] com.zaxxer.hikari.pool.HikariPool        : HikariPool-1 - Pool stats (total=10, active=0, idle=10, waiting=0)
2026-08-25T14:26:34.589+05:00 DEBUG 13448 --- [HikariPool-1 housekeeper] com.zaxxer.hikari.pool.HikariPool        : HikariPool-1 - Fill pool skipped, pool has sufficient level or currently being filled (queueDepth=0).
2026-08-25T14:27:04.595+05:00 DEBUG 13448 --- [HikariPool-1 housekeeper] com.zaxxer.hikari.pool.HikariPool        : HikariPool-1 - Pool stats (total=10, active=0, idle=10, waiting=0)
2026-08-25T14:27:04.596+05:00 DEBUG 13448 --- [HikariPool-1 housekeeper] com.zaxxer.hikari.pool.HikariPool        : HikariPool-1 - Fill pool skipped, pool has sufficient level or currently being filled (queueDepth=0).
2026-08-25T14:27:34.605+05:00 DEBUG 13448 --- [HikariPool-1 housekeeper] com.zaxxer.hikari.pool.HikariPool        : HikariPool-1 - Pool stats (total=10, active=0, idle=10, waiting=0)
2026-08-25T14:27:34.605+05:00 DEBUG 13448 --- [HikariPool-1 housekeeper] com.zaxxer.hikari.pool.HikariPool        : HikariPool-1 - Fill pool skipped, pool has sufficient level or currently being filled (queueDepth=0).
2026-08-25T14:28:04.609+05:00 DEBUG 13448 --- [HikariPool-1 housekeeper] com.zaxxer.hikari.pool.HikariPool        : HikariPool-1 - Pool stats (total=10, active=0, idle=10, waiting=0)
2026-08-25T14:28:04.612+05:00 DEBUG 13448 --- [HikariPool-1 housekeeper] com.zaxxer.hikari.pool.HikariPool        : HikariPool-1 - Fill pool skipped, pool has sufficient level or currently being filled (queueDepth=0).
2026-08-25T14:28:34.619+05:00 DEBUG 13448 --- [HikariPool-1 housekeeper] com.zaxxer.hikari.pool.HikariPool        : HikariPool-1 - Pool stats (total=10, active=0, idle=10, waiting=0)
2026-08-25T14:28:34.619+05:00 DEBUG 13448 --- [HikariPool-1 housekeeper] com.zaxxer.hikari.pool.HikariPool        : HikariPool-1 - Fill pool skipped, pool has sufficient level or currently being filled (queueDepth=0).
2026-08-25T14:29:04.668+05:00 DEBUG 13448 --- [HikariPool-1 housekeeper] com.zaxxer.hikari.pool.HikariPool        : HikariPool-1 - Pool stats (total=10, active=0, idle=10, waiting=0)
2026-08-25T14:29:04.668+05:00 DEBUG 13448 --- [HikariPool-1 housekeeper] com.zaxxer.hikari.pool.HikariPool        : HikariPool-1 - Fill pool skipped, pool has sufficient level or currently being filled (queueDepth=0).
2026-08-25T14:29:34.679+05:00 DEBUG 13448 --- [HikariPool-1 housekeeper] com.zaxxer.hikari.pool.HikariPool        : HikariPool-1 - Pool stats (total=10, active=0, idle=10, waiting=0)
2026-08-25T14:29:34.679+05:00 DEBUG 13448 --- [HikariPool-1 housekeeper] com.zaxxer.hikari.pool.HikariPool        : HikariPool-1 - Fill pool skipped, pool has sufficient level or currently being filled (queueDepth=0).
2026-08-25T14:30:04.747+05:00 DEBUG 13448 --- [HikariPool-1 housekeeper] com.zaxxer.hikari.pool.HikariPool        : HikariPool-1 - Pool stats (total=10, active=0, idle=10, waiting=0)
2026-08-25T14:30:04.747+05:00 DEBUG 13448 --- [HikariPool-1 housekeeper] com.zaxxer.hikari.pool.HikariPool        : HikariPool-1 - Fill pool skipped, pool has sufficient level or currently being filled (queueDepth=0).
2026-08-25T14:30:34.748+05:00 DEBUG 13448 --- [HikariPool-1 housekeeper] com.zaxxer.hikari.pool.HikariPool        : HikariPool-1 - Pool stats (total=10, active=0, idle=10, waiting=0)
2026-08-25T14:30:34.748+05:00 DEBUG 13448 --- [HikariPool-1 housekeeper] com.zaxxer.hikari.pool.HikariPool        : HikariPool-1 - Fill pool skipped, pool has sufficient level or currently being filled (queueDepth=0).
2026-08-25T14:31:04.805+05:00 DEBUG 13448 --- [HikariPool-1 housekeeper] com.zaxxer.hikari.pool.HikariPool        : HikariPool-1 - Pool stats (total=10, active=0, idle=10, waiting=0)
2026-08-25T14:31:04.806+05:00 DEBUG 13448 --- [HikariPool-1 housekeeper] com.zaxxer.hikari.pool.HikariPool        : HikariPool-1 - Fill pool skipped, pool has sufficient level or currently being filled (queueDepth=0).
2026-08-25T14:31:34.812+05:00 DEBUG 13448 --- [HikariPool-1 housekeeper] com.zaxxer.hikari.pool.HikariPool        : HikariPool-1 - Pool stats (total=10, active=0, idle=10, waiting=0)
2026-08-25T14:31:34.812+05:00 DEBUG 13448 --- [HikariPool-1 housekeeper] com.zaxxer.hikari.pool.HikariPool        : HikariPool-1 - Fill pool skipped, pool has sufficient level or currently being filled (queueDepth=0).
2026-08-25T14:32:04.833+05:00 DEBUG 13448 --- [HikariPool-1 housekeeper] com.zaxxer.hikari.pool.HikariPool        : HikariPool-1 - Pool stats (total=10, active=0, idle=10, waiting=0)
2026-08-25T14:32:04.833+05:00 DEBUG 13448 --- [HikariPool-1 housekeeper] com.zaxxer.hikari.pool.HikariPool        : HikariPool-1 - Fill pool skipped, pool has sufficient level or currently being filled (queueDepth=0).
2026-08-25T14:32:34.837+05:00 DEBUG 13448 --- [HikariPool-1 housekeeper] com.zaxxer.hikari.pool.HikariPool        : HikariPool-1 - Pool stats (total=10, active=0, idle=10, waiting=0)
2026-08-25T14:32:34.837+05:00 DEBUG 13448 --- [HikariPool-1 housekeeper] com.zaxxer.hikari.pool.HikariPool        : HikariPool-1 - Fill pool skipped, pool has sufficient level or currently being filled (queueDepth=0).
2026-08-25T14:33:05.011+05:00 DEBUG 13448 --- [HikariPool-1 housekeeper] com.zaxxer.hikari.pool.HikariPool        : HikariPool-1 - Pool stats (total=10, active=0, idle=10, waiting=0)
2026-08-25T14:33:05.011+05:00 DEBUG 13448 --- [HikariPool-1 housekeeper] com.zaxxer.hikari.pool.HikariPool        : HikariPool-1 - Fill pool skipped, pool has sufficient level or currently being filled (queueDepth=0).
2026-08-25T14:33:35.016+05:00 DEBUG 13448 --- [HikariPool-1 housekeeper] com.zaxxer.hikari.pool.HikariPool        : HikariPool-1 - Pool stats (total=10, active=0, idle=10, waiting=0)
2026-08-25T14:33:35.016+05:00 DEBUG 13448 --- [HikariPool-1 housekeeper] com.zaxxer.hikari.pool.HikariPool        : HikariPool-1 - Fill pool skipped, pool has sufficient level or currently being filled (queueDepth=0).
2026-08-25T14:34:05.033+05:00 DEBUG 13448 --- [HikariPool-1 housekeeper] com.zaxxer.hikari.pool.HikariPool        : HikariPool-1 - Pool stats (total=10, active=0, idle=10, waiting=0)
2026-08-25T14:34:05.033+05:00 DEBUG 13448 --- [HikariPool-1 housekeeper] com.zaxxer.hikari.pool.HikariPool        : HikariPool-1 - Fill pool skipped, pool has sufficient level or currently being filled (queueDepth=0).
2026-08-25T14:34:35.042+05:00 DEBUG 13448 --- [HikariPool-1 housekeeper] com.zaxxer.hikari.pool.HikariPool        : HikariPool-1 - Pool stats (total=10, active=0, idle=10, waiting=0)
2026-08-25T14:34:35.043+05:00 DEBUG 13448 --- [HikariPool-1 housekeeper] com.zaxxer.hikari.pool.HikariPool        : HikariPool-1 - Fill pool skipped, pool has sufficient level or currently being filled (queueDepth=0).
2026-08-25T14:35:05.088+05:00 DEBUG 13448 --- [HikariPool-1 housekeeper] com.zaxxer.hikari.pool.HikariPool        : HikariPool-1 - Pool stats (total=10, active=0, idle=10, waiting=0)
2026-08-25T14:35:05.088+05:00 DEBUG 13448 --- [HikariPool-1 housekeeper] com.zaxxer.hikari.pool.HikariPool        : HikariPool-1 - Fill pool skipped, pool has sufficient level or currently being filled (queueDepth=0).
2026-08-25T14:35:35.088+05:00 DEBUG 13448 --- [HikariPool-1 housekeeper] com.zaxxer.hikari.pool.HikariPool        : HikariPool-1 - Pool stats (total=10, active=0, idle=10, waiting=0)
2026-08-25T14:35:35.089+05:00 DEBUG 13448 --- [HikariPool-1 housekeeper] com.zaxxer.hikari.pool.HikariPool        : HikariPool-1 - Fill pool skipped, pool has sufficient level or currently being filled (queueDepth=0).
2026-08-25T14:36:05.153+05:00 DEBUG 13448 --- [HikariPool-1 housekeeper] com.zaxxer.hikari.pool.HikariPool        : HikariPool-1 - Pool stats (total=10, active=0, idle=10, waiting=0)
2026-08-25T14:36:05.154+05:00 DEBUG 13448 --- [HikariPool-1 housekeeper] com.zaxxer.hikari.pool.HikariPool        : HikariPool-1 - Fill pool skipped, pool has sufficient level or currently being filled (queueDepth=0).
2026-08-25T14:36:35.158+05:00 DEBUG 13448 --- [HikariPool-1 housekeeper] com.zaxxer.hikari.pool.HikariPool        : HikariPool-1 - Pool stats (total=10, active=0, idle=10, waiting=0)
2026-08-25T14:36:35.158+05:00 DEBUG 13448 --- [HikariPool-1 housekeeper] com.zaxxer.hikari.pool.HikariPool        : HikariPool-1 - Fill pool skipped, pool has sufficient level or currently being filled (queueDepth=0).
2026-08-25T14:37:05.223+05:00 DEBUG 13448 --- [HikariPool-1 housekeeper] com.zaxxer.hikari.pool.HikariPool        : HikariPool-1 - Pool stats (total=10, active=0, idle=10, waiting=0)
2026-08-25T14:37:05.224+05:00 DEBUG 13448 --- [HikariPool-1 housekeeper] com.zaxxer.hikari.pool.HikariPool        : HikariPool-1 - Fill pool skipped, pool has sufficient level or currently being filled (queueDepth=0).
2026-08-25T14:37:35.230+05:00 DEBUG 13448 --- [HikariPool-1 housekeeper] com.zaxxer.hikari.pool.HikariPool        : HikariPool-1 - Pool stats (total=10, active=0, idle=10, waiting=0)
2026-08-25T14:37:35.231+05:00 DEBUG 13448 --- [HikariPool-1 housekeeper] com.zaxxer.hikari.pool.HikariPool        : HikariPool-1 - Fill pool skipped, pool has sufficient level or currently being filled (queueDepth=0).
2026-08-25T14:38:05.315+05:00 DEBUG 13448 --- [HikariPool-1 housekeeper] com.zaxxer.hikari.pool.HikariPool        : HikariPool-1 - Pool stats (total=10, active=0, idle=10, waiting=0)
2026-08-25T14:38:05.315+05:00 DEBUG 13448 --- [HikariPool-1 housekeeper] com.zaxxer.hikari.pool.HikariPool        : HikariPool-1 - Fill pool skipped, pool has sufficient level or currently being filled (queueDepth=0).
2026-08-25T14:38:35.330+05:00 DEBUG 13448 --- [HikariPool-1 housekeeper] com.zaxxer.hikari.pool.HikariPool        : HikariPool-1 - Pool stats (total=10, active=0, idle=10, waiting=0)
2026-08-25T14:38:35.330+05:00 DEBUG 13448 --- [HikariPool-1 housekeeper] com.zaxxer.hikari.pool.HikariPool        : HikariPool-1 - Fill pool skipped, pool has sufficient level or currently being filled (queueDepth=0).
2026-08-25T14:39:05.408+05:00 DEBUG 13448 --- [HikariPool-1 housekeeper] com.zaxxer.hikari.pool.HikariPool        : HikariPool-1 - Pool stats (total=10, active=0, idle=10, waiting=0)
2026-08-25T14:39:05.408+05:00 DEBUG 13448 --- [HikariPool-1 housekeeper] com.zaxxer.hikari.pool.HikariPool        : HikariPool-1 - Fill pool skipped, pool has sufficient level or currently being filled (queueDepth=0).
2026-08-25T14:39:35.421+05:00 DEBUG 13448 --- [HikariPool-1 housekeeper] com.zaxxer.hikari.pool.HikariPool        : HikariPool-1 - Pool stats (total=10, active=0, idle=10, waiting=0)
2026-08-25T14:39:35.421+05:00 DEBUG 13448 --- [HikariPool-1 housekeeper] com.zaxxer.hikari.pool.HikariPool        : HikariPool-1 - Fill pool skipped, pool has sufficient level or currently being filled (queueDepth=0).
2026-08-25T14:40:05.546+05:00 DEBUG 13448 --- [HikariPool-1 housekeeper] com.zaxxer.hikari.pool.HikariPool        : HikariPool-1 - Pool stats (total=10, active=0, idle=10, waiting=0)
2026-08-25T14:40:05.547+05:00 DEBUG 13448 --- [HikariPool-1 housekeeper] com.zaxxer.hikari.pool.HikariPool        : HikariPool-1 - Fill pool skipped, pool has sufficient level or currently being filled (queueDepth=0).
2026-08-25T14:40:35.553+05:00 DEBUG 13448 --- [HikariPool-1 housekeeper] com.zaxxer.hikari.pool.HikariPool        : HikariPool-1 - Pool stats (total=10, active=0, idle=10, waiting=0)
2026-08-25T14:40:35.553+05:00 DEBUG 13448 --- [HikariPool-1 housekeeper] com.zaxxer.hikari.pool.HikariPool        : HikariPool-1 - Fill pool skipped, pool has sufficient level or currently being filled (queueDepth=0).
2026-08-25T14:41:05.584+05:00 DEBUG 13448 --- [HikariPool-1 housekeeper] com.zaxxer.hikari.pool.HikariPool        : HikariPool-1 - Pool stats (total=10, active=0, idle=10, waiting=0)
2026-08-25T14:41:05.585+05:00 DEBUG 13448 --- [HikariPool-1 housekeeper] com.zaxxer.hikari.pool.HikariPool        : HikariPool-1 - Fill pool skipped, pool has sufficient level or currently being filled (queueDepth=0).
2026-08-25T14:41:35.598+05:00 DEBUG 13448 --- [HikariPool-1 housekeeper] com.zaxxer.hikari.pool.HikariPool        : HikariPool-1 - Pool stats (total=10, active=0, idle=10, waiting=0)
2026-08-25T14:41:35.599+05:00 DEBUG 13448 --- [HikariPool-1 housekeeper] com.zaxxer.hikari.pool.HikariPool        : HikariPool-1 - Fill pool skipped, pool has sufficient level or currently being filled (queueDepth=0).
2026-08-25T14:42:05.661+05:00 DEBUG 13448 --- [HikariPool-1 housekeeper] com.zaxxer.hikari.pool.HikariPool        : HikariPool-1 - Pool stats (total=10, active=0, idle=10, waiting=0)
2026-08-25T14:42:05.663+05:00 DEBUG 13448 --- [HikariPool-1 housekeeper] com.zaxxer.hikari.pool.HikariPool        : HikariPool-1 - Fill pool skipped, pool has sufficient level or currently being filled (queueDepth=0).
2026-08-25T14:42:35.664+05:00 DEBUG 13448 --- [HikariPool-1 housekeeper] com.zaxxer.hikari.pool.HikariPool        : HikariPool-1 - Pool stats (total=10, active=0, idle=10, waiting=0)
2026-08-25T14:42:35.664+05:00 DEBUG 13448 --- [HikariPool-1 housekeeper] com.zaxxer.hikari.pool.HikariPool        : HikariPool-1 - Fill pool skipped, pool has sufficient level or currently being filled (queueDepth=0).
2026-08-25T14:43:05.678+05:00 DEBUG 13448 --- [HikariPool-1 housekeeper] com.zaxxer.hikari.pool.HikariPool        : HikariPool-1 - Pool stats (total=10, active=0, idle=10, waiting=0)
2026-08-25T14:43:05.685+05:00 DEBUG 13448 --- [HikariPool-1 housekeeper] com.zaxxer.hikari.pool.HikariPool        : HikariPool-1 - Fill pool skipped, pool has sufficient level or currently being filled (queueDepth=0).
2026-08-25T14:43:35.700+05:00 DEBUG 13448 --- [HikariPool-1 housekeeper] com.zaxxer.hikari.pool.HikariPool        : HikariPool-1 - Pool stats (total=10, active=0, idle=10, waiting=0)
2026-08-25T14:43:35.700+05:00 DEBUG 13448 --- [HikariPool-1 housekeeper] com.zaxxer.hikari.pool.HikariPool        : HikariPool-1 - Fill pool skipped, pool has sufficient level or currently being filled (queueDepth=0).
2026-08-25T14:44:05.748+05:00 DEBUG 13448 --- [HikariPool-1 housekeeper] com.zaxxer.hikari.pool.HikariPool        : HikariPool-1 - Pool stats (total=10, active=0, idle=10, waiting=0)
2026-08-25T14:44:05.749+05:00 DEBUG 13448 --- [HikariPool-1 housekeeper] com.zaxxer.hikari.pool.HikariPool        : HikariPool-1 - Fill pool skipped, pool has sufficient level or currently being filled (queueDepth=0).
2026-08-25T14:44:35.758+05:00 DEBUG 13448 --- [HikariPool-1 housekeeper] com.zaxxer.hikari.pool.HikariPool        : HikariPool-1 - Pool stats (total=10, active=0, idle=10, waiting=0)
2026-08-25T14:44:35.758+05:00 DEBUG 13448 --- [HikariPool-1 housekeeper] com.zaxxer.hikari.pool.HikariPool        : HikariPool-1 - Fill pool skipped, pool has sufficient level or currently being filled (queueDepth=0).
2026-08-25T14:45:05.772+05:00 DEBUG 13448 --- [HikariPool-1 housekeeper] com.zaxxer.hikari.pool.HikariPool        : HikariPool-1 - Pool stats (total=10, active=0, idle=10, waiting=0)
2026-08-25T14:45:05.772+05:00 DEBUG 13448 --- [HikariPool-1 housekeeper] com.zaxxer.hikari.pool.HikariPool        : HikariPool-1 - Fill pool skipped, pool has sufficient level or currently being filled (queueDepth=0).
2026-08-25T14:45:35.786+05:00 DEBUG 13448 --- [HikariPool-1 housekeeper] com.zaxxer.hikari.pool.HikariPool        : HikariPool-1 - Pool stats (total=10, active=0, idle=10, waiting=0)
2026-08-25T14:45:35.786+05:00 DEBUG 13448 --- [HikariPool-1 housekeeper] com.zaxxer.hikari.pool.HikariPool        : HikariPool-1 - Fill pool skipped, pool has sufficient level or currently being filled (queueDepth=0).
2026-08-25T14:46:05.832+05:00 DEBUG 13448 --- [HikariPool-1 housekeeper] com.zaxxer.hikari.pool.HikariPool        : HikariPool-1 - Pool stats (total=10, active=0, idle=10, waiting=0)
2026-08-25T14:46:05.832+05:00 DEBUG 13448 --- [HikariPool-1 housekeeper] com.zaxxer.hikari.pool.HikariPool        : HikariPool-1 - Fill pool skipped, pool has sufficient level or currently being filled (queueDepth=0).
2026-08-25T14:46:35.837+05:00 DEBUG 13448 --- [HikariPool-1 housekeeper] com.zaxxer.hikari.pool.HikariPool        : HikariPool-1 - Pool stats (total=10, active=0, idle=10, waiting=0)
2026-08-25T14:46:35.838+05:00 DEBUG 13448 --- [HikariPool-1 housekeeper] com.zaxxer.hikari.pool.HikariPool        : HikariPool-1 - Fill pool skipped, pool has sufficient level or currently being filled (queueDepth=0).
2026-08-25T14:47:05.842+05:00 DEBUG 13448 --- [HikariPool-1 housekeeper] com.zaxxer.hikari.pool.HikariPool        : HikariPool-1 - Pool stats (total=10, active=0, idle=10, waiting=0)
2026-08-25T14:47:05.844+05:00 DEBUG 13448 --- [HikariPool-1 housekeeper] com.zaxxer.hikari.pool.HikariPool        : HikariPool-1 - Fill pool skipped, pool has sufficient level or currently being filled (queueDepth=0).
2026-08-25T14:47:35.855+05:00 DEBUG 13448 --- [HikariPool-1 housekeeper] com.zaxxer.hikari.pool.HikariPool        : HikariPool-1 - Pool stats (total=10, active=0, idle=10, waiting=0)
2026-08-25T14:47:35.855+05:00 DEBUG 13448 --- [HikariPool-1 housekeeper] com.zaxxer.hikari.pool.HikariPool        : HikariPool-1 - Fill pool skipped, pool has sufficient level or currently being filled (queueDepth=0).
2026-08-25T14:48:05.868+05:00 DEBUG 13448 --- [HikariPool-1 housekeeper] com.zaxxer.hikari.pool.HikariPool        : HikariPool-1 - Pool stats (total=10, active=0, idle=10, waiting=0)
2026-08-25T14:48:05.868+05:00 DEBUG 13448 --- [HikariPool-1 housekeeper] com.zaxxer.hikari.pool.HikariPool        : HikariPool-1 - Fill pool skipped, pool has sufficient level or currently being filled (queueDepth=0).
2026-08-25T14:48:35.875+05:00 DEBUG 13448 --- [HikariPool-1 housekeeper] com.zaxxer.hikari.pool.HikariPool        : HikariPool-1 - Pool stats (total=10, active=0, idle=10, waiting=0)
2026-08-25T14:48:35.875+05:00 DEBUG 13448 --- [HikariPool-1 housekeeper] com.zaxxer.hikari.pool.HikariPool        : HikariPool-1 - Fill pool skipped, pool has sufficient level or currently being filled (queueDepth=0).
2026-08-25T14:49:05.889+05:00 DEBUG 13448 --- [HikariPool-1 housekeeper] com.zaxxer.hikari.pool.HikariPool        : HikariPool-1 - Pool stats (total=10, active=0, idle=10, waiting=0)
2026-08-25T14:49:05.889+05:00 DEBUG 13448 --- [HikariPool-1 housekeeper] com.zaxxer.hikari.pool.HikariPool        : HikariPool-1 - Fill pool skipped, pool has sufficient level or currently being filled (queueDepth=0).
2026-08-25T14:49:35.893+05:00 DEBUG 13448 --- [HikariPool-1 housekeeper] com.zaxxer.hikari.pool.HikariPool        : HikariPool-1 - Pool stats (total=10, active=0, idle=10, waiting=0)
2026-08-25T14:49:35.893+05:00 DEBUG 13448 --- [HikariPool-1 housekeeper] com.zaxxer.hikari.pool.HikariPool        : HikariPool-1 - Fill pool skipped, pool has sufficient level or currently being filled (queueDepth=0).
2026-08-25T14:50:05.894+05:00 DEBUG 13448 --- [HikariPool-1 housekeeper] com.zaxxer.hikari.pool.HikariPool        : HikariPool-1 - Pool stats (total=10, active=0, idle=10, waiting=0)
2026-08-25T14:50:05.894+05:00 DEBUG 13448 --- [HikariPool-1 housekeeper] com.zaxxer.hikari.pool.HikariPool        : HikariPool-1 - Fill pool skipped, pool has sufficient level or currently being filled (queueDepth=0).
2026-08-25T14:50:35.907+05:00 DEBUG 13448 --- [HikariPool-1 housekeeper] com.zaxxer.hikari.pool.HikariPool        : HikariPool-1 - Pool stats (total=10, active=0, idle=10, waiting=0)
2026-08-25T14:50:35.907+05:00 DEBUG 13448 --- [HikariPool-1 housekeeper] com.zaxxer.hikari.pool.HikariPool        : HikariPool-1 - Fill pool skipped, pool has sufficient level or currently being filled (queueDepth=0).
2026-08-25T14:51:05.912+05:00 DEBUG 13448 --- [HikariPool-1 housekeeper] com.zaxxer.hikari.pool.HikariPool        : HikariPool-1 - Pool stats (total=10, active=0, idle=10, waiting=0)
2026-08-25T14:51:05.912+05:00 DEBUG 13448 --- [HikariPool-1 housekeeper] com.zaxxer.hikari.pool.HikariPool        : HikariPool-1 - Fill pool skipped, pool has sufficient level or currently being filled (queueDepth=0).
2026-08-25T14:51:35.914+05:00 DEBUG 13448 --- [HikariPool-1 housekeeper] com.zaxxer.hikari.pool.HikariPool        : HikariPool-1 - Pool stats (total=10, active=0, idle=10, waiting=0)
2026-08-25T14:51:35.914+05:00 DEBUG 13448 --- [HikariPool-1 housekeeper] com.zaxxer.hikari.pool.HikariPool        : HikariPool-1 - Fill pool skipped, pool has sufficient level or currently being filled (queueDepth=0).
2026-08-25T14:52:05.915+05:00 DEBUG 13448 --- [HikariPool-1 housekeeper] com.zaxxer.hikari.pool.HikariPool        : HikariPool-1 - Pool stats (total=10, active=0, idle=10, waiting=0)
2026-08-25T14:52:05.915+05:00 DEBUG 13448 --- [HikariPool-1 housekeeper] com.zaxxer.hikari.pool.HikariPool        : HikariPool-1 - Fill pool skipped, pool has sufficient level or currently being filled (queueDepth=0).
2026-08-25T14:52:35.920+05:00 DEBUG 13448 --- [HikariPool-1 housekeeper] com.zaxxer.hikari.pool.HikariPool        : HikariPool-1 - Pool stats (total=10, active=0, idle=10, waiting=0)
2026-08-25T14:52:35.921+05:00 DEBUG 13448 --- [HikariPool-1 housekeeper] com.zaxxer.hikari.pool.HikariPool        : HikariPool-1 - Fill pool skipped, pool has sufficient level or currently being filled (queueDepth=0).
2026-08-25T14:53:05.924+05:00 DEBUG 13448 --- [HikariPool-1 housekeeper] com.zaxxer.hikari.pool.HikariPool        : HikariPool-1 - Pool stats (total=10, active=0, idle=10, waiting=0)
2026-08-25T14:53:05.924+05:00 DEBUG 13448 --- [HikariPool-1 housekeeper] com.zaxxer.hikari.pool.HikariPool        : HikariPool-1 - Fill pool skipped, pool has sufficient level or currently being filled (queueDepth=0).
2026-08-25T14:53:25.486+05:00 DEBUG 13448 --- [HikariPool-1 connection closer] com.zaxxer.hikari.pool.PoolBase          : HikariPool-1 - Closing connection com.mysql.cj.jdbc.ConnectionImpl@9fb67bd: (connection has passed maxLifetime)
2026-08-25T14:53:25.498+05:00 DEBUG 13448 --- [HikariPool-1 connection adder] com.zaxxer.hikari.pool.HikariPool        : HikariPool-1 - Added connection com.mysql.cj.jdbc.ConnectionImpl@7b80fec1
2026-08-25T14:53:35.932+05:00 DEBUG 13448 --- [HikariPool-1 housekeeper] com.zaxxer.hikari.pool.HikariPool        : HikariPool-1 - Pool stats (total=10, active=0, idle=10, waiting=0)
2026-08-25T14:53:35.933+05:00 DEBUG 13448 --- [HikariPool-1 housekeeper] com.zaxxer.hikari.pool.HikariPool        : HikariPool-1 - Fill pool skipped, pool has sufficient level or currently being filled (queueDepth=0).
2026-08-25T14:53:40.750+05:00 DEBUG 13448 --- [HikariPool-1 connection closer] com.zaxxer.hikari.pool.PoolBase          : HikariPool-1 - Closing connection com.mysql.cj.jdbc.ConnectionImpl@48c66d86: (connection has passed maxLifetime)
2026-08-25T14:53:40.753+05:00 DEBUG 13448 --- [HikariPool-1 connection adder] com.zaxxer.hikari.pool.HikariPool        : HikariPool-1 - Added connection com.mysql.cj.jdbc.ConnectionImpl@5ab5f774
2026-08-25T14:53:42.576+05:00 DEBUG 13448 --- [HikariPool-1 connection closer] com.zaxxer.hikari.pool.PoolBase          : HikariPool-1 - Closing connection com.mysql.cj.jdbc.ConnectionImpl@613450c: (connection has passed maxLifetime)
2026-08-25T14:53:42.579+05:00 DEBUG 13448 --- [HikariPool-1 connection adder] com.zaxxer.hikari.pool.HikariPool        : HikariPool-1 - Added connection com.mysql.cj.jdbc.ConnectionImpl@1b88fd4f
2026-08-25T14:53:53.533+05:00 DEBUG 13448 --- [HikariPool-1 connection closer] com.zaxxer.hikari.pool.PoolBase          : HikariPool-1 - Closing connection com.mysql.cj.jdbc.ConnectionImpl@34898575: (connection has passed maxLifetime)
2026-08-25T14:53:53.538+05:00 DEBUG 13448 --- [HikariPool-1 connection adder] com.zaxxer.hikari.pool.HikariPool        : HikariPool-1 - Added connection com.mysql.cj.jdbc.ConnectionImpl@3bd0817
2026-08-25T14:53:59.990+05:00 DEBUG 13448 --- [HikariPool-1 connection closer] com.zaxxer.hikari.pool.PoolBase          : HikariPool-1 - Closing connection com.mysql.cj.jdbc.ConnectionImpl@4276e0ad: (connection has passed maxLifetime)
2026-08-25T14:53:59.996+05:00 DEBUG 13448 --- [HikariPool-1 connection adder] com.zaxxer.hikari.pool.HikariPool        : HikariPool-1 - Added connection com.mysql.cj.jdbc.ConnectionImpl@5e9310be
2026-08-25T14:54:05.948+05:00 DEBUG 13448 --- [HikariPool-1 housekeeper] com.zaxxer.hikari.pool.HikariPool        : HikariPool-1 - Pool stats (total=10, active=0, idle=10, waiting=0)
2026-08-25T14:54:05.948+05:00 DEBUG 13448 --- [HikariPool-1 housekeeper] com.zaxxer.hikari.pool.HikariPool        : HikariPool-1 - Fill pool skipped, pool has sufficient level or currently being filled (queueDepth=0).
2026-08-25T14:54:12.416+05:00 DEBUG 13448 --- [HikariPool-1 connection closer] com.zaxxer.hikari.pool.PoolBase          : HikariPool-1 - Closing connection com.mysql.cj.jdbc.ConnectionImpl@392be276: (connection has passed maxLifetime)
2026-08-25T14:54:12.419+05:00 DEBUG 13448 --- [HikariPool-1 connection adder] com.zaxxer.hikari.pool.HikariPool        : HikariPool-1 - Added connection com.mysql.cj.jdbc.ConnectionImpl@21f4ef52
2026-08-25T14:54:18.279+05:00 DEBUG 13448 --- [HikariPool-1 connection closer] com.zaxxer.hikari.pool.PoolBase          : HikariPool-1 - Closing connection com.mysql.cj.jdbc.ConnectionImpl@75b48f4e: (connection has passed maxLifetime)
2026-08-25T14:54:18.282+05:00 DEBUG 13448 --- [HikariPool-1 connection adder] com.zaxxer.hikari.pool.HikariPool        : HikariPool-1 - Added connection com.mysql.cj.jdbc.ConnectionImpl@77a1db05
2026-08-25T14:54:27.696+05:00 DEBUG 13448 --- [HikariPool-1 connection closer] com.zaxxer.hikari.pool.PoolBase          : HikariPool-1 - Closing connection com.mysql.cj.jdbc.ConnectionImpl@159b7001: (connection has passed maxLifetime)
2026-08-25T14:54:27.700+05:00 DEBUG 13448 --- [HikariPool-1 connection adder] com.zaxxer.hikari.pool.HikariPool        : HikariPool-1 - Added connection com.mysql.cj.jdbc.ConnectionImpl@15a6edbb
2026-08-25T14:54:30.315+05:00 DEBUG 13448 --- [HikariPool-1 connection closer] com.zaxxer.hikari.pool.PoolBase          : HikariPool-1 - Closing connection com.mysql.cj.jdbc.ConnectionImpl@34bea96: (connection has passed maxLifetime)
2026-08-25T14:54:30.322+05:00 DEBUG 13448 --- [HikariPool-1 connection adder] com.zaxxer.hikari.pool.HikariPool        : HikariPool-1 - Added connection com.mysql.cj.jdbc.ConnectionImpl@549be780
2026-08-25T14:54:31.110+05:00 DEBUG 13448 --- [HikariPool-1 connection closer] com.zaxxer.hikari.pool.PoolBase          : HikariPool-1 - Closing connection com.mysql.cj.jdbc.ConnectionImpl@440bb97a: (connection has passed maxLifetime)
2026-08-25T14:54:31.112+05:00 DEBUG 13448 --- [HikariPool-1 connection adder] com.zaxxer.hikari.pool.HikariPool        : HikariPool-1 - Added connection com.mysql.cj.jdbc.ConnectionImpl@658557ef
2026-08-25T14:54:35.950+05:00 DEBUG 13448 --- [HikariPool-1 housekeeper] com.zaxxer.hikari.pool.HikariPool        : HikariPool-1 - Pool stats (total=10, active=0, idle=10, waiting=0)
2026-08-25T14:54:35.950+05:00 DEBUG 13448 --- [HikariPool-1 housekeeper] com.zaxxer.hikari.pool.HikariPool        : HikariPool-1 - Fill pool skipped, pool has sufficient level or currently being filled (queueDepth=0).
2026-08-25T14:55:05.955+05:00 DEBUG 13448 --- [HikariPool-1 housekeeper] com.zaxxer.hikari.pool.HikariPool        : HikariPool-1 - Pool stats (total=10, active=0, idle=10, waiting=0)
2026-08-25T14:55:05.955+05:00 DEBUG 13448 --- [HikariPool-1 housekeeper] com.zaxxer.hikari.pool.HikariPool        : HikariPool-1 - Fill pool skipped, pool has sufficient level or currently being filled (queueDepth=0).
2026-08-25T14:55:35.959+05:00 DEBUG 13448 --- [HikariPool-1 housekeeper] com.zaxxer.hikari.pool.HikariPool        : HikariPool-1 - Pool stats (total=10, active=0, idle=10, waiting=0)
2026-08-25T14:55:35.960+05:00 DEBUG 13448 --- [HikariPool-1 housekeeper] com.zaxxer.hikari.pool.HikariPool        : HikariPool-1 - Fill pool skipped, pool has sufficient level or currently being filled (queueDepth=0).
2026-08-25T14:56:05.960+05:00 DEBUG 13448 --- [HikariPool-1 housekeeper] com.zaxxer.hikari.pool.HikariPool        : HikariPool-1 - Pool stats (total=10, active=0, idle=10, waiting=0)
2026-08-25T14:56:05.960+05:00 DEBUG 13448 --- [HikariPool-1 housekeeper] com.zaxxer.hikari.pool.HikariPool        : HikariPool-1 - Fill pool skipped, pool has sufficient level or currently being filled (queueDepth=0).
2026-08-25T14:56:35.966+05:00 DEBUG 13448 --- [HikariPool-1 housekeeper] com.zaxxer.hikari.pool.HikariPool        : HikariPool-1 - Pool stats (total=10, active=0, idle=10, waiting=0)
2026-08-25T14:56:35.966+05:00 DEBUG 13448 --- [HikariPool-1 housekeeper] com.zaxxer.hikari.pool.HikariPool        : HikariPool-1 - Fill pool skipped, pool has sufficient level or currently being filled (queueDepth=0).
2026-08-25T14:57:05.981+05:00 DEBUG 13448 --- [HikariPool-1 housekeeper] com.zaxxer.hikari.pool.HikariPool        : HikariPool-1 - Pool stats (total=10, active=0, idle=10, waiting=0)
2026-08-25T14:57:05.981+05:00 DEBUG 13448 --- [HikariPool-1 housekeeper] com.zaxxer.hikari.pool.HikariPool        : HikariPool-1 - Fill pool skipped, pool has sufficient level or currently being filled (queueDepth=0).
2026-08-25T14:57:35.986+05:00 DEBUG 13448 --- [HikariPool-1 housekeeper] com.zaxxer.hikari.pool.HikariPool        : HikariPool-1 - Pool stats (total=10, active=0, idle=10, waiting=0)
2026-08-25T14:57:35.986+05:00 DEBUG 13448 --- [HikariPool-1 housekeeper] com.zaxxer.hikari.pool.HikariPool        : HikariPool-1 - Fill pool skipped, pool has sufficient level or currently being filled (queueDepth=0).
2026-08-25T14:58:05.998+05:00 DEBUG 13448 --- [HikariPool-1 housekeeper] com.zaxxer.hikari.pool.HikariPool        : HikariPool-1 - Pool stats (total=10, active=0, idle=10, waiting=0)
2026-08-25T14:58:05.998+05:00 DEBUG 13448 --- [HikariPool-1 housekeeper] com.zaxxer.hikari.pool.HikariPool        : HikariPool-1 - Fill pool skipped, pool has sufficient level or currently being filled (queueDepth=0).
2026-08-25T14:58:36.012+05:00 DEBUG 13448 --- [HikariPool-1 housekeeper] com.zaxxer.hikari.pool.HikariPool        : HikariPool-1 - Pool stats (total=10, active=0, idle=10, waiting=0)
2026-08-25T14:58:36.012+05:00 DEBUG 13448 --- [HikariPool-1 housekeeper] com.zaxxer.hikari.pool.HikariPool        : HikariPool-1 - Fill pool skipped, pool has sufficient level or currently being filled (queueDepth=0).
2026-08-25T14:59:06.026+05:00 DEBUG 13448 --- [HikariPool-1 housekeeper] com.zaxxer.hikari.pool.HikariPool        : HikariPool-1 - Pool stats (total=10, active=0, idle=10, waiting=0)
2026-08-25T14:59:06.026+05:00 DEBUG 13448 --- [HikariPool-1 housekeeper] com.zaxxer.hikari.pool.HikariPool        : HikariPool-1 - Fill pool skipped, pool has sufficient level or currently being filled (queueDepth=0).
2026-08-25T14:59:36.033+05:00 DEBUG 13448 --- [HikariPool-1 housekeeper] com.zaxxer.hikari.pool.HikariPool        : HikariPool-1 - Pool stats (total=10, active=0, idle=10, waiting=0)
2026-08-25T14:59:36.033+05:00 DEBUG 13448 --- [HikariPool-1 housekeeper] com.zaxxer.hikari.pool.HikariPool        : HikariPool-1 - Fill pool skipped, pool has sufficient level or currently being filled (queueDepth=0).
2026-08-25T15:00:06.036+05:00 DEBUG 13448 --- [HikariPool-1 housekeeper] com.zaxxer.hikari.pool.HikariPool        : HikariPool-1 - Pool stats (total=10, active=0, idle=10, waiting=0)
2026-08-25T15:00:06.036+05:00 DEBUG 13448 --- [HikariPool-1 housekeeper] com.zaxxer.hikari.pool.HikariPool        : HikariPool-1 - Fill pool skipped, pool has sufficient level or currently being filled (queueDepth=0).
2026-08-25T15:00:36.040+05:00 DEBUG 13448 --- [HikariPool-1 housekeeper] com.zaxxer.hikari.pool.HikariPool        : HikariPool-1 - Pool stats (total=10, active=0, idle=10, waiting=0)
2026-08-25T15:00:36.040+05:00 DEBUG 13448 --- [HikariPool-1 housekeeper] com.zaxxer.hikari.pool.HikariPool        : HikariPool-1 - Fill pool skipped, pool has sufficient level or currently being filled (queueDepth=0).
2026-08-25T15:01:06.052+05:00 DEBUG 13448 --- [HikariPool-1 housekeeper] com.zaxxer.hikari.pool.HikariPool        : HikariPool-1 - Pool stats (total=10, active=0, idle=10, waiting=0)
2026-08-25T15:01:06.052+05:00 DEBUG 13448 --- [HikariPool-1 housekeeper] com.zaxxer.hikari.pool.HikariPool        : HikariPool-1 - Fill pool skipped, pool has sufficient level or currently being filled (queueDepth=0).
2026-08-25T15:01:36.066+05:00 DEBUG 13448 --- [HikariPool-1 housekeeper] com.zaxxer.hikari.pool.HikariPool        : HikariPool-1 - Pool stats (total=10, active=0, idle=10, waiting=0)
2026-08-25T15:01:36.066+05:00 DEBUG 13448 --- [HikariPool-1 housekeeper] com.zaxxer.hikari.pool.HikariPool        : HikariPool-1 - Fill pool skipped, pool has sufficient level or currently being filled (queueDepth=0).
2026-08-25T15:02:06.067+05:00 DEBUG 13448 --- [HikariPool-1 housekeeper] com.zaxxer.hikari.pool.HikariPool        : HikariPool-1 - Pool stats (total=10, active=0, idle=10, waiting=0)
2026-08-25T15:02:06.067+05:00 DEBUG 13448 --- [HikariPool-1 housekeeper] com.zaxxer.hikari.pool.HikariPool        : HikariPool-1 - Fill pool skipped, pool has sufficient level or currently being filled (queueDepth=0).
2026-08-25T15:02:36.083+05:00 DEBUG 13448 --- [HikariPool-1 housekeeper] com.zaxxer.hikari.pool.HikariPool        : HikariPool-1 - Pool stats (total=10, active=0, idle=10, waiting=0)
2026-08-25T15:02:36.084+05:00 DEBUG 13448 --- [HikariPool-1 housekeeper] com.zaxxer.hikari.pool.HikariPool        : HikariPool-1 - Fill pool skipped, pool has sufficient level or currently being filled (queueDepth=0).
2026-08-25T15:03:06.088+05:00 DEBUG 13448 --- [HikariPool-1 housekeeper] com.zaxxer.hikari.pool.HikariPool        : HikariPool-1 - Pool stats (total=10, active=0, idle=10, waiting=0)
2026-08-25T15:03:06.088+05:00 DEBUG 13448 --- [HikariPool-1 housekeeper] com.zaxxer.hikari.pool.HikariPool        : HikariPool-1 - Fill pool skipped, pool has sufficient level or currently being filled (queueDepth=0).
2026-08-25T15:03:36.092+05:00 DEBUG 13448 --- [HikariPool-1 housekeeper] com.zaxxer.hikari.pool.HikariPool        : HikariPool-1 - Pool stats (total=10, active=0, idle=10, waiting=0)
2026-08-25T15:03:36.092+05:00 DEBUG 13448 --- [HikariPool-1 housekeeper] com.zaxxer.hikari.pool.HikariPool        : HikariPool-1 - Fill pool skipped, pool has sufficient level or currently being filled (queueDepth=0).
2026-08-25T15:04:06.095+05:00 DEBUG 13448 --- [HikariPool-1 housekeeper] com.zaxxer.hikari.pool.HikariPool        : HikariPool-1 - Pool stats (total=10, active=0, idle=10, waiting=0)
2026-08-25T15:04:06.095+05:00 DEBUG 13448 --- [HikariPool-1 housekeeper] com.zaxxer.hikari.pool.HikariPool        : HikariPool-1 - Fill pool skipped, pool has sufficient level or currently being filled (queueDepth=0).
2026-08-25T15:04:36.107+05:00 DEBUG 13448 --- [HikariPool-1 housekeeper] com.zaxxer.hikari.pool.HikariPool        : HikariPool-1 - Pool stats (total=10, active=0, idle=10, waiting=0)
2026-08-25T15:04:36.107+05:00 DEBUG 13448 --- [HikariPool-1 housekeeper] com.zaxxer.hikari.pool.HikariPool        : HikariPool-1 - Fill pool skipped, pool has sufficient level or currently being filled (queueDepth=0).
2026-08-25T15:05:06.118+05:00 DEBUG 13448 --- [HikariPool-1 housekeeper] com.zaxxer.hikari.pool.HikariPool        : HikariPool-1 - Pool stats (total=10, active=0, idle=10, waiting=0)
2026-08-25T15:05:06.118+05:00 DEBUG 13448 --- [HikariPool-1 housekeeper] com.zaxxer.hikari.pool.HikariPool        : HikariPool-1 - Fill pool skipped, pool has sufficient level or currently being filled (queueDepth=0).
2026-08-25T15:05:36.123+05:00 DEBUG 13448 --- [HikariPool-1 housekeeper] com.zaxxer.hikari.pool.HikariPool        : HikariPool-1 - Pool stats (total=10, active=0, idle=10, waiting=0)
2026-08-25T15:05:36.123+05:00 DEBUG 13448 --- [HikariPool-1 housekeeper] com.zaxxer.hikari.pool.HikariPool        : HikariPool-1 - Fill pool skipped, pool has sufficient level or currently being filled (queueDepth=0).
2026-08-25T15:06:06.136+05:00 DEBUG 13448 --- [HikariPool-1 housekeeper] com.zaxxer.hikari.pool.HikariPool        : HikariPool-1 - Pool stats (total=10, active=0, idle=10, waiting=0)
2026-08-25T15:06:06.136+05:00 DEBUG 13448 --- [HikariPool-1 housekeeper] com.zaxxer.hikari.pool.HikariPool        : HikariPool-1 - Fill pool skipped, pool has sufficient level or currently being filled (queueDepth=0).
2026-08-25T15:06:36.144+05:00 DEBUG 13448 --- [HikariPool-1 housekeeper] com.zaxxer.hikari.pool.HikariPool        : HikariPool-1 - Pool stats (total=10, active=0, idle=10, waiting=0)
2026-08-25T15:06:36.145+05:00 DEBUG 13448 --- [HikariPool-1 housekeeper] com.zaxxer.hikari.pool.HikariPool        : HikariPool-1 - Fill pool skipped, pool has sufficient level or currently being filled (queueDepth=0).
2026-08-25T15:07:06.155+05:00 DEBUG 13448 --- [HikariPool-1 housekeeper] com.zaxxer.hikari.pool.HikariPool        : HikariPool-1 - Pool stats (total=10, active=0, idle=10, waiting=0)
2026-08-25T15:07:06.155+05:00 DEBUG 13448 --- [HikariPool-1 housekeeper] com.zaxxer.hikari.pool.HikariPool        : HikariPool-1 - Fill pool skipped, pool has sufficient level or currently being filled (queueDepth=0).
2026-08-25T15:07:36.168+05:00 DEBUG 13448 --- [HikariPool-1 housekeeper] com.zaxxer.hikari.pool.HikariPool        : HikariPool-1 - Pool stats (total=10, active=0, idle=10, waiting=0)
2026-08-25T15:07:36.168+05:00 DEBUG 13448 --- [HikariPool-1 housekeeper] com.zaxxer.hikari.pool.HikariPool        : HikariPool-1 - Fill pool skipped, pool has sufficient level or currently being filled (queueDepth=0).
2026-08-25T15:08:06.176+05:00 DEBUG 13448 --- [HikariPool-1 housekeeper] com.zaxxer.hikari.pool.HikariPool        : HikariPool-1 - Pool stats (total=10, active=0, idle=10, waiting=0)
2026-08-25T15:08:06.176+05:00 DEBUG 13448 --- [HikariPool-1 housekeeper] com.zaxxer.hikari.pool.HikariPool        : HikariPool-1 - Fill pool skipped, pool has sufficient level or currently being filled (queueDepth=0).
2026-08-25T15:08:36.187+05:00 DEBUG 13448 --- [HikariPool-1 housekeeper] com.zaxxer.hikari.pool.HikariPool        : HikariPool-1 - Pool stats (total=10, active=0, idle=10, waiting=0)
2026-08-25T15:08:36.187+05:00 DEBUG 13448 --- [HikariPool-1 housekeeper] com.zaxxer.hikari.pool.HikariPool        : HikariPool-1 - Fill pool skipped, pool has sufficient level or currently being filled (queueDepth=0).
2026-08-25T15:09:06.202+05:00 DEBUG 13448 --- [HikariPool-1 housekeeper] com.zaxxer.hikari.pool.HikariPool        : HikariPool-1 - Pool stats (total=10, active=0, idle=10, waiting=0)
2026-08-25T15:09:06.202+05:00 DEBUG 13448 --- [HikariPool-1 housekeeper] com.zaxxer.hikari.pool.HikariPool        : HikariPool-1 - Fill pool skipped, pool has sufficient level or currently being filled (queueDepth=0).
2026-08-25T15:09:36.208+05:00 DEBUG 13448 --- [HikariPool-1 housekeeper] com.zaxxer.hikari.pool.HikariPool        : HikariPool-1 - Pool stats (total=10, active=0, idle=10, waiting=0)
2026-08-25T15:09:36.208+05:00 DEBUG 13448 --- [HikariPool-1 housekeeper] com.zaxxer.hikari.pool.HikariPool        : HikariPool-1 - Fill pool skipped, pool has sufficient level or currently being filled (queueDepth=0).
2026-08-25T15:10:06.215+05:00 DEBUG 13448 --- [HikariPool-1 housekeeper] com.zaxxer.hikari.pool.HikariPool        : HikariPool-1 - Pool stats (total=10, active=0, idle=10, waiting=0)
2026-08-25T15:10:06.215+05:00 DEBUG 13448 --- [HikariPool-1 housekeeper] com.zaxxer.hikari.pool.HikariPool        : HikariPool-1 - Fill pool skipped, pool has sufficient level or currently being filled (queueDepth=0).
2026-08-25T15:10:36.216+05:00 DEBUG 13448 --- [HikariPool-1 housekeeper] com.zaxxer.hikari.pool.HikariPool        : HikariPool-1 - Pool stats (total=10, active=0, idle=10, waiting=0)
2026-08-25T15:10:36.216+05:00 DEBUG 13448 --- [HikariPool-1 housekeeper] com.zaxxer.hikari.pool.HikariPool        : HikariPool-1 - Fill pool skipped, pool has sufficient level or currently being filled (queueDepth=0).
2026-08-25T15:11:06.224+05:00 DEBUG 13448 --- [HikariPool-1 housekeeper] com.zaxxer.hikari.pool.HikariPool        : HikariPool-1 - Pool stats (total=10, active=0, idle=10, waiting=0)
2026-08-25T15:11:06.224+05:00 DEBUG 13448 --- [HikariPool-1 housekeeper] com.zaxxer.hikari.pool.HikariPool        : HikariPool-1 - Fill pool skipped, pool has sufficient level or currently being filled (queueDepth=0).
2026-08-25T15:11:36.239+05:00 DEBUG 13448 --- [HikariPool-1 housekeeper] com.zaxxer.hikari.pool.HikariPool        : HikariPool-1 - Pool stats (total=10, active=0, idle=10, waiting=0)
2026-08-25T15:11:36.240+05:00 DEBUG 13448 --- [HikariPool-1 housekeeper] com.zaxxer.hikari.pool.HikariPool        : HikariPool-1 - Fill pool skipped, pool has sufficient level or currently being filled (queueDepth=0).
2026-08-25T15:12:06.244+05:00 DEBUG 13448 --- [HikariPool-1 housekeeper] com.zaxxer.hikari.pool.HikariPool        : HikariPool-1 - Pool stats (total=10, active=0, idle=10, waiting=0)
2026-08-25T15:12:06.244+05:00 DEBUG 13448 --- [HikariPool-1 housekeeper] com.zaxxer.hikari.pool.HikariPool        : HikariPool-1 - Fill pool skipped, pool has sufficient level or currently being filled (queueDepth=0).
2026-08-25T15:12:36.254+05:00 DEBUG 13448 --- [HikariPool-1 housekeeper] com.zaxxer.hikari.pool.HikariPool        : HikariPool-1 - Pool stats (total=10, active=0, idle=10, waiting=0)
2026-08-25T15:12:36.255+05:00 DEBUG 13448 --- [HikariPool-1 housekeeper] com.zaxxer.hikari.pool.HikariPool        : HikariPool-1 - Fill pool skipped, pool has sufficient level or currently being filled (queueDepth=0).
2026-08-25T15:13:06.257+05:00 DEBUG 13448 --- [HikariPool-1 housekeeper] com.zaxxer.hikari.pool.HikariPool        : HikariPool-1 - Pool stats (total=10, active=0, idle=10, waiting=0)
2026-08-25T15:13:06.257+05:00 DEBUG 13448 --- [HikariPool-1 housekeeper] com.zaxxer.hikari.pool.HikariPool        : HikariPool-1 - Fill pool skipped, pool has sufficient level or currently being filled (queueDepth=0).
2026-08-25T15:13:36.266+05:00 DEBUG 13448 --- [HikariPool-1 housekeeper] com.zaxxer.hikari.pool.HikariPool        : HikariPool-1 - Pool stats (total=10, active=0, idle=10, waiting=0)
2026-08-25T15:13:36.266+05:00 DEBUG 13448 --- [HikariPool-1 housekeeper] com.zaxxer.hikari.pool.HikariPool        : HikariPool-1 - Fill pool skipped, pool has sufficient level or currently being filled (queueDepth=0).
2026-08-25T15:14:06.280+05:00 DEBUG 13448 --- [HikariPool-1 housekeeper] com.zaxxer.hikari.pool.HikariPool        : HikariPool-1 - Pool stats (total=10, active=0, idle=10, waiting=0)
2026-08-25T15:14:06.280+05:00 DEBUG 13448 --- [HikariPool-1 housekeeper] com.zaxxer.hikari.pool.HikariPool        : HikariPool-1 - Fill pool skipped, pool has sufficient level or currently being filled (queueDepth=0).
2026-08-25T15:14:36.281+05:00 DEBUG 13448 --- [HikariPool-1 housekeeper] com.zaxxer.hikari.pool.HikariPool        : HikariPool-1 - Pool stats (total=10, active=0, idle=10, waiting=0)
2026-08-25T15:14:36.281+05:00 DEBUG 13448 --- [HikariPool-1 housekeeper] com.zaxxer.hikari.pool.HikariPool        : HikariPool-1 - Fill pool skipped, pool has sufficient level or currently being filled (queueDepth=0).
2026-08-25T15:15:06.296+05:00 DEBUG 13448 --- [HikariPool-1 housekeeper] com.zaxxer.hikari.pool.HikariPool        : HikariPool-1 - Pool stats (total=10, active=0, idle=10, waiting=0)
2026-08-25T15:15:06.296+05:00 DEBUG 13448 --- [HikariPool-1 housekeeper] com.zaxxer.hikari.pool.HikariPool        : HikariPool-1 - Fill pool skipped, pool has sufficient level or currently being filled (queueDepth=0).
2026-08-25T15:15:36.305+05:00 DEBUG 13448 --- [HikariPool-1 housekeeper] com.zaxxer.hikari.pool.HikariPool        : HikariPool-1 - Pool stats (total=10, active=0, idle=10, waiting=0)
2026-08-25T15:15:36.305+05:00 DEBUG 13448 --- [HikariPool-1 housekeeper] com.zaxxer.hikari.pool.HikariPool        : HikariPool-1 - Fill pool skipped, pool has sufficient level or currently being filled (queueDepth=0).
2026-08-25T15:16:06.312+05:00 DEBUG 13448 --- [HikariPool-1 housekeeper] com.zaxxer.hikari.pool.HikariPool        : HikariPool-1 - Pool stats (total=10, active=0, idle=10, waiting=0)
2026-08-25T15:16:06.312+05:00 DEBUG 13448 --- [HikariPool-1 housekeeper] com.zaxxer.hikari.pool.HikariPool        : HikariPool-1 - Fill pool skipped, pool has sufficient level or currently being filled (queueDepth=0).
2026-08-25T15:16:36.326+05:00 DEBUG 13448 --- [HikariPool-1 housekeeper] com.zaxxer.hikari.pool.HikariPool        : HikariPool-1 - Pool stats (total=10, active=0, idle=10, waiting=0)
2026-08-25T15:16:36.326+05:00 DEBUG 13448 --- [HikariPool-1 housekeeper] com.zaxxer.hikari.pool.HikariPool        : HikariPool-1 - Fill pool skipped, pool has sufficient level or currently being filled (queueDepth=0).
2026-08-25T15:17:06.331+05:00 DEBUG 13448 --- [HikariPool-1 housekeeper] com.zaxxer.hikari.pool.HikariPool        : HikariPool-1 - Pool stats (total=10, active=0, idle=10, waiting=0)
2026-08-25T15:17:06.331+05:00 DEBUG 13448 --- [HikariPool-1 housekeeper] com.zaxxer.hikari.pool.HikariPool        : HikariPool-1 - Fill pool skipped, pool has sufficient level or currently being filled (queueDepth=0).
2026-08-25T15:17:36.345+05:00 DEBUG 13448 --- [HikariPool-1 housekeeper] com.zaxxer.hikari.pool.HikariPool        : HikariPool-1 - Pool stats (total=10, active=0, idle=10, waiting=0)
2026-08-25T15:17:36.345+05:00 DEBUG 13448 --- [HikariPool-1 housekeeper] com.zaxxer.hikari.pool.HikariPool        : HikariPool-1 - Fill pool skipped, pool has sufficient level or currently being filled (queueDepth=0).
2026-08-25T15:18:06.360+05:00 DEBUG 13448 --- [HikariPool-1 housekeeper] com.zaxxer.hikari.pool.HikariPool        : HikariPool-1 - Pool stats (total=10, active=0, idle=10, waiting=0)
2026-08-25T15:18:06.360+05:00 DEBUG 13448 --- [HikariPool-1 housekeeper] com.zaxxer.hikari.pool.HikariPool        : HikariPool-1 - Fill pool skipped, pool has sufficient level or currently being filled (queueDepth=0).
2026-08-25T15:18:36.375+05:00 DEBUG 13448 --- [HikariPool-1 housekeeper] com.zaxxer.hikari.pool.HikariPool        : HikariPool-1 - Pool stats (total=10, active=0, idle=10, waiting=0)
2026-08-25T15:18:36.375+05:00 DEBUG 13448 --- [HikariPool-1 housekeeper] com.zaxxer.hikari.pool.HikariPool        : HikariPool-1 - Fill pool skipped, pool has sufficient level or currently being filled (queueDepth=0).
2026-08-25T15:19:06.387+05:00 DEBUG 13448 --- [HikariPool-1 housekeeper] com.zaxxer.hikari.pool.HikariPool        : HikariPool-1 - Pool stats (total=10, active=0, idle=10, waiting=0)
2026-08-25T15:19:06.387+05:00 DEBUG 13448 --- [HikariPool-1 housekeeper] com.zaxxer.hikari.pool.HikariPool        : HikariPool-1 - Fill pool skipped, pool has sufficient level or currently being filled (queueDepth=0).
2026-08-25T15:19:36.387+05:00 DEBUG 13448 --- [HikariPool-1 housekeeper] com.zaxxer.hikari.pool.HikariPool        : HikariPool-1 - Pool stats (total=10, active=0, idle=10, waiting=0)
2026-08-25T15:19:36.387+05:00 DEBUG 13448 --- [HikariPool-1 housekeeper] com.zaxxer.hikari.pool.HikariPool        : HikariPool-1 - Fill pool skipped, pool has sufficient level or currently being filled (queueDepth=0).
2026-08-25T15:20:06.393+05:00 DEBUG 13448 --- [HikariPool-1 housekeeper] com.zaxxer.hikari.pool.HikariPool        : HikariPool-1 - Pool stats (total=10, active=0, idle=10, waiting=0)
2026-08-25T15:20:06.393+05:00 DEBUG 13448 --- [HikariPool-1 housekeeper] com.zaxxer.hikari.pool.HikariPool        : HikariPool-1 - Fill pool skipped, pool has sufficient level or currently being filled (queueDepth=0).
2026-08-25T15:20:36.406+05:00 DEBUG 13448 --- [HikariPool-1 housekeeper] com.zaxxer.hikari.pool.HikariPool        : HikariPool-1 - Pool stats (total=10, active=0, idle=10, waiting=0)
2026-08-25T15:20:36.406+05:00 DEBUG 13448 --- [HikariPool-1 housekeeper] com.zaxxer.hikari.pool.HikariPool        : HikariPool-1 - Fill pool skipped, pool has sufficient level or currently being filled (queueDepth=0).
2026-08-25T15:21:06.418+05:00 DEBUG 13448 --- [HikariPool-1 housekeeper] com.zaxxer.hikari.pool.HikariPool        : HikariPool-1 - Pool stats (total=10, active=0, idle=10, waiting=0)
2026-08-25T15:21:06.418+05:00 DEBUG 13448 --- [HikariPool-1 housekeeper] com.zaxxer.hikari.pool.HikariPool        : HikariPool-1 - Fill pool skipped, pool has sufficient level or currently being filled (queueDepth=0).
2026-08-25T15:21:36.434+05:00 DEBUG 13448 --- [HikariPool-1 housekeeper] com.zaxxer.hikari.pool.HikariPool        : HikariPool-1 - Pool stats (total=10, active=0, idle=10, waiting=0)
2026-08-25T15:21:36.434+05:00 DEBUG 13448 --- [HikariPool-1 housekeeper] com.zaxxer.hikari.pool.HikariPool        : HikariPool-1 - Fill pool skipped, pool has sufficient level or currently being filled (queueDepth=0).
2026-08-25T15:22:06.440+05:00 DEBUG 13448 --- [HikariPool-1 housekeeper] com.zaxxer.hikari.pool.HikariPool        : HikariPool-1 - Pool stats (total=10, active=0, idle=10, waiting=0)
2026-08-25T15:22:06.440+05:00 DEBUG 13448 --- [HikariPool-1 housekeeper] com.zaxxer.hikari.pool.HikariPool        : HikariPool-1 - Fill pool skipped, pool has sufficient level or currently being filled (queueDepth=0).
2026-08-25T15:22:36.447+05:00 DEBUG 13448 --- [HikariPool-1 housekeeper] com.zaxxer.hikari.pool.HikariPool        : HikariPool-1 - Pool stats (total=10, active=0, idle=10, waiting=0)
2026-08-25T15:22:36.447+05:00 DEBUG 13448 --- [HikariPool-1 housekeeper] com.zaxxer.hikari.pool.HikariPool        : HikariPool-1 - Fill pool skipped, pool has sufficient level or currently being filled (queueDepth=0).
2026-08-25T15:23:06.451+05:00 DEBUG 13448 --- [HikariPool-1 housekeeper] com.zaxxer.hikari.pool.HikariPool        : HikariPool-1 - Pool stats (total=10, active=0, idle=10, waiting=0)
2026-08-25T15:23:06.451+05:00 DEBUG 13448 --- [HikariPool-1 housekeeper] com.zaxxer.hikari.pool.HikariPool        : HikariPool-1 - Fill pool skipped, pool has sufficient level or currently being filled (queueDepth=0).
2026-08-25T15:23:10.874+05:00 DEBUG 13448 --- [HikariPool-1 connection closer] com.zaxxer.hikari.pool.PoolBase          : HikariPool-1 - Closing connection com.mysql.cj.jdbc.ConnectionImpl@7b80fec1: (connection has passed maxLifetime)
2026-08-25T15:23:10.878+05:00 DEBUG 13448 --- [HikariPool-1 connection adder] com.zaxxer.hikari.pool.HikariPool        : HikariPool-1 - Added connection com.mysql.cj.jdbc.ConnectionImpl@73c0fc07
2026-08-25T15:23:21.084+05:00 DEBUG 13448 --- [HikariPool-1 connection closer] com.zaxxer.hikari.pool.PoolBase          : HikariPool-1 - Closing connection com.mysql.cj.jdbc.ConnectionImpl@5ab5f774: (connection has passed maxLifetime)
2026-08-25T15:23:21.086+05:00 DEBUG 13448 --- [HikariPool-1 connection adder] com.zaxxer.hikari.pool.HikariPool        : HikariPool-1 - Added connection com.mysql.cj.jdbc.ConnectionImpl@18a4d4ef
2026-08-25T15:23:36.464+05:00 DEBUG 13448 --- [HikariPool-1 housekeeper] com.zaxxer.hikari.pool.HikariPool        : HikariPool-1 - Pool stats (total=10, active=0, idle=10, waiting=0)
2026-08-25T15:23:36.464+05:00 DEBUG 13448 --- [HikariPool-1 housekeeper] com.zaxxer.hikari.pool.HikariPool        : HikariPool-1 - Fill pool skipped, pool has sufficient level or currently being filled (queueDepth=0).
2026-08-25T15:23:38.987+05:00 DEBUG 13448 --- [HikariPool-1 connection closer] com.zaxxer.hikari.pool.PoolBase          : HikariPool-1 - Closing connection com.mysql.cj.jdbc.ConnectionImpl@1b88fd4f: (connection has passed maxLifetime)
2026-08-25T15:23:38.990+05:00 DEBUG 13448 --- [HikariPool-1 connection adder] com.zaxxer.hikari.pool.HikariPool        : HikariPool-1 - Added connection com.mysql.cj.jdbc.ConnectionImpl@4f5956b8
2026-08-25T15:23:47.285+05:00 DEBUG 13448 --- [HikariPool-1 connection closer] com.zaxxer.hikari.pool.PoolBase          : HikariPool-1 - Closing connection com.mysql.cj.jdbc.ConnectionImpl@3bd0817: (connection has passed maxLifetime)
2026-08-25T15:23:47.287+05:00 DEBUG 13448 --- [HikariPool-1 connection adder] com.zaxxer.hikari.pool.HikariPool        : HikariPool-1 - Added connection com.mysql.cj.jdbc.ConnectionImpl@2f17d196
2026-08-25T15:23:48.486+05:00 DEBUG 13448 --- [HikariPool-1 connection closer] com.zaxxer.hikari.pool.PoolBase          : HikariPool-1 - Closing connection com.mysql.cj.jdbc.ConnectionImpl@5e9310be: (connection has passed maxLifetime)
2026-08-25T15:23:48.489+05:00 DEBUG 13448 --- [HikariPool-1 connection adder] com.zaxxer.hikari.pool.HikariPool        : HikariPool-1 - Added connection com.mysql.cj.jdbc.ConnectionImpl@6e2adbad
2026-08-25T15:23:51.062+05:00 DEBUG 13448 --- [HikariPool-1 connection closer] com.zaxxer.hikari.pool.PoolBase          : HikariPool-1 - Closing connection com.mysql.cj.jdbc.ConnectionImpl@77a1db05: (connection has passed maxLifetime)
2026-08-25T15:23:51.065+05:00 DEBUG 13448 --- [HikariPool-1 connection adder] com.zaxxer.hikari.pool.HikariPool        : HikariPool-1 - Added connection com.mysql.cj.jdbc.ConnectionImpl@5f0ef058
2026-08-25T15:23:54.597+05:00 DEBUG 13448 --- [HikariPool-1 connection closer] com.zaxxer.hikari.pool.PoolBase          : HikariPool-1 - Closing connection com.mysql.cj.jdbc.ConnectionImpl@658557ef: (connection has passed maxLifetime)
2026-08-25T15:23:54.600+05:00 DEBUG 13448 --- [HikariPool-1 connection adder] com.zaxxer.hikari.pool.HikariPool        : HikariPool-1 - Added connection com.mysql.cj.jdbc.ConnectionImpl@e0524e2
2026-08-25T15:23:57.820+05:00 DEBUG 13448 --- [HikariPool-1 connection closer] com.zaxxer.hikari.pool.PoolBase          : HikariPool-1 - Closing connection com.mysql.cj.jdbc.ConnectionImpl@21f4ef52: (connection has passed maxLifetime)
2026-08-25T15:23:57.822+05:00 DEBUG 13448 --- [HikariPool-1 connection adder] com.zaxxer.hikari.pool.HikariPool        : HikariPool-1 - Added connection com.mysql.cj.jdbc.ConnectionImpl@4850f150
2026-08-25T15:24:02.668+05:00 DEBUG 13448 --- [HikariPool-1 connection closer] com.zaxxer.hikari.pool.PoolBase          : HikariPool-1 - Closing connection com.mysql.cj.jdbc.ConnectionImpl@549be780: (connection has passed maxLifetime)
2026-08-25T15:24:02.670+05:00 DEBUG 13448 --- [HikariPool-1 connection adder] com.zaxxer.hikari.pool.HikariPool        : HikariPool-1 - Added connection com.mysql.cj.jdbc.ConnectionImpl@a4bde4e
2026-08-25T15:24:06.469+05:00 DEBUG 13448 --- [HikariPool-1 housekeeper] com.zaxxer.hikari.pool.HikariPool        : HikariPool-1 - Pool stats (total=10, active=0, idle=10, waiting=0)
2026-08-25T15:24:06.469+05:00 DEBUG 13448 --- [HikariPool-1 housekeeper] com.zaxxer.hikari.pool.HikariPool        : HikariPool-1 - Fill pool skipped, pool has sufficient level or currently being filled (queueDepth=0).
2026-08-25T15:24:20.199+05:00 DEBUG 13448 --- [HikariPool-1 connection closer] com.zaxxer.hikari.pool.PoolBase          : HikariPool-1 - Closing connection com.mysql.cj.jdbc.ConnectionImpl@15a6edbb: (connection has passed maxLifetime)
2026-08-25T15:24:20.204+05:00 DEBUG 13448 --- [HikariPool-1 connection adder] com.zaxxer.hikari.pool.HikariPool        : HikariPool-1 - Added connection com.mysql.cj.jdbc.ConnectionImpl@5c00d161
2026-08-25T15:24:36.476+05:00 DEBUG 13448 --- [HikariPool-1 housekeeper] com.zaxxer.hikari.pool.HikariPool        : HikariPool-1 - Pool stats (total=10, active=0, idle=10, waiting=0)
2026-08-25T15:24:36.476+05:00 DEBUG 13448 --- [HikariPool-1 housekeeper] com.zaxxer.hikari.pool.HikariPool        : HikariPool-1 - Fill pool skipped, pool has sufficient level or currently being filled (queueDepth=0).
2026-08-25T15:25:06.485+05:00 DEBUG 13448 --- [HikariPool-1 housekeeper] com.zaxxer.hikari.pool.HikariPool        : HikariPool-1 - Pool stats (total=10, active=0, idle=10, waiting=0)
2026-08-25T15:25:06.485+05:00 DEBUG 13448 --- [HikariPool-1 housekeeper] com.zaxxer.hikari.pool.HikariPool        : HikariPool-1 - Fill pool skipped, pool has sufficient level or currently being filled (queueDepth=0).
2026-08-25T15:25:36.493+05:00 DEBUG 13448 --- [HikariPool-1 housekeeper] com.zaxxer.hikari.pool.HikariPool        : HikariPool-1 - Pool stats (total=10, active=0, idle=10, waiting=0)
2026-08-25T15:25:36.493+05:00 DEBUG 13448 --- [HikariPool-1 housekeeper] com.zaxxer.hikari.pool.HikariPool        : HikariPool-1 - Fill pool skipped, pool has sufficient level or currently being filled (queueDepth=0).
2026-08-25T15:26:06.498+05:00 DEBUG 13448 --- [HikariPool-1 housekeeper] com.zaxxer.hikari.pool.HikariPool        : HikariPool-1 - Pool stats (total=10, active=0, idle=10, waiting=0)
2026-08-25T15:26:06.498+05:00 DEBUG 13448 --- [HikariPool-1 housekeeper] com.zaxxer.hikari.pool.HikariPool        : HikariPool-1 - Fill pool skipped, pool has sufficient level or currently being filled (queueDepth=0).
2026-08-25T15:26:36.511+05:00 DEBUG 13448 --- [HikariPool-1 housekeeper] com.zaxxer.hikari.pool.HikariPool        : HikariPool-1 - Pool stats (total=10, active=0, idle=10, waiting=0)
2026-08-25T15:26:36.512+05:00 DEBUG 13448 --- [HikariPool-1 housekeeper] com.zaxxer.hikari.pool.HikariPool        : HikariPool-1 - Fill pool skipped, pool has sufficient level or currently being filled (queueDepth=0).
2026-08-25T15:27:06.515+05:00 DEBUG 13448 --- [HikariPool-1 housekeeper] com.zaxxer.hikari.pool.HikariPool        : HikariPool-1 - Pool stats (total=10, active=0, idle=10, waiting=0)
2026-08-25T15:27:06.515+05:00 DEBUG 13448 --- [HikariPool-1 housekeeper] com.zaxxer.hikari.pool.HikariPool        : HikariPool-1 - Fill pool skipped, pool has sufficient level or currently being filled (queueDepth=0).
2026-08-25T15:27:36.529+05:00 DEBUG 13448 --- [HikariPool-1 housekeeper] com.zaxxer.hikari.pool.HikariPool        : HikariPool-1 - Pool stats (total=10, active=0, idle=10, waiting=0)
2026-08-25T15:27:36.530+05:00 DEBUG 13448 --- [HikariPool-1 housekeeper] com.zaxxer.hikari.pool.HikariPool        : HikariPool-1 - Fill pool skipped, pool has sufficient level or currently being filled (queueDepth=0).
2026-08-25T15:28:06.532+05:00 DEBUG 13448 --- [HikariPool-1 housekeeper] com.zaxxer.hikari.pool.HikariPool        : HikariPool-1 - Pool stats (total=10, active=0, idle=10, waiting=0)
2026-08-25T15:28:06.532+05:00 DEBUG 13448 --- [HikariPool-1 housekeeper] com.zaxxer.hikari.pool.HikariPool        : HikariPool-1 - Fill pool skipped, pool has sufficient level or currently being filled (queueDepth=0).
2026-08-25T15:28:36.549+05:00 DEBUG 13448 --- [HikariPool-1 housekeeper] com.zaxxer.hikari.pool.HikariPool        : HikariPool-1 - Pool stats (total=10, active=0, idle=10, waiting=0)
2026-08-25T15:28:36.549+05:00 DEBUG 13448 --- [HikariPool-1 housekeeper] com.zaxxer.hikari.pool.HikariPool        : HikariPool-1 - Fill pool skipped, pool has sufficient level or currently being filled (queueDepth=0).
2026-08-25T15:29:06.562+05:00 DEBUG 13448 --- [HikariPool-1 housekeeper] com.zaxxer.hikari.pool.HikariPool        : HikariPool-1 - Pool stats (total=10, active=0, idle=10, waiting=0)
2026-08-25T15:29:06.563+05:00 DEBUG 13448 --- [HikariPool-1 housekeeper] com.zaxxer.hikari.pool.HikariPool        : HikariPool-1 - Fill pool skipped, pool has sufficient level or currently being filled (queueDepth=0).
2026-08-25T15:29:36.573+05:00 DEBUG 13448 --- [HikariPool-1 housekeeper] com.zaxxer.hikari.pool.HikariPool        : HikariPool-1 - Pool stats (total=10, active=0, idle=10, waiting=0)
2026-08-25T15:29:36.573+05:00 DEBUG 13448 --- [HikariPool-1 housekeeper] com.zaxxer.hikari.pool.HikariPool        : HikariPool-1 - Fill pool skipped, pool has sufficient level or currently being filled (queueDepth=0).
2026-08-25T15:30:06.583+05:00 DEBUG 13448 --- [HikariPool-1 housekeeper] com.zaxxer.hikari.pool.HikariPool        : HikariPool-1 - Pool stats (total=10, active=0, idle=10, waiting=0)
2026-08-25T15:30:06.583+05:00 DEBUG 13448 --- [HikariPool-1 housekeeper] com.zaxxer.hikari.pool.HikariPool        : HikariPool-1 - Fill pool skipped, pool has sufficient level or currently being filled (queueDepth=0).
2026-08-25T15:30:36.592+05:00 DEBUG 13448 --- [HikariPool-1 housekeeper] com.zaxxer.hikari.pool.HikariPool        : HikariPool-1 - Pool stats (total=10, active=0, idle=10, waiting=0)
2026-08-25T15:30:36.592+05:00 DEBUG 13448 --- [HikariPool-1 housekeeper] com.zaxxer.hikari.pool.HikariPool        : HikariPool-1 - Fill pool skipped, pool has sufficient level or currently being filled (queueDepth=0).
2026-08-25T15:31:06.599+05:00 DEBUG 13448 --- [HikariPool-1 housekeeper] com.zaxxer.hikari.pool.HikariPool        : HikariPool-1 - Pool stats (total=10, active=0, idle=10, waiting=0)
2026-08-25T15:31:06.599+05:00 DEBUG 13448 --- [HikariPool-1 housekeeper] com.zaxxer.hikari.pool.HikariPool        : HikariPool-1 - Fill pool skipped, pool has sufficient level or currently being filled (queueDepth=0).
2026-08-25T15:31:36.603+05:00 DEBUG 13448 --- [HikariPool-1 housekeeper] com.zaxxer.hikari.pool.HikariPool        : HikariPool-1 - Pool stats (total=10, active=0, idle=10, waiting=0)
2026-08-25T15:31:36.603+05:00 DEBUG 13448 --- [HikariPool-1 housekeeper] com.zaxxer.hikari.pool.HikariPool        : HikariPool-1 - Fill pool skipped, pool has sufficient level or currently being filled (queueDepth=0).
2026-08-25T15:32:06.610+05:00 DEBUG 13448 --- [HikariPool-1 housekeeper] com.zaxxer.hikari.pool.HikariPool        : HikariPool-1 - Pool stats (total=10, active=0, idle=10, waiting=0)
2026-08-25T15:32:06.610+05:00 DEBUG 13448 --- [HikariPool-1 housekeeper] com.zaxxer.hikari.pool.HikariPool        : HikariPool-1 - Fill pool skipped, pool has sufficient level or currently being filled (queueDepth=0).
2026-08-25T15:32:36.622+05:00 DEBUG 13448 --- [HikariPool-1 housekeeper] com.zaxxer.hikari.pool.HikariPool        : HikariPool-1 - Pool stats (total=10, active=0, idle=10, waiting=0)
2026-08-25T15:32:36.622+05:00 DEBUG 13448 --- [HikariPool-1 housekeeper] com.zaxxer.hikari.pool.HikariPool        : HikariPool-1 - Fill pool skipped, pool has sufficient level or currently being filled (queueDepth=0).
2026-08-25T15:33:06.624+05:00 DEBUG 13448 --- [HikariPool-1 housekeeper] com.zaxxer.hikari.pool.HikariPool        : HikariPool-1 - Pool stats (total=10, active=0, idle=10, waiting=0)
2026-08-25T15:33:06.624+05:00 DEBUG 13448 --- [HikariPool-1 housekeeper] com.zaxxer.hikari.pool.HikariPool        : HikariPool-1 - Fill pool skipped, pool has sufficient level or currently being filled (queueDepth=0).
2026-08-25T15:33:36.631+05:00 DEBUG 13448 --- [HikariPool-1 housekeeper] com.zaxxer.hikari.pool.HikariPool        : HikariPool-1 - Pool stats (total=10, active=0, idle=10, waiting=0)
2026-08-25T15:33:36.632+05:00 DEBUG 13448 --- [HikariPool-1 housekeeper] com.zaxxer.hikari.pool.HikariPool        : HikariPool-1 - Fill pool skipped, pool has sufficient level or currently being filled (queueDepth=0).
2026-08-25T15:34:06.635+05:00 DEBUG 13448 --- [HikariPool-1 housekeeper] com.zaxxer.hikari.pool.HikariPool        : HikariPool-1 - Pool stats (total=10, active=0, idle=10, waiting=0)
2026-08-25T15:34:06.635+05:00 DEBUG 13448 --- [HikariPool-1 housekeeper] com.zaxxer.hikari.pool.HikariPool        : HikariPool-1 - Fill pool skipped, pool has sufficient level or currently being filled (queueDepth=0).
2026-08-25T15:34:36.645+05:00 DEBUG 13448 --- [HikariPool-1 housekeeper] com.zaxxer.hikari.pool.HikariPool        : HikariPool-1 - Pool stats (total=10, active=0, idle=10, waiting=0)
2026-08-25T15:34:36.645+05:00 DEBUG 13448 --- [HikariPool-1 housekeeper] com.zaxxer.hikari.pool.HikariPool        : HikariPool-1 - Fill pool skipped, pool has sufficient level or currently being filled (queueDepth=0).
2026-08-25T15:35:06.655+05:00 DEBUG 13448 --- [HikariPool-1 housekeeper] com.zaxxer.hikari.pool.HikariPool        : HikariPool-1 - Pool stats (total=10, active=0, idle=10, waiting=0)
2026-08-25T15:35:06.655+05:00 DEBUG 13448 --- [HikariPool-1 housekeeper] com.zaxxer.hikari.pool.HikariPool        : HikariPool-1 - Fill pool skipped, pool has sufficient level or currently being filled (queueDepth=0).
2026-08-25T15:35:36.662+05:00 DEBUG 13448 --- [HikariPool-1 housekeeper] com.zaxxer.hikari.pool.HikariPool        : HikariPool-1 - Pool stats (total=10, active=0, idle=10, waiting=0)
2026-08-25T15:35:36.662+05:00 DEBUG 13448 --- [HikariPool-1 housekeeper] com.zaxxer.hikari.pool.HikariPool        : HikariPool-1 - Fill pool skipped, pool has sufficient level or currently being filled (queueDepth=0).
2026-08-25T15:36:06.675+05:00 DEBUG 13448 --- [HikariPool-1 housekeeper] com.zaxxer.hikari.pool.HikariPool        : HikariPool-1 - Pool stats (total=10, active=0, idle=10, waiting=0)
2026-08-25T15:36:06.675+05:00 DEBUG 13448 --- [HikariPool-1 housekeeper] com.zaxxer.hikari.pool.HikariPool        : HikariPool-1 - Fill pool skipped, pool has sufficient level or currently being filled (queueDepth=0).
2026-08-25T15:36:36.678+05:00 DEBUG 13448 --- [HikariPool-1 housekeeper] com.zaxxer.hikari.pool.HikariPool        : HikariPool-1 - Pool stats (total=10, active=0, idle=10, waiting=0)
2026-08-25T15:36:36.678+05:00 DEBUG 13448 --- [HikariPool-1 housekeeper] com.zaxxer.hikari.pool.HikariPool        : HikariPool-1 - Fill pool skipped, pool has sufficient level or currently being filled (queueDepth=0).
2026-08-25T15:37:06.687+05:00 DEBUG 13448 --- [HikariPool-1 housekeeper] com.zaxxer.hikari.pool.HikariPool        : HikariPool-1 - Pool stats (total=10, active=0, idle=10, waiting=0)
2026-08-25T15:37:06.687+05:00 DEBUG 13448 --- [HikariPool-1 housekeeper] com.zaxxer.hikari.pool.HikariPool        : HikariPool-1 - Fill pool skipped, pool has sufficient level or currently being filled (queueDepth=0).
2026-08-25T15:37:36.689+05:00 DEBUG 13448 --- [HikariPool-1 housekeeper] com.zaxxer.hikari.pool.HikariPool        : HikariPool-1 - Pool stats (total=10, active=0, idle=10, waiting=0)
2026-08-25T15:37:36.689+05:00 DEBUG 13448 --- [HikariPool-1 housekeeper] com.zaxxer.hikari.pool.HikariPool        : HikariPool-1 - Fill pool skipped, pool has sufficient level or currently being filled (queueDepth=0).
2026-08-25T15:38:06.697+05:00 DEBUG 13448 --- [HikariPool-1 housekeeper] com.zaxxer.hikari.pool.HikariPool        : HikariPool-1 - Pool stats (total=10, active=0, idle=10, waiting=0)
2026-08-25T15:38:06.697+05:00 DEBUG 13448 --- [HikariPool-1 housekeeper] com.zaxxer.hikari.pool.HikariPool        : HikariPool-1 - Fill pool skipped, pool has sufficient level or currently being filled (queueDepth=0).
2026-08-25T15:38:36.701+05:00 DEBUG 13448 --- [HikariPool-1 housekeeper] com.zaxxer.hikari.pool.HikariPool        : HikariPool-1 - Pool stats (total=10, active=0, idle=10, waiting=0)
2026-08-25T15:38:36.702+05:00 DEBUG 13448 --- [HikariPool-1 housekeeper] com.zaxxer.hikari.pool.HikariPool        : HikariPool-1 - Fill pool skipped, pool has sufficient level or currently being filled (queueDepth=0).
2026-08-25T15:39:06.714+05:00 DEBUG 13448 --- [HikariPool-1 housekeeper] com.zaxxer.hikari.pool.HikariPool        : HikariPool-1 - Pool stats (total=10, active=0, idle=10, waiting=0)
2026-08-25T15:39:06.714+05:00 DEBUG 13448 --- [HikariPool-1 housekeeper] com.zaxxer.hikari.pool.HikariPool        : HikariPool-1 - Fill pool skipped, pool has sufficient level or currently being filled (queueDepth=0).
2026-08-25T15:39:36.720+05:00 DEBUG 13448 --- [HikariPool-1 housekeeper] com.zaxxer.hikari.pool.HikariPool        : HikariPool-1 - Pool stats (total=10, active=0, idle=10, waiting=0)
2026-08-25T15:39:36.721+05:00 DEBUG 13448 --- [HikariPool-1 housekeeper] com.zaxxer.hikari.pool.HikariPool        : HikariPool-1 - Fill pool skipped, pool has sufficient level or currently being filled (queueDepth=0).
2026-08-25T15:40:06.724+05:00 DEBUG 13448 --- [HikariPool-1 housekeeper] com.zaxxer.hikari.pool.HikariPool        : HikariPool-1 - Pool stats (total=10, active=0, idle=10, waiting=0)
2026-08-25T15:40:06.725+05:00 DEBUG 13448 --- [HikariPool-1 housekeeper] com.zaxxer.hikari.pool.HikariPool        : HikariPool-1 - Fill pool skipped, pool has sufficient level or currently being filled (queueDepth=0).
2026-08-25T15:40:36.733+05:00 DEBUG 13448 --- [HikariPool-1 housekeeper] com.zaxxer.hikari.pool.HikariPool        : HikariPool-1 - Pool stats (total=10, active=0, idle=10, waiting=0)
2026-08-25T15:40:36.733+05:00 DEBUG 13448 --- [HikariPool-1 housekeeper] com.zaxxer.hikari.pool.HikariPool        : HikariPool-1 - Fill pool skipped, pool has sufficient level or currently being filled (queueDepth=0).
2026-08-25T15:41:06.744+05:00 DEBUG 13448 --- [HikariPool-1 housekeeper] com.zaxxer.hikari.pool.HikariPool        : HikariPool-1 - Pool stats (total=10, active=0, idle=10, waiting=0)
2026-08-25T15:41:06.744+05:00 DEBUG 13448 --- [HikariPool-1 housekeeper] com.zaxxer.hikari.pool.HikariPool        : HikariPool-1 - Fill pool skipped, pool has sufficient level or currently being filled (queueDepth=0).
2026-08-25T15:41:36.758+05:00 DEBUG 13448 --- [HikariPool-1 housekeeper] com.zaxxer.hikari.pool.HikariPool        : HikariPool-1 - Pool stats (total=10, active=0, idle=10, waiting=0)
2026-08-25T15:41:36.758+05:00 DEBUG 13448 --- [HikariPool-1 housekeeper] com.zaxxer.hikari.pool.HikariPool        : HikariPool-1 - Fill pool skipped, pool has sufficient level or currently being filled (queueDepth=0).
2026-08-25T15:42:06.770+05:00 DEBUG 13448 --- [HikariPool-1 housekeeper] com.zaxxer.hikari.pool.HikariPool        : HikariPool-1 - Pool stats (total=10, active=0, idle=10, waiting=0)
2026-08-25T15:42:06.771+05:00 DEBUG 13448 --- [HikariPool-1 housekeeper] com.zaxxer.hikari.pool.HikariPool        : HikariPool-1 - Fill pool skipped, pool has sufficient level or currently being filled (queueDepth=0).
2026-08-25T15:42:36.778+05:00 DEBUG 13448 --- [HikariPool-1 housekeeper] com.zaxxer.hikari.pool.HikariPool        : HikariPool-1 - Pool stats (total=10, active=0, idle=10, waiting=0)
2026-08-25T15:42:36.778+05:00 DEBUG 13448 --- [HikariPool-1 housekeeper] com.zaxxer.hikari.pool.HikariPool        : HikariPool-1 - Fill pool skipped, pool has sufficient level or currently being filled (queueDepth=0).
2026-08-25T15:43:06.785+05:00 DEBUG 13448 --- [HikariPool-1 housekeeper] com.zaxxer.hikari.pool.HikariPool        : HikariPool-1 - Pool stats (total=10, active=0, idle=10, waiting=0)
2026-08-25T15:43:06.785+05:00 DEBUG 13448 --- [HikariPool-1 housekeeper] com.zaxxer.hikari.pool.HikariPool        : HikariPool-1 - Fill pool skipped, pool has sufficient level or currently being filled (queueDepth=0).
2026-08-25T15:43:36.787+05:00 DEBUG 13448 --- [HikariPool-1 housekeeper] com.zaxxer.hikari.pool.HikariPool        : HikariPool-1 - Pool stats (total=10, active=0, idle=10, waiting=0)
2026-08-25T15:43:36.787+05:00 DEBUG 13448 --- [HikariPool-1 housekeeper] com.zaxxer.hikari.pool.HikariPool        : HikariPool-1 - Fill pool skipped, pool has sufficient level or currently being filled (queueDepth=0).
2026-08-25T15:44:06.795+05:00 DEBUG 13448 --- [HikariPool-1 housekeeper] com.zaxxer.hikari.pool.HikariPool        : HikariPool-1 - Pool stats (total=10, active=0, idle=10, waiting=0)
2026-08-25T15:44:06.795+05:00 DEBUG 13448 --- [HikariPool-1 housekeeper] com.zaxxer.hikari.pool.HikariPool        : HikariPool-1 - Fill pool skipped, pool has sufficient level or currently being filled (queueDepth=0).
2026-08-25T15:44:36.804+05:00 DEBUG 13448 --- [HikariPool-1 housekeeper] com.zaxxer.hikari.pool.HikariPool        : HikariPool-1 - Pool stats (total=10, active=0, idle=10, waiting=0)
2026-08-25T15:44:36.804+05:00 DEBUG 13448 --- [HikariPool-1 housekeeper] com.zaxxer.hikari.pool.HikariPool        : HikariPool-1 - Fill pool skipped, pool has sufficient level or currently being filled (queueDepth=0).
2026-08-25T15:45:06.816+05:00 DEBUG 13448 --- [HikariPool-1 housekeeper] com.zaxxer.hikari.pool.HikariPool        : HikariPool-1 - Pool stats (total=10, active=0, idle=10, waiting=0)
2026-08-25T15:45:06.816+05:00 DEBUG 13448 --- [HikariPool-1 housekeeper] com.zaxxer.hikari.pool.HikariPool        : HikariPool-1 - Fill pool skipped, pool has sufficient level or currently being filled (queueDepth=0).
2026-08-25T15:45:36.822+05:00 DEBUG 13448 --- [HikariPool-1 housekeeper] com.zaxxer.hikari.pool.HikariPool        : HikariPool-1 - Pool stats (total=10, active=0, idle=10, waiting=0)
2026-08-25T15:45:36.822+05:00 DEBUG 13448 --- [HikariPool-1 housekeeper] com.zaxxer.hikari.pool.HikariPool        : HikariPool-1 - Fill pool skipped, pool has sufficient level or currently being filled (queueDepth=0).
2026-08-25T15:46:06.835+05:00 DEBUG 13448 --- [HikariPool-1 housekeeper] com.zaxxer.hikari.pool.HikariPool        : HikariPool-1 - Pool stats (total=10, active=0, idle=10, waiting=0)
2026-08-25T15:46:06.835+05:00 DEBUG 13448 --- [HikariPool-1 housekeeper] com.zaxxer.hikari.pool.HikariPool        : HikariPool-1 - Fill pool skipped, pool has sufficient level or currently being filled (queueDepth=0).
2026-08-25T15:46:36.845+05:00 DEBUG 13448 --- [HikariPool-1 housekeeper] com.zaxxer.hikari.pool.HikariPool        : HikariPool-1 - Pool stats (total=10, active=0, idle=10, waiting=0)
2026-08-25T15:46:36.846+05:00 DEBUG 13448 --- [HikariPool-1 housekeeper] com.zaxxer.hikari.pool.HikariPool        : HikariPool-1 - Fill pool skipped, pool has sufficient level or currently being filled (queueDepth=0).
2026-08-25T15:47:06.855+05:00 DEBUG 13448 --- [HikariPool-1 housekeeper] com.zaxxer.hikari.pool.HikariPool        : HikariPool-1 - Pool stats (total=10, active=0, idle=10, waiting=0)
2026-08-25T15:47:06.855+05:00 DEBUG 13448 --- [HikariPool-1 housekeeper] com.zaxxer.hikari.pool.HikariPool        : HikariPool-1 - Fill pool skipped, pool has sufficient level or currently being filled (queueDepth=0).
2026-08-25T15:47:36.860+05:00 DEBUG 13448 --- [HikariPool-1 housekeeper] com.zaxxer.hikari.pool.HikariPool        : HikariPool-1 - Pool stats (total=10, active=0, idle=10, waiting=0)
2026-08-25T15:47:36.860+05:00 DEBUG 13448 --- [HikariPool-1 housekeeper] com.zaxxer.hikari.pool.HikariPool        : HikariPool-1 - Fill pool skipped, pool has sufficient level or currently being filled (queueDepth=0).
2026-08-25T15:48:06.870+05:00 DEBUG 13448 --- [HikariPool-1 housekeeper] com.zaxxer.hikari.pool.HikariPool        : HikariPool-1 - Pool stats (total=10, active=0, idle=10, waiting=0)
2026-08-25T15:48:06.870+05:00 DEBUG 13448 --- [HikariPool-1 housekeeper] com.zaxxer.hikari.pool.HikariPool        : HikariPool-1 - Fill pool skipped, pool has sufficient level or currently being filled (queueDepth=0).
2026-08-25T15:48:36.877+05:00 DEBUG 13448 --- [HikariPool-1 housekeeper] com.zaxxer.hikari.pool.HikariPool        : HikariPool-1 - Pool stats (total=10, active=0, idle=10, waiting=0)
2026-08-25T15:48:36.877+05:00 DEBUG 13448 --- [HikariPool-1 housekeeper] com.zaxxer.hikari.pool.HikariPool        : HikariPool-1 - Fill pool skipped, pool has sufficient level or currently being filled (queueDepth=0).
2026-08-25T15:49:06.882+05:00 DEBUG 13448 --- [HikariPool-1 housekeeper] com.zaxxer.hikari.pool.HikariPool        : HikariPool-1 - Pool stats (total=10, active=0, idle=10, waiting=0)
2026-08-25T15:49:06.882+05:00 DEBUG 13448 --- [HikariPool-1 housekeeper] com.zaxxer.hikari.pool.HikariPool        : HikariPool-1 - Fill pool skipped, pool has sufficient level or currently being filled (queueDepth=0).
2026-08-25T15:49:36.893+05:00 DEBUG 13448 --- [HikariPool-1 housekeeper] com.zaxxer.hikari.pool.HikariPool        : HikariPool-1 - Pool stats (total=10, active=0, idle=10, waiting=0)
2026-08-25T15:49:36.894+05:00 DEBUG 13448 --- [HikariPool-1 housekeeper] com.zaxxer.hikari.pool.HikariPool        : HikariPool-1 - Fill pool skipped, pool has sufficient level or currently being filled (queueDepth=0).
2026-08-25T15:50:06.908+05:00 DEBUG 13448 --- [HikariPool-1 housekeeper] com.zaxxer.hikari.pool.HikariPool        : HikariPool-1 - Pool stats (total=10, active=0, idle=10, waiting=0)
2026-08-25T15:50:06.908+05:00 DEBUG 13448 --- [HikariPool-1 housekeeper] com.zaxxer.hikari.pool.HikariPool        : HikariPool-1 - Fill pool skipped, pool has sufficient level or currently being filled (queueDepth=0).
2026-08-25T15:50:36.917+05:00 DEBUG 13448 --- [HikariPool-1 housekeeper] com.zaxxer.hikari.pool.HikariPool        : HikariPool-1 - Pool stats (total=10, active=0, idle=10, waiting=0)
2026-08-25T15:50:36.918+05:00 DEBUG 13448 --- [HikariPool-1 housekeeper] com.zaxxer.hikari.pool.HikariPool        : HikariPool-1 - Fill pool skipped, pool has sufficient level or currently being filled (queueDepth=0).
2026-08-25T15:51:06.922+05:00 DEBUG 13448 --- [HikariPool-1 housekeeper] com.zaxxer.hikari.pool.HikariPool        : HikariPool-1 - Pool stats (total=10, active=0, idle=10, waiting=0)
2026-08-25T15:51:06.924+05:00 DEBUG 13448 --- [HikariPool-1 housekeeper] com.zaxxer.hikari.pool.HikariPool        : HikariPool-1 - Fill pool skipped, pool has sufficient level or currently being filled (queueDepth=0).
2026-08-25T15:51:36.930+05:00 DEBUG 13448 --- [HikariPool-1 housekeeper] com.zaxxer.hikari.pool.HikariPool        : HikariPool-1 - Pool stats (total=10, active=0, idle=10, waiting=0)
2026-08-25T15:51:36.930+05:00 DEBUG 13448 --- [HikariPool-1 housekeeper] com.zaxxer.hikari.pool.HikariPool        : HikariPool-1 - Fill pool skipped, pool has sufficient level or currently being filled (queueDepth=0).
2026-08-25T15:52:06.938+05:00 DEBUG 13448 --- [HikariPool-1 housekeeper] com.zaxxer.hikari.pool.HikariPool        : HikariPool-1 - Pool stats (total=10, active=0, idle=10, waiting=0)
2026-08-25T15:52:06.939+05:00 DEBUG 13448 --- [HikariPool-1 housekeeper] com.zaxxer.hikari.pool.HikariPool        : HikariPool-1 - Fill pool skipped, pool has sufficient level or currently being filled (queueDepth=0).
2026-08-25T15:52:36.942+05:00 DEBUG 13448 --- [HikariPool-1 housekeeper] com.zaxxer.hikari.pool.HikariPool        : HikariPool-1 - Pool stats (total=10, active=0, idle=10, waiting=0)
2026-08-25T15:52:36.943+05:00 DEBUG 13448 --- [HikariPool-1 housekeeper] com.zaxxer.hikari.pool.HikariPool        : HikariPool-1 - Fill pool skipped, pool has sufficient level or currently being filled (queueDepth=0).
2026-08-25T15:52:40.563+05:00 DEBUG 13448 --- [HikariPool-1 connection closer] com.zaxxer.hikari.pool.PoolBase          : HikariPool-1 - Closing connection com.mysql.cj.jdbc.ConnectionImpl@18a4d4ef: (connection has passed maxLifetime)
2026-08-25T15:52:40.573+05:00 DEBUG 13448 --- [HikariPool-1 connection adder] com.zaxxer.hikari.pool.HikariPool        : HikariPool-1 - Added connection com.mysql.cj.jdbc.ConnectionImpl@3d4b1a8c
2026-08-25T15:52:48.053+05:00 DEBUG 13448 --- [HikariPool-1 connection closer] com.zaxxer.hikari.pool.PoolBase          : HikariPool-1 - Closing connection com.mysql.cj.jdbc.ConnectionImpl@73c0fc07: (connection has passed maxLifetime)
2026-08-25T15:52:48.057+05:00 DEBUG 13448 --- [HikariPool-1 connection adder] com.zaxxer.hikari.pool.HikariPool        : HikariPool-1 - Added connection com.mysql.cj.jdbc.ConnectionImpl@12d0c1dd
2026-08-25T15:52:57.406+05:00 DEBUG 13448 --- [HikariPool-1 connection closer] com.zaxxer.hikari.pool.PoolBase          : HikariPool-1 - Closing connection com.mysql.cj.jdbc.ConnectionImpl@4f5956b8: (connection has passed maxLifetime)
2026-08-25T15:52:57.408+05:00 DEBUG 13448 --- [HikariPool-1 connection adder] com.zaxxer.hikari.pool.HikariPool        : HikariPool-1 - Added connection com.mysql.cj.jdbc.ConnectionImpl@3f932d97
2026-08-25T15:53:06.954+05:00 DEBUG 13448 --- [HikariPool-1 housekeeper] com.zaxxer.hikari.pool.HikariPool        : HikariPool-1 - Pool stats (total=10, active=0, idle=10, waiting=0)
2026-08-25T15:53:06.954+05:00 DEBUG 13448 --- [HikariPool-1 housekeeper] com.zaxxer.hikari.pool.HikariPool        : HikariPool-1 - Fill pool skipped, pool has sufficient level or currently being filled (queueDepth=0).
2026-08-25T15:53:25.444+05:00 DEBUG 13448 --- [HikariPool-1 connection closer] com.zaxxer.hikari.pool.PoolBase          : HikariPool-1 - Closing connection com.mysql.cj.jdbc.ConnectionImpl@e0524e2: (connection has passed maxLifetime)
2026-08-25T15:53:25.449+05:00 DEBUG 13448 --- [HikariPool-1 connection adder] com.zaxxer.hikari.pool.HikariPool        : HikariPool-1 - Added connection com.mysql.cj.jdbc.ConnectionImpl@537cee9e
2026-08-25T15:53:33.255+05:00 DEBUG 13448 --- [HikariPool-1 connection closer] com.zaxxer.hikari.pool.PoolBase          : HikariPool-1 - Closing connection com.mysql.cj.jdbc.ConnectionImpl@2f17d196: (connection has passed maxLifetime)
2026-08-25T15:53:33.261+05:00 DEBUG 13448 --- [HikariPool-1 connection adder] com.zaxxer.hikari.pool.HikariPool        : HikariPool-1 - Added connection com.mysql.cj.jdbc.ConnectionImpl@4222d9bb
2026-08-25T15:53:35.249+05:00 DEBUG 13448 --- [HikariPool-1 connection closer] com.zaxxer.hikari.pool.PoolBase          : HikariPool-1 - Closing connection com.mysql.cj.jdbc.ConnectionImpl@6e2adbad: (connection has passed maxLifetime)
2026-08-25T15:53:35.257+05:00 DEBUG 13448 --- [HikariPool-1 connection adder] com.zaxxer.hikari.pool.HikariPool        : HikariPool-1 - Added connection com.mysql.cj.jdbc.ConnectionImpl@31fd380
2026-08-25T15:53:36.968+05:00 DEBUG 13448 --- [HikariPool-1 housekeeper] com.zaxxer.hikari.pool.HikariPool        : HikariPool-1 - Pool stats (total=10, active=0, idle=10, waiting=0)
2026-08-25T15:53:36.968+05:00 DEBUG 13448 --- [HikariPool-1 housekeeper] com.zaxxer.hikari.pool.HikariPool        : HikariPool-1 - Fill pool skipped, pool has sufficient level or currently being filled (queueDepth=0).
2026-08-25T15:53:43.810+05:00 DEBUG 13448 --- [HikariPool-1 connection closer] com.zaxxer.hikari.pool.PoolBase          : HikariPool-1 - Closing connection com.mysql.cj.jdbc.ConnectionImpl@5f0ef058: (connection has passed maxLifetime)
2026-08-25T15:53:43.815+05:00 DEBUG 13448 --- [HikariPool-1 connection adder] com.zaxxer.hikari.pool.HikariPool        : HikariPool-1 - Added connection com.mysql.cj.jdbc.ConnectionImpl@103130d3
2026-08-25T15:53:44.263+05:00 DEBUG 13448 --- [HikariPool-1 connection closer] com.zaxxer.hikari.pool.PoolBase          : HikariPool-1 - Closing connection com.mysql.cj.jdbc.ConnectionImpl@5c00d161: (connection has passed maxLifetime)
2026-08-25T15:53:44.267+05:00 DEBUG 13448 --- [HikariPool-1 connection adder] com.zaxxer.hikari.pool.HikariPool        : HikariPool-1 - Added connection com.mysql.cj.jdbc.ConnectionImpl@510c3ae8
2026-08-25T15:53:51.909+05:00 DEBUG 13448 --- [HikariPool-1 connection closer] com.zaxxer.hikari.pool.PoolBase          : HikariPool-1 - Closing connection com.mysql.cj.jdbc.ConnectionImpl@4850f150: (connection has passed maxLifetime)
2026-08-25T15:53:51.916+05:00 DEBUG 13448 --- [HikariPool-1 connection adder] com.zaxxer.hikari.pool.HikariPool        : HikariPool-1 - Added connection com.mysql.cj.jdbc.ConnectionImpl@7cff9762
2026-08-25T15:53:52.300+05:00 DEBUG 13448 --- [HikariPool-1 connection closer] com.zaxxer.hikari.pool.PoolBase          : HikariPool-1 - Closing connection com.mysql.cj.jdbc.ConnectionImpl@a4bde4e: (connection has passed maxLifetime)
2026-08-25T15:53:52.305+05:00 DEBUG 13448 --- [HikariPool-1 connection adder] com.zaxxer.hikari.pool.HikariPool        : HikariPool-1 - Added connection com.mysql.cj.jdbc.ConnectionImpl@3dc29d59
2026-08-25T15:54:06.973+05:00 DEBUG 13448 --- [HikariPool-1 housekeeper] com.zaxxer.hikari.pool.HikariPool        : HikariPool-1 - Pool stats (total=10, active=0, idle=10, waiting=0)
2026-08-25T15:54:06.973+05:00 DEBUG 13448 --- [HikariPool-1 housekeeper] com.zaxxer.hikari.pool.HikariPool        : HikariPool-1 - Fill pool skipped, pool has sufficient level or currently being filled (queueDepth=0).
2026-08-25T15:54:36.975+05:00 DEBUG 13448 --- [HikariPool-1 housekeeper] com.zaxxer.hikari.pool.HikariPool        : HikariPool-1 - Pool stats (total=10, active=0, idle=10, waiting=0)
2026-08-25T15:54:36.975+05:00 DEBUG 13448 --- [HikariPool-1 housekeeper] com.zaxxer.hikari.pool.HikariPool        : HikariPool-1 - Fill pool skipped, pool has sufficient level or currently being filled (queueDepth=0).
2026-08-25T15:55:06.982+05:00 DEBUG 13448 --- [HikariPool-1 housekeeper] com.zaxxer.hikari.pool.HikariPool        : HikariPool-1 - Pool stats (total=10, active=0, idle=10, waiting=0)
2026-08-25T15:55:06.988+05:00 DEBUG 13448 --- [HikariPool-1 housekeeper] com.zaxxer.hikari.pool.HikariPool        : HikariPool-1 - Fill pool skipped, pool has sufficient level or currently being filled (queueDepth=0).
2026-08-25T15:55:36.999+05:00 DEBUG 13448 --- [HikariPool-1 housekeeper] com.zaxxer.hikari.pool.HikariPool        : HikariPool-1 - Pool stats (total=10, active=0, idle=10, waiting=0)
2026-08-25T15:55:36.999+05:00 DEBUG 13448 --- [HikariPool-1 housekeeper] com.zaxxer.hikari.pool.HikariPool        : HikariPool-1 - Fill pool skipped, pool has sufficient level or currently being filled (queueDepth=0).
2026-08-25T15:56:07.006+05:00 DEBUG 13448 --- [HikariPool-1 housekeeper] com.zaxxer.hikari.pool.HikariPool        : HikariPool-1 - Pool stats (total=10, active=0, idle=10, waiting=0)
2026-08-25T15:56:07.006+05:00 DEBUG 13448 --- [HikariPool-1 housekeeper] com.zaxxer.hikari.pool.HikariPool        : HikariPool-1 - Fill pool skipped, pool has sufficient level or currently being filled (queueDepth=0).
2026-08-25T15:56:37.013+05:00 DEBUG 13448 --- [HikariPool-1 housekeeper] com.zaxxer.hikari.pool.HikariPool        : HikariPool-1 - Pool stats (total=10, active=0, idle=10, waiting=0)
2026-08-25T15:56:37.014+05:00 DEBUG 13448 --- [HikariPool-1 housekeeper] com.zaxxer.hikari.pool.HikariPool        : HikariPool-1 - Fill pool skipped, pool has sufficient level or currently being filled (queueDepth=0).
2026-08-25T15:57:07.024+05:00 DEBUG 13448 --- [HikariPool-1 housekeeper] com.zaxxer.hikari.pool.HikariPool        : HikariPool-1 - Pool stats (total=10, active=0, idle=10, waiting=0)
2026-08-25T15:57:07.024+05:00 DEBUG 13448 --- [HikariPool-1 housekeeper] com.zaxxer.hikari.pool.HikariPool        : HikariPool-1 - Fill pool skipped, pool has sufficient level or currently being filled (queueDepth=0).
2026-08-25T15:57:37.034+05:00 DEBUG 13448 --- [HikariPool-1 housekeeper] com.zaxxer.hikari.pool.HikariPool        : HikariPool-1 - Pool stats (total=10, active=0, idle=10, waiting=0)
2026-08-25T15:57:37.034+05:00 DEBUG 13448 --- [HikariPool-1 housekeeper] com.zaxxer.hikari.pool.HikariPool        : HikariPool-1 - Fill pool skipped, pool has sufficient level or currently being filled (queueDepth=0).
2026-08-25T15:58:07.047+05:00 DEBUG 13448 --- [HikariPool-1 housekeeper] com.zaxxer.hikari.pool.HikariPool        : HikariPool-1 - Pool stats (total=10, active=0, idle=10, waiting=0)
2026-08-25T15:58:07.047+05:00 DEBUG 13448 --- [HikariPool-1 housekeeper] com.zaxxer.hikari.pool.HikariPool        : HikariPool-1 - Fill pool skipped, pool has sufficient level or currently being filled (queueDepth=0).
2026-08-25T15:58:37.056+05:00 DEBUG 13448 --- [HikariPool-1 housekeeper] com.zaxxer.hikari.pool.HikariPool        : HikariPool-1 - Pool stats (total=10, active=0, idle=10, waiting=0)
2026-08-25T15:58:37.056+05:00 DEBUG 13448 --- [HikariPool-1 housekeeper] com.zaxxer.hikari.pool.HikariPool        : HikariPool-1 - Fill pool skipped, pool has sufficient level or currently being filled (queueDepth=0).
2026-08-25T15:59:07.064+05:00 DEBUG 13448 --- [HikariPool-1 housekeeper] com.zaxxer.hikari.pool.HikariPool        : HikariPool-1 - Pool stats (total=10, active=0, idle=10, waiting=0)
2026-08-25T15:59:07.064+05:00 DEBUG 13448 --- [HikariPool-1 housekeeper] com.zaxxer.hikari.pool.HikariPool        : HikariPool-1 - Fill pool skipped, pool has sufficient level or currently being filled (queueDepth=0).
2026-08-25T15:59:37.075+05:00 DEBUG 13448 --- [HikariPool-1 housekeeper] com.zaxxer.hikari.pool.HikariPool        : HikariPool-1 - Pool stats (total=10, active=0, idle=10, waiting=0)
2026-08-25T15:59:37.075+05:00 DEBUG 13448 --- [HikariPool-1 housekeeper] com.zaxxer.hikari.pool.HikariPool        : HikariPool-1 - Fill pool skipped, pool has sufficient level or currently being filled (queueDepth=0).
2026-08-25T16:00:07.089+05:00 DEBUG 13448 --- [HikariPool-1 housekeeper] com.zaxxer.hikari.pool.HikariPool        : HikariPool-1 - Pool stats (total=10, active=0, idle=10, waiting=0)
2026-08-25T16:00:07.090+05:00 DEBUG 13448 --- [HikariPool-1 housekeeper] com.zaxxer.hikari.pool.HikariPool        : HikariPool-1 - Fill pool skipped, pool has sufficient level or currently being filled (queueDepth=0).
2026-08-25T16:00:37.100+05:00 DEBUG 13448 --- [HikariPool-1 housekeeper] com.zaxxer.hikari.pool.HikariPool        : HikariPool-1 - Pool stats (total=10, active=0, idle=10, waiting=0)
2026-08-25T16:00:37.100+05:00 DEBUG 13448 --- [HikariPool-1 housekeeper] com.zaxxer.hikari.pool.HikariPool        : HikariPool-1 - Fill pool skipped, pool has sufficient level or currently being filled (queueDepth=0).
2026-08-25T16:01:07.111+05:00 DEBUG 13448 --- [HikariPool-1 housekeeper] com.zaxxer.hikari.pool.HikariPool        : HikariPool-1 - Pool stats (total=10, active=0, idle=10, waiting=0)
2026-08-25T16:01:07.111+05:00 DEBUG 13448 --- [HikariPool-1 housekeeper] com.zaxxer.hikari.pool.HikariPool        : HikariPool-1 - Fill pool skipped, pool has sufficient level or currently being filled (queueDepth=0).
2026-08-25T16:01:37.120+05:00 DEBUG 13448 --- [HikariPool-1 housekeeper] com.zaxxer.hikari.pool.HikariPool        : HikariPool-1 - Pool stats (total=10, active=0, idle=10, waiting=0)
2026-08-25T16:01:37.120+05:00 DEBUG 13448 --- [HikariPool-1 housekeeper] com.zaxxer.hikari.pool.HikariPool        : HikariPool-1 - Fill pool skipped, pool has sufficient level or currently being filled (queueDepth=0).
2026-08-25T16:02:07.135+05:00 DEBUG 13448 --- [HikariPool-1 housekeeper] com.zaxxer.hikari.pool.HikariPool        : HikariPool-1 - Pool stats (total=10, active=0, idle=10, waiting=0)
2026-08-25T16:02:07.135+05:00 DEBUG 13448 --- [HikariPool-1 housekeeper] com.zaxxer.hikari.pool.HikariPool        : HikariPool-1 - Fill pool skipped, pool has sufficient level or currently being filled (queueDepth=0).
2026-08-25T16:02:37.136+05:00 DEBUG 13448 --- [HikariPool-1 housekeeper] com.zaxxer.hikari.pool.HikariPool        : HikariPool-1 - Pool stats (total=10, active=0, idle=10, waiting=0)
2026-08-25T16:02:37.136+05:00 DEBUG 13448 --- [HikariPool-1 housekeeper] com.zaxxer.hikari.pool.HikariPool        : HikariPool-1 - Fill pool skipped, pool has sufficient level or currently being filled (queueDepth=0).
2026-08-25T16:03:07.148+05:00 DEBUG 13448 --- [HikariPool-1 housekeeper] com.zaxxer.hikari.pool.HikariPool        : HikariPool-1 - Pool stats (total=10, active=0, idle=10, waiting=0)
2026-08-25T16:03:07.148+05:00 DEBUG 13448 --- [HikariPool-1 housekeeper] com.zaxxer.hikari.pool.HikariPool        : HikariPool-1 - Fill pool skipped, pool has sufficient level or currently being filled (queueDepth=0).
2026-08-25T16:03:37.161+05:00 DEBUG 13448 --- [HikariPool-1 housekeeper] com.zaxxer.hikari.pool.HikariPool        : HikariPool-1 - Pool stats (total=10, active=0, idle=10, waiting=0)
2026-08-25T16:03:37.161+05:00 DEBUG 13448 --- [HikariPool-1 housekeeper] com.zaxxer.hikari.pool.HikariPool        : HikariPool-1 - Fill pool skipped, pool has sufficient level or currently being filled (queueDepth=0).
2026-08-25T16:04:07.175+05:00 DEBUG 13448 --- [HikariPool-1 housekeeper] com.zaxxer.hikari.pool.HikariPool        : HikariPool-1 - Pool stats (total=10, active=0, idle=10, waiting=0)
2026-08-25T16:04:07.175+05:00 DEBUG 13448 --- [HikariPool-1 housekeeper] com.zaxxer.hikari.pool.HikariPool        : HikariPool-1 - Fill pool skipped, pool has sufficient level or currently being filled (queueDepth=0).
2026-08-25T16:04:37.181+05:00 DEBUG 13448 --- [HikariPool-1 housekeeper] com.zaxxer.hikari.pool.HikariPool        : HikariPool-1 - Pool stats (total=10, active=0, idle=10, waiting=0)
2026-08-25T16:04:37.182+05:00 DEBUG 13448 --- [HikariPool-1 housekeeper] com.zaxxer.hikari.pool.HikariPool        : HikariPool-1 - Fill pool skipped, pool has sufficient level or currently being filled (queueDepth=0).
2026-08-25T16:05:07.189+05:00 DEBUG 13448 --- [HikariPool-1 housekeeper] com.zaxxer.hikari.pool.HikariPool        : HikariPool-1 - Pool stats (total=10, active=0, idle=10, waiting=0)
2026-08-25T16:05:07.190+05:00 DEBUG 13448 --- [HikariPool-1 housekeeper] com.zaxxer.hikari.pool.HikariPool        : HikariPool-1 - Fill pool skipped, pool has sufficient level or currently being filled (queueDepth=0).
2026-08-25T16:05:37.205+05:00 DEBUG 13448 --- [HikariPool-1 housekeeper] com.zaxxer.hikari.pool.HikariPool        : HikariPool-1 - Pool stats (total=10, active=0, idle=10, waiting=0)
2026-08-25T16:05:37.205+05:00 DEBUG 13448 --- [HikariPool-1 housekeeper] com.zaxxer.hikari.pool.HikariPool        : HikariPool-1 - Fill pool skipped, pool has sufficient level or currently being filled (queueDepth=0).
2026-08-25T16:06:07.220+05:00 DEBUG 13448 --- [HikariPool-1 housekeeper] com.zaxxer.hikari.pool.HikariPool        : HikariPool-1 - Pool stats (total=10, active=0, idle=10, waiting=0)
2026-08-25T16:06:07.220+05:00 DEBUG 13448 --- [HikariPool-1 housekeeper] com.zaxxer.hikari.pool.HikariPool        : HikariPool-1 - Fill pool skipped, pool has sufficient level or currently being filled (queueDepth=0).
2026-08-25T16:06:37.223+05:00 DEBUG 13448 --- [HikariPool-1 housekeeper] com.zaxxer.hikari.pool.HikariPool        : HikariPool-1 - Pool stats (total=10, active=0, idle=10, waiting=0)
2026-08-25T16:06:37.223+05:00 DEBUG 13448 --- [HikariPool-1 housekeeper] com.zaxxer.hikari.pool.HikariPool        : HikariPool-1 - Fill pool skipped, pool has sufficient level or currently being filled (queueDepth=0).
2026-08-25T16:07:07.236+05:00 DEBUG 13448 --- [HikariPool-1 housekeeper] com.zaxxer.hikari.pool.HikariPool        : HikariPool-1 - Pool stats (total=10, active=0, idle=10, waiting=0)
2026-08-25T16:07:07.237+05:00 DEBUG 13448 --- [HikariPool-1 housekeeper] com.zaxxer.hikari.pool.HikariPool        : HikariPool-1 - Fill pool skipped, pool has sufficient level or currently being filled (queueDepth=0).
2026-08-25T16:07:37.238+05:00 DEBUG 13448 --- [HikariPool-1 housekeeper] com.zaxxer.hikari.pool.HikariPool        : HikariPool-1 - Pool stats (total=10, active=0, idle=10, waiting=0)
2026-08-25T16:07:37.238+05:00 DEBUG 13448 --- [HikariPool-1 housekeeper] com.zaxxer.hikari.pool.HikariPool        : HikariPool-1 - Fill pool skipped, pool has sufficient level or currently being filled (queueDepth=0).
2026-08-25T16:08:07.243+05:00 DEBUG 13448 --- [HikariPool-1 housekeeper] com.zaxxer.hikari.pool.HikariPool        : HikariPool-1 - Pool stats (total=10, active=0, idle=10, waiting=0)
2026-08-25T16:08:07.243+05:00 DEBUG 13448 --- [HikariPool-1 housekeeper] com.zaxxer.hikari.pool.HikariPool        : HikariPool-1 - Fill pool skipped, pool has sufficient level or currently being filled (queueDepth=0).
2026-08-25T16:08:37.245+05:00 DEBUG 13448 --- [HikariPool-1 housekeeper] com.zaxxer.hikari.pool.HikariPool        : HikariPool-1 - Pool stats (total=10, active=0, idle=10, waiting=0)
2026-08-25T16:08:37.245+05:00 DEBUG 13448 --- [HikariPool-1 housekeeper] com.zaxxer.hikari.pool.HikariPool        : HikariPool-1 - Fill pool skipped, pool has sufficient level or currently being filled (queueDepth=0).
2026-08-25T16:09:07.246+05:00 DEBUG 13448 --- [HikariPool-1 housekeeper] com.zaxxer.hikari.pool.HikariPool        : HikariPool-1 - Pool stats (total=10, active=0, idle=10, waiting=0)
2026-08-25T16:09:07.249+05:00 DEBUG 13448 --- [HikariPool-1 housekeeper] com.zaxxer.hikari.pool.HikariPool        : HikariPool-1 - Fill pool skipped, pool has sufficient level or currently being filled (queueDepth=0).
2026-08-25T16:09:37.259+05:00 DEBUG 13448 --- [HikariPool-1 housekeeper] com.zaxxer.hikari.pool.HikariPool        : HikariPool-1 - Pool stats (total=10, active=0, idle=10, waiting=0)
2026-08-25T16:09:37.259+05:00 DEBUG 13448 --- [HikariPool-1 housekeeper] com.zaxxer.hikari.pool.HikariPool        : HikariPool-1 - Fill pool skipped, pool has sufficient level or currently being filled (queueDepth=0).
2026-08-25T16:10:07.274+05:00 DEBUG 13448 --- [HikariPool-1 housekeeper] com.zaxxer.hikari.pool.HikariPool        : HikariPool-1 - Pool stats (total=10, active=0, idle=10, waiting=0)
2026-08-25T16:10:07.274+05:00 DEBUG 13448 --- [HikariPool-1 housekeeper] com.zaxxer.hikari.pool.HikariPool        : HikariPool-1 - Fill pool skipped, pool has sufficient level or currently being filled (queueDepth=0).
2026-08-25T16:10:37.289+05:00 DEBUG 13448 --- [HikariPool-1 housekeeper] com.zaxxer.hikari.pool.HikariPool        : HikariPool-1 - Pool stats (total=10, active=0, idle=10, waiting=0)
2026-08-25T16:10:37.289+05:00 DEBUG 13448 --- [HikariPool-1 housekeeper] com.zaxxer.hikari.pool.HikariPool        : HikariPool-1 - Fill pool skipped, pool has sufficient level or currently being filled (queueDepth=0).
2026-08-25T16:11:07.297+05:00 DEBUG 13448 --- [HikariPool-1 housekeeper] com.zaxxer.hikari.pool.HikariPool        : HikariPool-1 - Pool stats (total=10, active=0, idle=10, waiting=0)
2026-08-25T16:11:07.297+05:00 DEBUG 13448 --- [HikariPool-1 housekeeper] com.zaxxer.hikari.pool.HikariPool        : HikariPool-1 - Fill pool skipped, pool has sufficient level or currently being filled (queueDepth=0).
2026-08-25T16:11:37.303+05:00 DEBUG 13448 --- [HikariPool-1 housekeeper] com.zaxxer.hikari.pool.HikariPool        : HikariPool-1 - Pool stats (total=10, active=0, idle=10, waiting=0)
2026-08-25T16:11:37.303+05:00 DEBUG 13448 --- [HikariPool-1 housekeeper] com.zaxxer.hikari.pool.HikariPool        : HikariPool-1 - Fill pool skipped, pool has sufficient level or currently being filled (queueDepth=0).
2026-08-25T16:12:07.309+05:00 DEBUG 13448 --- [HikariPool-1 housekeeper] com.zaxxer.hikari.pool.HikariPool        : HikariPool-1 - Pool stats (total=10, active=0, idle=10, waiting=0)
2026-08-25T16:12:07.309+05:00 DEBUG 13448 --- [HikariPool-1 housekeeper] com.zaxxer.hikari.pool.HikariPool        : HikariPool-1 - Fill pool skipped, pool has sufficient level or currently being filled (queueDepth=0).
2026-08-25T16:12:37.325+05:00 DEBUG 13448 --- [HikariPool-1 housekeeper] com.zaxxer.hikari.pool.HikariPool        : HikariPool-1 - Pool stats (total=10, active=0, idle=10, waiting=0)
2026-08-25T16:12:37.325+05:00 DEBUG 13448 --- [HikariPool-1 housekeeper] com.zaxxer.hikari.pool.HikariPool        : HikariPool-1 - Fill pool skipped, pool has sufficient level or currently being filled (queueDepth=0).
2026-08-25T16:13:07.336+05:00 DEBUG 13448 --- [HikariPool-1 housekeeper] com.zaxxer.hikari.pool.HikariPool        : HikariPool-1 - Pool stats (total=10, active=0, idle=10, waiting=0)
2026-08-25T16:13:07.336+05:00 DEBUG 13448 --- [HikariPool-1 housekeeper] com.zaxxer.hikari.pool.HikariPool        : HikariPool-1 - Fill pool skipped, pool has sufficient level or currently being filled (queueDepth=0).
2026-08-25T16:13:37.343+05:00 DEBUG 13448 --- [HikariPool-1 housekeeper] com.zaxxer.hikari.pool.HikariPool        : HikariPool-1 - Pool stats (total=10, active=0, idle=10, waiting=0)
2026-08-25T16:13:37.343+05:00 DEBUG 13448 --- [HikariPool-1 housekeeper] com.zaxxer.hikari.pool.HikariPool        : HikariPool-1 - Fill pool skipped, pool has sufficient level or currently being filled (queueDepth=0).
2026-08-25T16:14:07.357+05:00 DEBUG 13448 --- [HikariPool-1 housekeeper] com.zaxxer.hikari.pool.HikariPool        : HikariPool-1 - Pool stats (total=10, active=0, idle=10, waiting=0)
2026-08-25T16:14:07.357+05:00 DEBUG 13448 --- [HikariPool-1 housekeeper] com.zaxxer.hikari.pool.HikariPool        : HikariPool-1 - Fill pool skipped, pool has sufficient level or currently being filled (queueDepth=0).
2026-08-25T16:14:37.358+05:00 DEBUG 13448 --- [HikariPool-1 housekeeper] com.zaxxer.hikari.pool.HikariPool        : HikariPool-1 - Pool stats (total=10, active=0, idle=10, waiting=0)
2026-08-25T16:14:37.358+05:00 DEBUG 13448 --- [HikariPool-1 housekeeper] com.zaxxer.hikari.pool.HikariPool        : HikariPool-1 - Fill pool skipped, pool has sufficient level or currently being filled (queueDepth=0).
2026-08-25T16:15:07.367+05:00 DEBUG 13448 --- [HikariPool-1 housekeeper] com.zaxxer.hikari.pool.HikariPool        : HikariPool-1 - Pool stats (total=10, active=0, idle=10, waiting=0)
2026-08-25T16:15:07.367+05:00 DEBUG 13448 --- [HikariPool-1 housekeeper] com.zaxxer.hikari.pool.HikariPool        : HikariPool-1 - Fill pool skipped, pool has sufficient level or currently being filled (queueDepth=0).
2026-08-25T16:15:37.375+05:00 DEBUG 13448 --- [HikariPool-1 housekeeper] com.zaxxer.hikari.pool.HikariPool        : HikariPool-1 - Pool stats (total=10, active=0, idle=10, waiting=0)
2026-08-25T16:15:37.375+05:00 DEBUG 13448 --- [HikariPool-1 housekeeper] com.zaxxer.hikari.pool.HikariPool        : HikariPool-1 - Fill pool skipped, pool has sufficient level or currently being filled (queueDepth=0).
2026-08-25T16:16:07.389+05:00 DEBUG 13448 --- [HikariPool-1 housekeeper] com.zaxxer.hikari.pool.HikariPool        : HikariPool-1 - Pool stats (total=10, active=0, idle=10, waiting=0)
2026-08-25T16:16:07.389+05:00 DEBUG 13448 --- [HikariPool-1 housekeeper] com.zaxxer.hikari.pool.HikariPool        : HikariPool-1 - Fill pool skipped, pool has sufficient level or currently being filled (queueDepth=0).
2026-08-25T16:16:37.394+05:00 DEBUG 13448 --- [HikariPool-1 housekeeper] com.zaxxer.hikari.pool.HikariPool        : HikariPool-1 - Pool stats (total=10, active=0, idle=10, waiting=0)
2026-08-25T16:16:37.394+05:00 DEBUG 13448 --- [HikariPool-1 housekeeper] com.zaxxer.hikari.pool.HikariPool        : HikariPool-1 - Fill pool skipped, pool has sufficient level or currently being filled (queueDepth=0).
2026-08-25T16:17:07.399+05:00 DEBUG 13448 --- [HikariPool-1 housekeeper] com.zaxxer.hikari.pool.HikariPool        : HikariPool-1 - Pool stats (total=10, active=0, idle=10, waiting=0)
2026-08-25T16:17:07.399+05:00 DEBUG 13448 --- [HikariPool-1 housekeeper] com.zaxxer.hikari.pool.HikariPool        : HikariPool-1 - Fill pool skipped, pool has sufficient level or currently being filled (queueDepth=0).
2026-08-25T16:17:37.406+05:00 DEBUG 13448 --- [HikariPool-1 housekeeper] com.zaxxer.hikari.pool.HikariPool        : HikariPool-1 - Pool stats (total=10, active=0, idle=10, waiting=0)
2026-08-25T16:17:37.406+05:00 DEBUG 13448 --- [HikariPool-1 housekeeper] com.zaxxer.hikari.pool.HikariPool        : HikariPool-1 - Fill pool skipped, pool has sufficient level or currently being filled (queueDepth=0).
2026-08-25T16:18:07.411+05:00 DEBUG 13448 --- [HikariPool-1 housekeeper] com.zaxxer.hikari.pool.HikariPool        : HikariPool-1 - Pool stats (total=10, active=0, idle=10, waiting=0)
2026-08-25T16:18:07.411+05:00 DEBUG 13448 --- [HikariPool-1 housekeeper] com.zaxxer.hikari.pool.HikariPool        : HikariPool-1 - Fill pool skipped, pool has sufficient level or currently being filled (queueDepth=0).
2026-08-25T16:18:37.416+05:00 DEBUG 13448 --- [HikariPool-1 housekeeper] com.zaxxer.hikari.pool.HikariPool        : HikariPool-1 - Pool stats (total=10, active=0, idle=10, waiting=0)
2026-08-25T16:18:37.416+05:00 DEBUG 13448 --- [HikariPool-1 housekeeper] com.zaxxer.hikari.pool.HikariPool        : HikariPool-1 - Fill pool skipped, pool has sufficient level or currently being filled (queueDepth=0).
2026-08-25T16:19:07.425+05:00 DEBUG 13448 --- [HikariPool-1 housekeeper] com.zaxxer.hikari.pool.HikariPool        : HikariPool-1 - Pool stats (total=10, active=0, idle=10, waiting=0)
2026-08-25T16:19:07.426+05:00 DEBUG 13448 --- [HikariPool-1 housekeeper] com.zaxxer.hikari.pool.HikariPool        : HikariPool-1 - Fill pool skipped, pool has sufficient level or currently being filled (queueDepth=0).
2026-08-25T16:19:37.428+05:00 DEBUG 13448 --- [HikariPool-1 housekeeper] com.zaxxer.hikari.pool.HikariPool        : HikariPool-1 - Pool stats (total=10, active=0, idle=10, waiting=0)
2026-08-25T16:19:37.428+05:00 DEBUG 13448 --- [HikariPool-1 housekeeper] com.zaxxer.hikari.pool.HikariPool        : HikariPool-1 - Fill pool skipped, pool has sufficient level or currently being filled (queueDepth=0).
2026-08-25T16:20:07.430+05:00 DEBUG 13448 --- [HikariPool-1 housekeeper] com.zaxxer.hikari.pool.HikariPool        : HikariPool-1 - Pool stats (total=10, active=0, idle=10, waiting=0)
2026-08-25T16:20:07.431+05:00 DEBUG 13448 --- [HikariPool-1 housekeeper] com.zaxxer.hikari.pool.HikariPool        : HikariPool-1 - Fill pool skipped, pool has sufficient level or currently being filled (queueDepth=0).
2026-08-25T16:20:37.431+05:00 DEBUG 13448 --- [HikariPool-1 housekeeper] com.zaxxer.hikari.pool.HikariPool        : HikariPool-1 - Pool stats (total=10, active=0, idle=10, waiting=0)
2026-08-25T16:20:37.432+05:00 DEBUG 13448 --- [HikariPool-1 housekeeper] com.zaxxer.hikari.pool.HikariPool        : HikariPool-1 - Fill pool skipped, pool has sufficient level or currently being filled (queueDepth=0).
2026-08-25T16:21:07.435+05:00 DEBUG 13448 --- [HikariPool-1 housekeeper] com.zaxxer.hikari.pool.HikariPool        : HikariPool-1 - Pool stats (total=10, active=0, idle=10, waiting=0)
2026-08-25T16:21:07.435+05:00 DEBUG 13448 --- [HikariPool-1 housekeeper] com.zaxxer.hikari.pool.HikariPool        : HikariPool-1 - Fill pool skipped, pool has sufficient level or currently being filled (queueDepth=0).
2026-08-25T16:21:37.447+05:00 DEBUG 13448 --- [HikariPool-1 housekeeper] com.zaxxer.hikari.pool.HikariPool        : HikariPool-1 - Pool stats (total=10, active=0, idle=10, waiting=0)
2026-08-25T16:21:37.448+05:00 DEBUG 13448 --- [HikariPool-1 housekeeper] com.zaxxer.hikari.pool.HikariPool        : HikariPool-1 - Fill pool skipped, pool has sufficient level or currently being filled (queueDepth=0).
2026-08-25T16:22:07.450+05:00 DEBUG 13448 --- [HikariPool-1 housekeeper] com.zaxxer.hikari.pool.HikariPool        : HikariPool-1 - Pool stats (total=10, active=0, idle=10, waiting=0)
2026-08-25T16:22:07.450+05:00 DEBUG 13448 --- [HikariPool-1 housekeeper] com.zaxxer.hikari.pool.HikariPool        : HikariPool-1 - Fill pool skipped, pool has sufficient level or currently being filled (queueDepth=0).
2026-08-25T16:22:17.959+05:00 DEBUG 13448 --- [HikariPool-1 connection closer] com.zaxxer.hikari.pool.PoolBase          : HikariPool-1 - Closing connection com.mysql.cj.jdbc.ConnectionImpl@3f932d97: (connection has passed maxLifetime)
2026-08-25T16:22:17.989+05:00 DEBUG 13448 --- [HikariPool-1 connection adder] com.zaxxer.hikari.pool.HikariPool        : HikariPool-1 - Added connection com.mysql.cj.jdbc.ConnectionImpl@614bc0e2
2026-08-25T16:22:31.024+05:00 DEBUG 13448 --- [HikariPool-1 connection closer] com.zaxxer.hikari.pool.PoolBase          : HikariPool-1 - Closing connection com.mysql.cj.jdbc.ConnectionImpl@3d4b1a8c: (connection has passed maxLifetime)
2026-08-25T16:22:31.028+05:00 DEBUG 13448 --- [HikariPool-1 connection adder] com.zaxxer.hikari.pool.HikariPool        : HikariPool-1 - Added connection com.mysql.cj.jdbc.ConnectionImpl@6d1b26eb
2026-08-25T16:22:32.867+05:00 DEBUG 13448 --- [HikariPool-1 connection closer] com.zaxxer.hikari.pool.PoolBase          : HikariPool-1 - Closing connection com.mysql.cj.jdbc.ConnectionImpl@12d0c1dd: (connection has passed maxLifetime)
2026-08-25T16:22:32.872+05:00 DEBUG 13448 --- [HikariPool-1 connection adder] com.zaxxer.hikari.pool.HikariPool        : HikariPool-1 - Added connection com.mysql.cj.jdbc.ConnectionImpl@2c262cd0
2026-08-25T16:22:37.458+05:00 DEBUG 13448 --- [HikariPool-1 housekeeper] com.zaxxer.hikari.pool.HikariPool        : HikariPool-1 - Pool stats (total=10, active=0, idle=10, waiting=0)
2026-08-25T16:22:37.458+05:00 DEBUG 13448 --- [HikariPool-1 housekeeper] com.zaxxer.hikari.pool.HikariPool        : HikariPool-1 - Fill pool skipped, pool has sufficient level or currently being filled (queueDepth=0).
2026-08-25T16:23:04.140+05:00 DEBUG 13448 --- [HikariPool-1 connection closer] com.zaxxer.hikari.pool.PoolBase          : HikariPool-1 - Closing connection com.mysql.cj.jdbc.ConnectionImpl@537cee9e: (connection has passed maxLifetime)
2026-08-25T16:23:04.145+05:00 DEBUG 13448 --- [HikariPool-1 connection adder] com.zaxxer.hikari.pool.HikariPool        : HikariPool-1 - Added connection com.mysql.cj.jdbc.ConnectionImpl@6b6a4ecc
2026-08-25T16:23:04.810+05:00 DEBUG 13448 --- [HikariPool-1 connection closer] com.zaxxer.hikari.pool.PoolBase          : HikariPool-1 - Closing connection com.mysql.cj.jdbc.ConnectionImpl@510c3ae8: (connection has passed maxLifetime)
2026-08-25T16:23:04.816+05:00 DEBUG 13448 --- [HikariPool-1 connection adder] com.zaxxer.hikari.pool.HikariPool        : HikariPool-1 - Added connection com.mysql.cj.jdbc.ConnectionImpl@2a5744f7
2026-08-25T16:23:07.467+05:00 DEBUG 13448 --- [HikariPool-1 housekeeper] com.zaxxer.hikari.pool.HikariPool        : HikariPool-1 - Pool stats (total=10, active=0, idle=10, waiting=0)
2026-08-25T16:23:07.467+05:00 DEBUG 13448 --- [HikariPool-1 housekeeper] com.zaxxer.hikari.pool.HikariPool        : HikariPool-1 - Fill pool skipped, pool has sufficient level or currently being filled (queueDepth=0).
2026-08-25T16:23:16.584+05:00 DEBUG 13448 --- [HikariPool-1 connection closer] com.zaxxer.hikari.pool.PoolBase          : HikariPool-1 - Closing connection com.mysql.cj.jdbc.ConnectionImpl@7cff9762: (connection has passed maxLifetime)
2026-08-25T16:23:16.587+05:00 DEBUG 13448 --- [HikariPool-1 connection adder] com.zaxxer.hikari.pool.HikariPool        : HikariPool-1 - Added connection com.mysql.cj.jdbc.ConnectionImpl@4b046bd2
2026-08-25T16:23:18.932+05:00 DEBUG 13448 --- [HikariPool-1 connection closer] com.zaxxer.hikari.pool.PoolBase          : HikariPool-1 - Closing connection com.mysql.cj.jdbc.ConnectionImpl@103130d3: (connection has passed maxLifetime)
2026-08-25T16:23:18.935+05:00 DEBUG 13448 --- [HikariPool-1 connection adder] com.zaxxer.hikari.pool.HikariPool        : HikariPool-1 - Added connection com.mysql.cj.jdbc.ConnectionImpl@a3961e9
2026-08-25T16:23:22.508+05:00 DEBUG 13448 --- [HikariPool-1 connection closer] com.zaxxer.hikari.pool.PoolBase          : HikariPool-1 - Closing connection com.mysql.cj.jdbc.ConnectionImpl@4222d9bb: (connection has passed maxLifetime)
2026-08-25T16:23:22.538+05:00 DEBUG 13448 --- [HikariPool-1 connection adder] com.zaxxer.hikari.pool.HikariPool        : HikariPool-1 - Added connection com.mysql.cj.jdbc.ConnectionImpl@6a169ea6
2026-08-25T16:23:29.337+05:00 DEBUG 13448 --- [HikariPool-1 connection closer] com.zaxxer.hikari.pool.PoolBase          : HikariPool-1 - Closing connection com.mysql.cj.jdbc.ConnectionImpl@31fd380: (connection has passed maxLifetime)
2026-08-25T16:23:29.340+05:00 DEBUG 13448 --- [HikariPool-1 connection adder] com.zaxxer.hikari.pool.HikariPool        : HikariPool-1 - Added connection com.mysql.cj.jdbc.ConnectionImpl@32c23c41
2026-08-25T16:23:37.471+05:00 DEBUG 13448 --- [HikariPool-1 housekeeper] com.zaxxer.hikari.pool.HikariPool        : HikariPool-1 - Pool stats (total=10, active=0, idle=10, waiting=0)
2026-08-25T16:23:37.471+05:00 DEBUG 13448 --- [HikariPool-1 housekeeper] com.zaxxer.hikari.pool.HikariPool        : HikariPool-1 - Fill pool skipped, pool has sufficient level or currently being filled (queueDepth=0).
2026-08-25T16:23:47.057+05:00 DEBUG 13448 --- [HikariPool-1 connection closer] com.zaxxer.hikari.pool.PoolBase          : HikariPool-1 - Closing connection com.mysql.cj.jdbc.ConnectionImpl@3dc29d59: (connection has passed maxLifetime)
2026-08-25T16:23:47.064+05:00 DEBUG 13448 --- [HikariPool-1 connection adder] com.zaxxer.hikari.pool.HikariPool        : HikariPool-1 - Added connection com.mysql.cj.jdbc.ConnectionImpl@19dc1f8b
2026-08-25T16:24:07.487+05:00 DEBUG 13448 --- [HikariPool-1 housekeeper] com.zaxxer.hikari.pool.HikariPool        : HikariPool-1 - Pool stats (total=10, active=0, idle=10, waiting=0)
2026-08-25T16:24:07.487+05:00 DEBUG 13448 --- [HikariPool-1 housekeeper] com.zaxxer.hikari.pool.HikariPool        : HikariPool-1 - Fill pool skipped, pool has sufficient level or currently being filled (queueDepth=0).
2026-08-25T16:24:37.500+05:00 DEBUG 13448 --- [HikariPool-1 housekeeper] com.zaxxer.hikari.pool.HikariPool        : HikariPool-1 - Pool stats (total=10, active=0, idle=10, waiting=0)
2026-08-25T16:24:37.500+05:00 DEBUG 13448 --- [HikariPool-1 housekeeper] com.zaxxer.hikari.pool.HikariPool        : HikariPool-1 - Fill pool skipped, pool has sufficient level or currently being filled (queueDepth=0).
2026-08-25T16:25:07.501+05:00 DEBUG 13448 --- [HikariPool-1 housekeeper] com.zaxxer.hikari.pool.HikariPool        : HikariPool-1 - Pool stats (total=10, active=0, idle=10, waiting=0)
2026-08-25T16:25:07.501+05:00 DEBUG 13448 --- [HikariPool-1 housekeeper] com.zaxxer.hikari.pool.HikariPool        : HikariPool-1 - Fill pool skipped, pool has sufficient level or currently being filled (queueDepth=0).
2026-08-25T16:25:37.514+05:00 DEBUG 13448 --- [HikariPool-1 housekeeper] com.zaxxer.hikari.pool.HikariPool        : HikariPool-1 - Pool stats (total=10, active=0, idle=10, waiting=0)
2026-08-25T16:25:37.514+05:00 DEBUG 13448 --- [HikariPool-1 housekeeper] com.zaxxer.hikari.pool.HikariPool        : HikariPool-1 - Fill pool skipped, pool has sufficient level or currently being filled (queueDepth=0).
2026-08-25T16:26:07.525+05:00 DEBUG 13448 --- [HikariPool-1 housekeeper] com.zaxxer.hikari.pool.HikariPool        : HikariPool-1 - Pool stats (total=10, active=0, idle=10, waiting=0)
2026-08-25T16:26:07.526+05:00 DEBUG 13448 --- [HikariPool-1 housekeeper] com.zaxxer.hikari.pool.HikariPool        : HikariPool-1 - Fill pool skipped, pool has sufficient level or currently being filled (queueDepth=0).
2026-08-25T16:26:37.543+05:00 DEBUG 13448 --- [HikariPool-1 housekeeper] com.zaxxer.hikari.pool.HikariPool        : HikariPool-1 - Pool stats (total=10, active=0, idle=10, waiting=0)
2026-08-25T16:26:37.544+05:00 DEBUG 13448 --- [HikariPool-1 housekeeper] com.zaxxer.hikari.pool.HikariPool        : HikariPool-1 - Fill pool skipped, pool has sufficient level or currently being filled (queueDepth=0).
2026-08-25T16:27:07.549+05:00 DEBUG 13448 --- [HikariPool-1 housekeeper] com.zaxxer.hikari.pool.HikariPool        : HikariPool-1 - Pool stats (total=10, active=0, idle=10, waiting=0)
2026-08-25T16:27:07.550+05:00 DEBUG 13448 --- [HikariPool-1 housekeeper] com.zaxxer.hikari.pool.HikariPool        : HikariPool-1 - Fill pool skipped, pool has sufficient level or currently being filled (queueDepth=0).
2026-08-25T16:27:37.552+05:00 DEBUG 13448 --- [HikariPool-1 housekeeper] com.zaxxer.hikari.pool.HikariPool        : HikariPool-1 - Pool stats (total=10, active=0, idle=10, waiting=0)
2026-08-25T16:27:37.552+05:00 DEBUG 13448 --- [HikariPool-1 housekeeper] com.zaxxer.hikari.pool.HikariPool        : HikariPool-1 - Fill pool skipped, pool has sufficient level or currently being filled (queueDepth=0).
2026-08-25T16:28:07.556+05:00 DEBUG 13448 --- [HikariPool-1 housekeeper] com.zaxxer.hikari.pool.HikariPool        : HikariPool-1 - Pool stats (total=10, active=0, idle=10, waiting=0)
2026-08-25T16:28:07.556+05:00 DEBUG 13448 --- [HikariPool-1 housekeeper] com.zaxxer.hikari.pool.HikariPool        : HikariPool-1 - Fill pool skipped, pool has sufficient level or currently being filled (queueDepth=0).
2026-08-25T16:28:37.563+05:00 DEBUG 13448 --- [HikariPool-1 housekeeper] com.zaxxer.hikari.pool.HikariPool        : HikariPool-1 - Pool stats (total=10, active=0, idle=10, waiting=0)
2026-08-25T16:28:37.564+05:00 DEBUG 13448 --- [HikariPool-1 housekeeper] com.zaxxer.hikari.pool.HikariPool        : HikariPool-1 - Fill pool skipped, pool has sufficient level or currently being filled (queueDepth=0).
2026-08-25T16:29:07.573+05:00 DEBUG 13448 --- [HikariPool-1 housekeeper] com.zaxxer.hikari.pool.HikariPool        : HikariPool-1 - Pool stats (total=10, active=0, idle=10, waiting=0)
2026-08-25T16:29:07.573+05:00 DEBUG 13448 --- [HikariPool-1 housekeeper] com.zaxxer.hikari.pool.HikariPool        : HikariPool-1 - Fill pool skipped, pool has sufficient level or currently being filled (queueDepth=0).
2026-08-25T16:29:37.587+05:00 DEBUG 13448 --- [HikariPool-1 housekeeper] com.zaxxer.hikari.pool.HikariPool        : HikariPool-1 - Pool stats (total=10, active=0, idle=10, waiting=0)
2026-08-25T16:29:37.587+05:00 DEBUG 13448 --- [HikariPool-1 housekeeper] com.zaxxer.hikari.pool.HikariPool        : HikariPool-1 - Fill pool skipped, pool has sufficient level or currently being filled (queueDepth=0).
2026-08-25T16:30:07.596+05:00 DEBUG 13448 --- [HikariPool-1 housekeeper] com.zaxxer.hikari.pool.HikariPool        : HikariPool-1 - Pool stats (total=10, active=0, idle=10, waiting=0)
2026-08-25T16:30:07.596+05:00 DEBUG 13448 --- [HikariPool-1 housekeeper] com.zaxxer.hikari.pool.HikariPool        : HikariPool-1 - Fill pool skipped, pool has sufficient level or currently being filled (queueDepth=0).
2026-08-25T16:30:37.599+05:00 DEBUG 13448 --- [HikariPool-1 housekeeper] com.zaxxer.hikari.pool.HikariPool        : HikariPool-1 - Pool stats (total=10, active=0, idle=10, waiting=0)
2026-08-25T16:30:37.599+05:00 DEBUG 13448 --- [HikariPool-1 housekeeper] com.zaxxer.hikari.pool.HikariPool        : HikariPool-1 - Fill pool skipped, pool has sufficient level or currently being filled (queueDepth=0).
2026-08-25T16:31:07.612+05:00 DEBUG 13448 --- [HikariPool-1 housekeeper] com.zaxxer.hikari.pool.HikariPool        : HikariPool-1 - Pool stats (total=10, active=0, idle=10, waiting=0)
2026-08-25T16:31:07.612+05:00 DEBUG 13448 --- [HikariPool-1 housekeeper] com.zaxxer.hikari.pool.HikariPool        : HikariPool-1 - Fill pool skipped, pool has sufficient level or currently being filled (queueDepth=0).
2026-08-25T16:31:37.618+05:00 DEBUG 13448 --- [HikariPool-1 housekeeper] com.zaxxer.hikari.pool.HikariPool        : HikariPool-1 - Pool stats (total=10, active=0, idle=10, waiting=0)
2026-08-25T16:31:37.618+05:00 DEBUG 13448 --- [HikariPool-1 housekeeper] com.zaxxer.hikari.pool.HikariPool        : HikariPool-1 - Fill pool skipped, pool has sufficient level or currently being filled (queueDepth=0).
2026-08-25T16:32:07.623+05:00 DEBUG 13448 --- [HikariPool-1 housekeeper] com.zaxxer.hikari.pool.HikariPool        : HikariPool-1 - Pool stats (total=10, active=0, idle=10, waiting=0)
2026-08-25T16:32:07.623+05:00 DEBUG 13448 --- [HikariPool-1 housekeeper] com.zaxxer.hikari.pool.HikariPool        : HikariPool-1 - Fill pool skipped, pool has sufficient level or currently being filled (queueDepth=0).
2026-08-25T16:32:37.633+05:00 DEBUG 13448 --- [HikariPool-1 housekeeper] com.zaxxer.hikari.pool.HikariPool        : HikariPool-1 - Pool stats (total=10, active=0, idle=10, waiting=0)
2026-08-25T16:32:37.634+05:00 DEBUG 13448 --- [HikariPool-1 housekeeper] com.zaxxer.hikari.pool.HikariPool        : HikariPool-1 - Fill pool skipped, pool has sufficient level or currently being filled (queueDepth=0).
2026-08-25T16:33:07.634+05:00 DEBUG 13448 --- [HikariPool-1 housekeeper] com.zaxxer.hikari.pool.HikariPool        : HikariPool-1 - Pool stats (total=10, active=0, idle=10, waiting=0)
2026-08-25T16:33:07.634+05:00 DEBUG 13448 --- [HikariPool-1 housekeeper] com.zaxxer.hikari.pool.HikariPool        : HikariPool-1 - Fill pool skipped, pool has sufficient level or currently being filled (queueDepth=0).
2026-08-25T16:33:37.647+05:00 DEBUG 13448 --- [HikariPool-1 housekeeper] com.zaxxer.hikari.pool.HikariPool        : HikariPool-1 - Pool stats (total=10, active=0, idle=10, waiting=0)
2026-08-25T16:33:37.647+05:00 DEBUG 13448 --- [HikariPool-1 housekeeper] com.zaxxer.hikari.pool.HikariPool        : HikariPool-1 - Fill pool skipped, pool has sufficient level or currently being filled (queueDepth=0).
2026-08-25T16:34:07.654+05:00 DEBUG 13448 --- [HikariPool-1 housekeeper] com.zaxxer.hikari.pool.HikariPool        : HikariPool-1 - Pool stats (total=10, active=0, idle=10, waiting=0)
2026-08-25T16:34:07.654+05:00 DEBUG 13448 --- [HikariPool-1 housekeeper] com.zaxxer.hikari.pool.HikariPool        : HikariPool-1 - Fill pool skipped, pool has sufficient level or currently being filled (queueDepth=0).
2026-08-25T16:34:37.666+05:00 DEBUG 13448 --- [HikariPool-1 housekeeper] com.zaxxer.hikari.pool.HikariPool        : HikariPool-1 - Pool stats (total=10, active=0, idle=10, waiting=0)
2026-08-25T16:34:37.667+05:00 DEBUG 13448 --- [HikariPool-1 housekeeper] com.zaxxer.hikari.pool.HikariPool        : HikariPool-1 - Fill pool skipped, pool has sufficient level or currently being filled (queueDepth=0).
2026-08-25T16:35:07.681+05:00 DEBUG 13448 --- [HikariPool-1 housekeeper] com.zaxxer.hikari.pool.HikariPool        : HikariPool-1 - Pool stats (total=10, active=0, idle=10, waiting=0)
2026-08-25T16:35:07.683+05:00 DEBUG 13448 --- [HikariPool-1 housekeeper] com.zaxxer.hikari.pool.HikariPool        : HikariPool-1 - Fill pool skipped, pool has sufficient level or currently being filled (queueDepth=0).
2026-08-25T16:35:37.693+05:00 DEBUG 13448 --- [HikariPool-1 housekeeper] com.zaxxer.hikari.pool.HikariPool        : HikariPool-1 - Pool stats (total=10, active=0, idle=10, waiting=0)
2026-08-25T16:35:37.693+05:00 DEBUG 13448 --- [HikariPool-1 housekeeper] com.zaxxer.hikari.pool.HikariPool        : HikariPool-1 - Fill pool skipped, pool has sufficient level or currently being filled (queueDepth=0).
2026-08-25T16:36:07.698+05:00 DEBUG 13448 --- [HikariPool-1 housekeeper] com.zaxxer.hikari.pool.HikariPool        : HikariPool-1 - Pool stats (total=10, active=0, idle=10, waiting=0)
2026-08-25T16:36:07.699+05:00 DEBUG 13448 --- [HikariPool-1 housekeeper] com.zaxxer.hikari.pool.HikariPool        : HikariPool-1 - Fill pool skipped, pool has sufficient level or currently being filled (queueDepth=0).
2026-08-25T16:36:37.701+05:00 DEBUG 13448 --- [HikariPool-1 housekeeper] com.zaxxer.hikari.pool.HikariPool        : HikariPool-1 - Pool stats (total=10, active=0, idle=10, waiting=0)
2026-08-25T16:36:37.701+05:00 DEBUG 13448 --- [HikariPool-1 housekeeper] com.zaxxer.hikari.pool.HikariPool        : HikariPool-1 - Fill pool skipped, pool has sufficient level or currently being filled (queueDepth=0).
2026-08-25T16:37:07.704+05:00 DEBUG 13448 --- [HikariPool-1 housekeeper] com.zaxxer.hikari.pool.HikariPool        : HikariPool-1 - Pool stats (total=10, active=0, idle=10, waiting=0)
2026-08-25T16:37:07.705+05:00 DEBUG 13448 --- [HikariPool-1 housekeeper] com.zaxxer.hikari.pool.HikariPool        : HikariPool-1 - Fill pool skipped, pool has sufficient level or currently being filled (queueDepth=0).
2026-08-25T16:37:37.708+05:00 DEBUG 13448 --- [HikariPool-1 housekeeper] com.zaxxer.hikari.pool.HikariPool        : HikariPool-1 - Pool stats (total=10, active=0, idle=10, waiting=0)
2026-08-25T16:37:37.708+05:00 DEBUG 13448 --- [HikariPool-1 housekeeper] com.zaxxer.hikari.pool.HikariPool        : HikariPool-1 - Fill pool skipped, pool has sufficient level or currently being filled (queueDepth=0).
2026-08-25T16:38:07.709+05:00 DEBUG 13448 --- [HikariPool-1 housekeeper] com.zaxxer.hikari.pool.HikariPool        : HikariPool-1 - Pool stats (total=10, active=0, idle=10, waiting=0)
2026-08-25T16:38:07.709+05:00 DEBUG 13448 --- [HikariPool-1 housekeeper] com.zaxxer.hikari.pool.HikariPool        : HikariPool-1 - Fill pool skipped, pool has sufficient level or currently being filled (queueDepth=0).
2026-08-25T16:38:37.725+05:00 DEBUG 13448 --- [HikariPool-1 housekeeper] com.zaxxer.hikari.pool.HikariPool        : HikariPool-1 - Pool stats (total=10, active=0, idle=10, waiting=0)
2026-08-25T16:38:37.726+05:00 DEBUG 13448 --- [HikariPool-1 housekeeper] com.zaxxer.hikari.pool.HikariPool        : HikariPool-1 - Fill pool skipped, pool has sufficient level or currently being filled (queueDepth=0).
2026-08-25T16:39:07.738+05:00 DEBUG 13448 --- [HikariPool-1 housekeeper] com.zaxxer.hikari.pool.HikariPool        : HikariPool-1 - Pool stats (total=10, active=0, idle=10, waiting=0)
2026-08-25T16:39:07.739+05:00 DEBUG 13448 --- [HikariPool-1 housekeeper] com.zaxxer.hikari.pool.HikariPool        : HikariPool-1 - Fill pool skipped, pool has sufficient level or currently being filled (queueDepth=0).
2026-08-25T16:39:37.751+05:00 DEBUG 13448 --- [HikariPool-1 housekeeper] com.zaxxer.hikari.pool.HikariPool        : HikariPool-1 - Pool stats (total=10, active=0, idle=10, waiting=0)
2026-08-25T16:39:37.751+05:00 DEBUG 13448 --- [HikariPool-1 housekeeper] com.zaxxer.hikari.pool.HikariPool        : HikariPool-1 - Fill pool skipped, pool has sufficient level or currently being filled (queueDepth=0).
2026-08-25T16:40:07.752+05:00 DEBUG 13448 --- [HikariPool-1 housekeeper] com.zaxxer.hikari.pool.HikariPool        : HikariPool-1 - Pool stats (total=10, active=0, idle=10, waiting=0)
2026-08-25T16:40:07.753+05:00 DEBUG 13448 --- [HikariPool-1 housekeeper] com.zaxxer.hikari.pool.HikariPool        : HikariPool-1 - Fill pool skipped, pool has sufficient level or currently being filled (queueDepth=0).
2026-08-25T16:40:37.759+05:00 DEBUG 13448 --- [HikariPool-1 housekeeper] com.zaxxer.hikari.pool.HikariPool        : HikariPool-1 - Pool stats (total=10, active=0, idle=10, waiting=0)
2026-08-25T16:40:37.759+05:00 DEBUG 13448 --- [HikariPool-1 housekeeper] com.zaxxer.hikari.pool.HikariPool        : HikariPool-1 - Fill pool skipped, pool has sufficient level or currently being filled (queueDepth=0).
2026-08-25T16:41:07.766+05:00 DEBUG 13448 --- [HikariPool-1 housekeeper] com.zaxxer.hikari.pool.HikariPool        : HikariPool-1 - Pool stats (total=10, active=0, idle=10, waiting=0)
2026-08-25T16:41:07.767+05:00 DEBUG 13448 --- [HikariPool-1 housekeeper] com.zaxxer.hikari.pool.HikariPool        : HikariPool-1 - Fill pool skipped, pool has sufficient level or currently being filled (queueDepth=0).
2026-08-25T16:41:37.777+05:00 DEBUG 13448 --- [HikariPool-1 housekeeper] com.zaxxer.hikari.pool.HikariPool        : HikariPool-1 - Pool stats (total=10, active=0, idle=10, waiting=0)
2026-08-25T16:41:37.777+05:00 DEBUG 13448 --- [HikariPool-1 housekeeper] com.zaxxer.hikari.pool.HikariPool        : HikariPool-1 - Fill pool skipped, pool has sufficient level or currently being filled (queueDepth=0).
2026-08-25T16:42:07.781+05:00 DEBUG 13448 --- [HikariPool-1 housekeeper] com.zaxxer.hikari.pool.HikariPool        : HikariPool-1 - Pool stats (total=10, active=0, idle=10, waiting=0)
2026-08-25T16:42:07.782+05:00 DEBUG 13448 --- [HikariPool-1 housekeeper] com.zaxxer.hikari.pool.HikariPool        : HikariPool-1 - Fill pool skipped, pool has sufficient level or currently being filled (queueDepth=0).
2026-08-25T16:42:37.796+05:00 DEBUG 13448 --- [HikariPool-1 housekeeper] com.zaxxer.hikari.pool.HikariPool        : HikariPool-1 - Pool stats (total=10, active=0, idle=10, waiting=0)
2026-08-25T16:42:37.796+05:00 DEBUG 13448 --- [HikariPool-1 housekeeper] com.zaxxer.hikari.pool.HikariPool        : HikariPool-1 - Fill pool skipped, pool has sufficient level or currently being filled (queueDepth=0).
2026-08-25T16:43:07.812+05:00 DEBUG 13448 --- [HikariPool-1 housekeeper] com.zaxxer.hikari.pool.HikariPool        : HikariPool-1 - Pool stats (total=10, active=0, idle=10, waiting=0)
2026-08-25T16:43:07.813+05:00 DEBUG 13448 --- [HikariPool-1 housekeeper] com.zaxxer.hikari.pool.HikariPool        : HikariPool-1 - Fill pool skipped, pool has sufficient level or currently being filled (queueDepth=0).
2026-08-25T16:43:37.824+05:00 DEBUG 13448 --- [HikariPool-1 housekeeper] com.zaxxer.hikari.pool.HikariPool        : HikariPool-1 - Pool stats (total=10, active=0, idle=10, waiting=0)
2026-08-25T16:43:37.825+05:00 DEBUG 13448 --- [HikariPool-1 housekeeper] com.zaxxer.hikari.pool.HikariPool        : HikariPool-1 - Fill pool skipped, pool has sufficient level or currently being filled (queueDepth=0).
2026-08-25T16:44:07.834+05:00 DEBUG 13448 --- [HikariPool-1 housekeeper] com.zaxxer.hikari.pool.HikariPool        : HikariPool-1 - Pool stats (total=10, active=0, idle=10, waiting=0)
2026-08-25T16:44:07.834+05:00 DEBUG 13448 --- [HikariPool-1 housekeeper] com.zaxxer.hikari.pool.HikariPool        : HikariPool-1 - Fill pool skipped, pool has sufficient level or currently being filled (queueDepth=0).
2026-08-25T16:44:37.840+05:00 DEBUG 13448 --- [HikariPool-1 housekeeper] com.zaxxer.hikari.pool.HikariPool        : HikariPool-1 - Pool stats (total=10, active=0, idle=10, waiting=0)
2026-08-25T16:44:37.840+05:00 DEBUG 13448 --- [HikariPool-1 housekeeper] com.zaxxer.hikari.pool.HikariPool        : HikariPool-1 - Fill pool skipped, pool has sufficient level or currently being filled (queueDepth=0).
2026-08-25T16:45:07.855+05:00 DEBUG 13448 --- [HikariPool-1 housekeeper] com.zaxxer.hikari.pool.HikariPool        : HikariPool-1 - Pool stats (total=10, active=0, idle=10, waiting=0)
2026-08-25T16:45:07.855+05:00 DEBUG 13448 --- [HikariPool-1 housekeeper] com.zaxxer.hikari.pool.HikariPool        : HikariPool-1 - Fill pool skipped, pool has sufficient level or currently being filled (queueDepth=0).
2026-08-25T16:45:37.865+05:00 DEBUG 13448 --- [HikariPool-1 housekeeper] com.zaxxer.hikari.pool.HikariPool        : HikariPool-1 - Pool stats (total=10, active=0, idle=10, waiting=0)
2026-08-25T16:45:37.865+05:00 DEBUG 13448 --- [HikariPool-1 housekeeper] com.zaxxer.hikari.pool.HikariPool        : HikariPool-1 - Fill pool skipped, pool has sufficient level or currently being filled (queueDepth=0).
2026-08-25T16:46:07.873+05:00 DEBUG 13448 --- [HikariPool-1 housekeeper] com.zaxxer.hikari.pool.HikariPool        : HikariPool-1 - Pool stats (total=10, active=0, idle=10, waiting=0)
2026-08-25T16:46:07.873+05:00 DEBUG 13448 --- [HikariPool-1 housekeeper] com.zaxxer.hikari.pool.HikariPool        : HikariPool-1 - Fill pool skipped, pool has sufficient level or currently being filled (queueDepth=0).
2026-08-25T16:46:37.876+05:00 DEBUG 13448 --- [HikariPool-1 housekeeper] com.zaxxer.hikari.pool.HikariPool        : HikariPool-1 - Pool stats (total=10, active=0, idle=10, waiting=0)
2026-08-25T16:46:37.877+05:00 DEBUG 13448 --- [HikariPool-1 housekeeper] com.zaxxer.hikari.pool.HikariPool        : HikariPool-1 - Fill pool skipped, pool has sufficient level or currently being filled (queueDepth=0).
2026-08-25T16:47:07.886+05:00 DEBUG 13448 --- [HikariPool-1 housekeeper] com.zaxxer.hikari.pool.HikariPool        : HikariPool-1 - Pool stats (total=10, active=0, idle=10, waiting=0)
2026-08-25T16:47:07.887+05:00 DEBUG 13448 --- [HikariPool-1 housekeeper] com.zaxxer.hikari.pool.HikariPool        : HikariPool-1 - Fill pool skipped, pool has sufficient level or currently being filled (queueDepth=0).
2026-08-25T16:47:37.892+05:00 DEBUG 13448 --- [HikariPool-1 housekeeper] com.zaxxer.hikari.pool.HikariPool        : HikariPool-1 - Pool stats (total=10, active=0, idle=10, waiting=0)
2026-08-25T16:47:37.892+05:00 DEBUG 13448 --- [HikariPool-1 housekeeper] com.zaxxer.hikari.pool.HikariPool        : HikariPool-1 - Fill pool skipped, pool has sufficient level or currently being filled (queueDepth=0).
2026-08-25T16:48:07.898+05:00 DEBUG 13448 --- [HikariPool-1 housekeeper] com.zaxxer.hikari.pool.HikariPool        : HikariPool-1 - Pool stats (total=10, active=0, idle=10, waiting=0)
2026-08-25T16:48:07.898+05:00 DEBUG 13448 --- [HikariPool-1 housekeeper] com.zaxxer.hikari.pool.HikariPool        : HikariPool-1 - Fill pool skipped, pool has sufficient level or currently being filled (queueDepth=0).
2026-08-25T16:48:37.909+05:00 DEBUG 13448 --- [HikariPool-1 housekeeper] com.zaxxer.hikari.pool.HikariPool        : HikariPool-1 - Pool stats (total=10, active=0, idle=10, waiting=0)
2026-08-25T16:48:37.910+05:00 DEBUG 13448 --- [HikariPool-1 housekeeper] com.zaxxer.hikari.pool.HikariPool        : HikariPool-1 - Fill pool skipped, pool has sufficient level or currently being filled (queueDepth=0).
2026-08-25T16:49:07.915+05:00 DEBUG 13448 --- [HikariPool-1 housekeeper] com.zaxxer.hikari.pool.HikariPool        : HikariPool-1 - Pool stats (total=10, active=0, idle=10, waiting=0)
2026-08-25T16:49:07.915+05:00 DEBUG 13448 --- [HikariPool-1 housekeeper] com.zaxxer.hikari.pool.HikariPool        : HikariPool-1 - Fill pool skipped, pool has sufficient level or currently being filled (queueDepth=0).
2026-08-25T16:49:37.927+05:00 DEBUG 13448 --- [HikariPool-1 housekeeper] com.zaxxer.hikari.pool.HikariPool        : HikariPool-1 - Pool stats (total=10, active=0, idle=10, waiting=0)
2026-08-25T16:49:37.928+05:00 DEBUG 13448 --- [HikariPool-1 housekeeper] com.zaxxer.hikari.pool.HikariPool        : HikariPool-1 - Fill pool skipped, pool has sufficient level or currently being filled (queueDepth=0).
2026-08-25T16:50:07.939+05:00 DEBUG 13448 --- [HikariPool-1 housekeeper] com.zaxxer.hikari.pool.HikariPool        : HikariPool-1 - Pool stats (total=10, active=0, idle=10, waiting=0)
2026-08-25T16:50:07.939+05:00 DEBUG 13448 --- [HikariPool-1 housekeeper] com.zaxxer.hikari.pool.HikariPool        : HikariPool-1 - Fill pool skipped, pool has sufficient level or currently being filled (queueDepth=0).
2026-08-25T16:50:37.945+05:00 DEBUG 13448 --- [HikariPool-1 housekeeper] com.zaxxer.hikari.pool.HikariPool        : HikariPool-1 - Pool stats (total=10, active=0, idle=10, waiting=0)
2026-08-25T16:50:37.946+05:00 DEBUG 13448 --- [HikariPool-1 housekeeper] com.zaxxer.hikari.pool.HikariPool        : HikariPool-1 - Fill pool skipped, pool has sufficient level or currently being filled (queueDepth=0).
2026-08-25T16:51:07.951+05:00 DEBUG 13448 --- [HikariPool-1 housekeeper] com.zaxxer.hikari.pool.HikariPool        : HikariPool-1 - Pool stats (total=10, active=0, idle=10, waiting=0)
2026-08-25T16:51:07.954+05:00 DEBUG 13448 --- [HikariPool-1 housekeeper] com.zaxxer.hikari.pool.HikariPool        : HikariPool-1 - Fill pool skipped, pool has sufficient level or currently being filled (queueDepth=0).
2026-08-25T16:51:35.597+05:00 DEBUG 13448 --- [HikariPool-1 connection closer] com.zaxxer.hikari.pool.PoolBase          : HikariPool-1 - Closing connection com.mysql.cj.jdbc.ConnectionImpl@614bc0e2: (connection has passed maxLifetime)
2026-08-25T16:51:35.612+05:00 DEBUG 13448 --- [HikariPool-1 connection adder] com.zaxxer.hikari.pool.HikariPool        : HikariPool-1 - Added connection com.mysql.cj.jdbc.ConnectionImpl@33d795c
2026-08-25T16:51:37.962+05:00 DEBUG 13448 --- [HikariPool-1 housekeeper] com.zaxxer.hikari.pool.HikariPool        : HikariPool-1 - Pool stats (total=10, active=0, idle=10, waiting=0)
2026-08-25T16:51:37.962+05:00 DEBUG 13448 --- [HikariPool-1 housekeeper] com.zaxxer.hikari.pool.HikariPool        : HikariPool-1 - Fill pool skipped, pool has sufficient level or currently being filled (queueDepth=0).
2026-08-25T16:51:48.842+05:00 DEBUG 13448 --- [HikariPool-1 connection closer] com.zaxxer.hikari.pool.PoolBase          : HikariPool-1 - Closing connection com.mysql.cj.jdbc.ConnectionImpl@6d1b26eb: (connection has passed maxLifetime)
2026-08-25T16:51:48.848+05:00 DEBUG 13448 --- [HikariPool-1 connection adder] com.zaxxer.hikari.pool.HikariPool        : HikariPool-1 - Added connection com.mysql.cj.jdbc.ConnectionImpl@47087ec4
2026-08-25T16:52:07.965+05:00 DEBUG 13448 --- [HikariPool-1 housekeeper] com.zaxxer.hikari.pool.HikariPool        : HikariPool-1 - Pool stats (total=10, active=0, idle=10, waiting=0)
2026-08-25T16:52:07.965+05:00 DEBUG 13448 --- [HikariPool-1 housekeeper] com.zaxxer.hikari.pool.HikariPool        : HikariPool-1 - Fill pool skipped, pool has sufficient level or currently being filled (queueDepth=0).
2026-08-25T16:52:29.609+05:00 DEBUG 13448 --- [HikariPool-1 connection closer] com.zaxxer.hikari.pool.PoolBase          : HikariPool-1 - Closing connection com.mysql.cj.jdbc.ConnectionImpl@2c262cd0: (connection has passed maxLifetime)
2026-08-25T16:52:29.613+05:00 DEBUG 13448 --- [HikariPool-1 connection adder] com.zaxxer.hikari.pool.HikariPool        : HikariPool-1 - Added connection com.mysql.cj.jdbc.ConnectionImpl@73786207
2026-08-25T16:52:37.978+05:00 DEBUG 13448 --- [HikariPool-1 housekeeper] com.zaxxer.hikari.pool.HikariPool        : HikariPool-1 - Pool stats (total=10, active=0, idle=10, waiting=0)
2026-08-25T16:52:37.978+05:00 DEBUG 13448 --- [HikariPool-1 housekeeper] com.zaxxer.hikari.pool.HikariPool        : HikariPool-1 - Fill pool skipped, pool has sufficient level or currently being filled (queueDepth=0).
2026-08-25T16:52:45.769+05:00 DEBUG 13448 --- [HikariPool-1 connection closer] com.zaxxer.hikari.pool.PoolBase          : HikariPool-1 - Closing connection com.mysql.cj.jdbc.ConnectionImpl@6a169ea6: (connection has passed maxLifetime)
2026-08-25T16:52:45.773+05:00 DEBUG 13448 --- [HikariPool-1 connection adder] com.zaxxer.hikari.pool.HikariPool        : HikariPool-1 - Added connection com.mysql.cj.jdbc.ConnectionImpl@1ca52246
2026-08-25T16:52:48.229+05:00 DEBUG 13448 --- [HikariPool-1 connection closer] com.zaxxer.hikari.pool.PoolBase          : HikariPool-1 - Closing connection com.mysql.cj.jdbc.ConnectionImpl@2a5744f7: (connection has passed maxLifetime)
2026-08-25T16:52:48.232+05:00 DEBUG 13448 --- [HikariPool-1 connection adder] com.zaxxer.hikari.pool.HikariPool        : HikariPool-1 - Added connection com.mysql.cj.jdbc.ConnectionImpl@5d98287d
2026-08-25T16:52:54.119+05:00 DEBUG 13448 --- [HikariPool-1 connection closer] com.zaxxer.hikari.pool.PoolBase          : HikariPool-1 - Closing connection com.mysql.cj.jdbc.ConnectionImpl@4b046bd2: (connection has passed maxLifetime)
2026-08-25T16:52:54.122+05:00 DEBUG 13448 --- [HikariPool-1 connection adder] com.zaxxer.hikari.pool.HikariPool        : HikariPool-1 - Added connection com.mysql.cj.jdbc.ConnectionImpl@43492fcf
2026-08-25T16:52:58.020+05:00 DEBUG 13448 --- [HikariPool-1 connection closer] com.zaxxer.hikari.pool.PoolBase          : HikariPool-1 - Closing connection com.mysql.cj.jdbc.ConnectionImpl@6b6a4ecc: (connection has passed maxLifetime)
2026-08-25T16:52:58.022+05:00 DEBUG 13448 --- [HikariPool-1 connection adder] com.zaxxer.hikari.pool.HikariPool        : HikariPool-1 - Added connection com.mysql.cj.jdbc.ConnectionImpl@27425f4
2026-08-25T16:53:03.902+05:00 DEBUG 13448 --- [HikariPool-1 connection closer] com.zaxxer.hikari.pool.PoolBase          : HikariPool-1 - Closing connection com.mysql.cj.jdbc.ConnectionImpl@a3961e9: (connection has passed maxLifetime)
2026-08-25T16:53:03.905+05:00 DEBUG 13448 --- [HikariPool-1 connection adder] com.zaxxer.hikari.pool.HikariPool        : HikariPool-1 - Added connection com.mysql.cj.jdbc.ConnectionImpl@3f4fbe5
2026-08-25T16:53:07.981+05:00 DEBUG 13448 --- [HikariPool-1 housekeeper] com.zaxxer.hikari.pool.HikariPool        : HikariPool-1 - Pool stats (total=10, active=0, idle=10, waiting=0)
2026-08-25T16:53:07.981+05:00 DEBUG 13448 --- [HikariPool-1 housekeeper] com.zaxxer.hikari.pool.HikariPool        : HikariPool-1 - Fill pool skipped, pool has sufficient level or currently being filled (queueDepth=0).
2026-08-25T16:53:20.568+05:00 DEBUG 13448 --- [HikariPool-1 connection closer] com.zaxxer.hikari.pool.PoolBase          : HikariPool-1 - Closing connection com.mysql.cj.jdbc.ConnectionImpl@19dc1f8b: (connection has passed maxLifetime)
2026-08-25T16:53:20.570+05:00 DEBUG 13448 --- [HikariPool-1 connection adder] com.zaxxer.hikari.pool.HikariPool        : HikariPool-1 - Added connection com.mysql.cj.jdbc.ConnectionImpl@3bfcca24
2026-08-25T16:53:24.770+05:00 DEBUG 13448 --- [HikariPool-1 connection closer] com.zaxxer.hikari.pool.PoolBase          : HikariPool-1 - Closing connection com.mysql.cj.jdbc.ConnectionImpl@32c23c41: (connection has passed maxLifetime)
2026-08-25T16:53:24.773+05:00 DEBUG 13448 --- [HikariPool-1 connection adder] com.zaxxer.hikari.pool.HikariPool        : HikariPool-1 - Added connection com.mysql.cj.jdbc.ConnectionImpl@7ac1c01f
2026-08-25T16:53:37.984+05:00 DEBUG 13448 --- [HikariPool-1 housekeeper] com.zaxxer.hikari.pool.HikariPool        : HikariPool-1 - Pool stats (total=10, active=0, idle=10, waiting=0)
2026-08-25T16:53:37.984+05:00 DEBUG 13448 --- [HikariPool-1 housekeeper] com.zaxxer.hikari.pool.HikariPool        : HikariPool-1 - Fill pool skipped, pool has sufficient level or currently being filled (queueDepth=0).
2026-08-25T16:54:07.996+05:00 DEBUG 13448 --- [HikariPool-1 housekeeper] com.zaxxer.hikari.pool.HikariPool        : HikariPool-1 - Pool stats (total=10, active=0, idle=10, waiting=0)
2026-08-25T16:54:07.996+05:00 DEBUG 13448 --- [HikariPool-1 housekeeper] com.zaxxer.hikari.pool.HikariPool        : HikariPool-1 - Fill pool skipped, pool has sufficient level or currently being filled (queueDepth=0).
2026-08-25T16:54:38.011+05:00 DEBUG 13448 --- [HikariPool-1 housekeeper] com.zaxxer.hikari.pool.HikariPool        : HikariPool-1 - Pool stats (total=10, active=0, idle=10, waiting=0)
2026-08-25T16:54:38.012+05:00 DEBUG 13448 --- [HikariPool-1 housekeeper] com.zaxxer.hikari.pool.HikariPool        : HikariPool-1 - Fill pool skipped, pool has sufficient level or currently being filled (queueDepth=0).
2026-08-25T16:55:08.017+05:00 DEBUG 13448 --- [HikariPool-1 housekeeper] com.zaxxer.hikari.pool.HikariPool        : HikariPool-1 - Pool stats (total=10, active=0, idle=10, waiting=0)
2026-08-25T16:55:08.017+05:00 DEBUG 13448 --- [HikariPool-1 housekeeper] com.zaxxer.hikari.pool.HikariPool        : HikariPool-1 - Fill pool skipped, pool has sufficient level or currently being filled (queueDepth=0).
2026-08-25T16:55:38.030+05:00 DEBUG 13448 --- [HikariPool-1 housekeeper] com.zaxxer.hikari.pool.HikariPool        : HikariPool-1 - Pool stats (total=10, active=0, idle=10, waiting=0)
2026-08-25T16:55:38.030+05:00 DEBUG 13448 --- [HikariPool-1 housekeeper] com.zaxxer.hikari.pool.HikariPool        : HikariPool-1 - Fill pool skipped, pool has sufficient level or currently being filled (queueDepth=0).
2026-08-25T16:56:08.042+05:00 DEBUG 13448 --- [HikariPool-1 housekeeper] com.zaxxer.hikari.pool.HikariPool        : HikariPool-1 - Pool stats (total=10, active=0, idle=10, waiting=0)
2026-08-25T16:56:08.042+05:00 DEBUG 13448 --- [HikariPool-1 housekeeper] com.zaxxer.hikari.pool.HikariPool        : HikariPool-1 - Fill pool skipped, pool has sufficient level or currently being filled (queueDepth=0).
2026-08-25T16:56:38.045+05:00 DEBUG 13448 --- [HikariPool-1 housekeeper] com.zaxxer.hikari.pool.HikariPool        : HikariPool-1 - Pool stats (total=10, active=0, idle=10, waiting=0)
2026-08-25T16:56:38.045+05:00 DEBUG 13448 --- [HikariPool-1 housekeeper] com.zaxxer.hikari.pool.HikariPool        : HikariPool-1 - Fill pool skipped, pool has sufficient level or currently being filled (queueDepth=0).
2026-08-25T16:57:08.047+05:00 DEBUG 13448 --- [HikariPool-1 housekeeper] com.zaxxer.hikari.pool.HikariPool        : HikariPool-1 - Pool stats (total=10, active=0, idle=10, waiting=0)
2026-08-25T16:57:08.048+05:00 DEBUG 13448 --- [HikariPool-1 housekeeper] com.zaxxer.hikari.pool.HikariPool        : HikariPool-1 - Fill pool skipped, pool has sufficient level or currently being filled (queueDepth=0).
2026-08-25T16:57:38.049+05:00 DEBUG 13448 --- [HikariPool-1 housekeeper] com.zaxxer.hikari.pool.HikariPool        : HikariPool-1 - Pool stats (total=10, active=0, idle=10, waiting=0)
2026-08-25T16:57:38.049+05:00 DEBUG 13448 --- [HikariPool-1 housekeeper] com.zaxxer.hikari.pool.HikariPool        : HikariPool-1 - Fill pool skipped, pool has sufficient level or currently being filled (queueDepth=0).
2026-08-25T16:58:08.064+05:00 DEBUG 13448 --- [HikariPool-1 housekeeper] com.zaxxer.hikari.pool.HikariPool        : HikariPool-1 - Pool stats (total=10, active=0, idle=10, waiting=0)
2026-08-25T16:58:08.064+05:00 DEBUG 13448 --- [HikariPool-1 housekeeper] com.zaxxer.hikari.pool.HikariPool        : HikariPool-1 - Fill pool skipped, pool has sufficient level or currently being filled (queueDepth=0).
2026-08-25T16:58:38.073+05:00 DEBUG 13448 --- [HikariPool-1 housekeeper] com.zaxxer.hikari.pool.HikariPool        : HikariPool-1 - Pool stats (total=10, active=0, idle=10, waiting=0)
2026-08-25T16:58:38.073+05:00 DEBUG 13448 --- [HikariPool-1 housekeeper] com.zaxxer.hikari.pool.HikariPool        : HikariPool-1 - Fill pool skipped, pool has sufficient level or currently being filled (queueDepth=0).
2026-08-25T16:59:08.077+05:00 DEBUG 13448 --- [HikariPool-1 housekeeper] com.zaxxer.hikari.pool.HikariPool        : HikariPool-1 - Pool stats (total=10, active=0, idle=10, waiting=0)
2026-08-25T16:59:08.077+05:00 DEBUG 13448 --- [HikariPool-1 housekeeper] com.zaxxer.hikari.pool.HikariPool        : HikariPool-1 - Fill pool skipped, pool has sufficient level or currently being filled (queueDepth=0).
2026-08-25T16:59:38.092+05:00 DEBUG 13448 --- [HikariPool-1 housekeeper] com.zaxxer.hikari.pool.HikariPool        : HikariPool-1 - Pool stats (total=10, active=0, idle=10, waiting=0)
2026-08-25T16:59:38.092+05:00 DEBUG 13448 --- [HikariPool-1 housekeeper] com.zaxxer.hikari.pool.HikariPool        : HikariPool-1 - Fill pool skipped, pool has sufficient level or currently being filled (queueDepth=0).
2026-08-25T17:00:08.104+05:00 DEBUG 13448 --- [HikariPool-1 housekeeper] com.zaxxer.hikari.pool.HikariPool        : HikariPool-1 - Pool stats (total=10, active=0, idle=10, waiting=0)
2026-08-25T17:00:08.104+05:00 DEBUG 13448 --- [HikariPool-1 housekeeper] com.zaxxer.hikari.pool.HikariPool        : HikariPool-1 - Fill pool skipped, pool has sufficient level or currently being filled (queueDepth=0).
2026-08-25T17:00:38.121+05:00 DEBUG 13448 --- [HikariPool-1 housekeeper] com.zaxxer.hikari.pool.HikariPool        : HikariPool-1 - Pool stats (total=10, active=0, idle=10, waiting=0)
2026-08-25T17:00:38.121+05:00 DEBUG 13448 --- [HikariPool-1 housekeeper] com.zaxxer.hikari.pool.HikariPool        : HikariPool-1 - Fill pool skipped, pool has sufficient level or currently being filled (queueDepth=0).
2026-08-25T17:01:08.136+05:00 DEBUG 13448 --- [HikariPool-1 housekeeper] com.zaxxer.hikari.pool.HikariPool        : HikariPool-1 - Pool stats (total=10, active=0, idle=10, waiting=0)
2026-08-25T17:01:08.136+05:00 DEBUG 13448 --- [HikariPool-1 housekeeper] com.zaxxer.hikari.pool.HikariPool        : HikariPool-1 - Fill pool skipped, pool has sufficient level or currently being filled (queueDepth=0).
2026-08-25T17:01:38.143+05:00 DEBUG 13448 --- [HikariPool-1 housekeeper] com.zaxxer.hikari.pool.HikariPool        : HikariPool-1 - Pool stats (total=10, active=0, idle=10, waiting=0)
2026-08-25T17:01:38.143+05:00 DEBUG 13448 --- [HikariPool-1 housekeeper] com.zaxxer.hikari.pool.HikariPool        : HikariPool-1 - Fill pool skipped, pool has sufficient level or currently being filled (queueDepth=0).
2026-08-25T17:02:08.155+05:00 DEBUG 13448 --- [HikariPool-1 housekeeper] com.zaxxer.hikari.pool.HikariPool        : HikariPool-1 - Pool stats (total=10, active=0, idle=10, waiting=0)
2026-08-25T17:02:08.155+05:00 DEBUG 13448 --- [HikariPool-1 housekeeper] com.zaxxer.hikari.pool.HikariPool        : HikariPool-1 - Fill pool skipped, pool has sufficient level or currently being filled (queueDepth=0).
2026-08-25T17:02:38.163+05:00 DEBUG 13448 --- [HikariPool-1 housekeeper] com.zaxxer.hikari.pool.HikariPool        : HikariPool-1 - Pool stats (total=10, active=0, idle=10, waiting=0)
2026-08-25T17:02:38.163+05:00 DEBUG 13448 --- [HikariPool-1 housekeeper] com.zaxxer.hikari.pool.HikariPool        : HikariPool-1 - Fill pool skipped, pool has sufficient level or currently being filled (queueDepth=0).
2026-08-25T17:03:08.165+05:00 DEBUG 13448 --- [HikariPool-1 housekeeper] com.zaxxer.hikari.pool.HikariPool        : HikariPool-1 - Pool stats (total=10, active=0, idle=10, waiting=0)
2026-08-25T17:03:08.165+05:00 DEBUG 13448 --- [HikariPool-1 housekeeper] com.zaxxer.hikari.pool.HikariPool        : HikariPool-1 - Fill pool skipped, pool has sufficient level or currently being filled (queueDepth=0).
2026-08-25T17:03:38.173+05:00 DEBUG 13448 --- [HikariPool-1 housekeeper] com.zaxxer.hikari.pool.HikariPool        : HikariPool-1 - Pool stats (total=10, active=0, idle=10, waiting=0)
2026-08-25T17:03:38.173+05:00 DEBUG 13448 --- [HikariPool-1 housekeeper] com.zaxxer.hikari.pool.HikariPool        : HikariPool-1 - Fill pool skipped, pool has sufficient level or currently being filled (queueDepth=0).
2026-08-25T17:04:08.179+05:00 DEBUG 13448 --- [HikariPool-1 housekeeper] com.zaxxer.hikari.pool.HikariPool        : HikariPool-1 - Pool stats (total=10, active=0, idle=10, waiting=0)
2026-08-25T17:04:08.179+05:00 DEBUG 13448 --- [HikariPool-1 housekeeper] com.zaxxer.hikari.pool.HikariPool        : HikariPool-1 - Fill pool skipped, pool has sufficient level or currently being filled (queueDepth=0).
2026-08-25T17:04:38.193+05:00 DEBUG 13448 --- [HikariPool-1 housekeeper] com.zaxxer.hikari.pool.HikariPool        : HikariPool-1 - Pool stats (total=10, active=0, idle=10, waiting=0)
2026-08-25T17:04:38.193+05:00 DEBUG 13448 --- [HikariPool-1 housekeeper] com.zaxxer.hikari.pool.HikariPool        : HikariPool-1 - Fill pool skipped, pool has sufficient level or currently being filled (queueDepth=0).
2026-08-25T17:05:08.200+05:00 DEBUG 13448 --- [HikariPool-1 housekeeper] com.zaxxer.hikari.pool.HikariPool        : HikariPool-1 - Pool stats (total=10, active=0, idle=10, waiting=0)
2026-08-25T17:05:08.200+05:00 DEBUG 13448 --- [HikariPool-1 housekeeper] com.zaxxer.hikari.pool.HikariPool        : HikariPool-1 - Fill pool skipped, pool has sufficient level or currently being filled (queueDepth=0).
2026-08-25T17:05:38.208+05:00 DEBUG 13448 --- [HikariPool-1 housekeeper] com.zaxxer.hikari.pool.HikariPool        : HikariPool-1 - Pool stats (total=10, active=0, idle=10, waiting=0)
2026-08-25T17:05:38.208+05:00 DEBUG 13448 --- [HikariPool-1 housekeeper] com.zaxxer.hikari.pool.HikariPool        : HikariPool-1 - Fill pool skipped, pool has sufficient level or currently being filled (queueDepth=0).
2026-08-25T17:06:08.222+05:00 DEBUG 13448 --- [HikariPool-1 housekeeper] com.zaxxer.hikari.pool.HikariPool        : HikariPool-1 - Pool stats (total=10, active=0, idle=10, waiting=0)
2026-08-25T17:06:08.222+05:00 DEBUG 13448 --- [HikariPool-1 housekeeper] com.zaxxer.hikari.pool.HikariPool        : HikariPool-1 - Fill pool skipped, pool has sufficient level or currently being filled (queueDepth=0).
2026-08-25T17:06:38.236+05:00 DEBUG 13448 --- [HikariPool-1 housekeeper] com.zaxxer.hikari.pool.HikariPool        : HikariPool-1 - Pool stats (total=10, active=0, idle=10, waiting=0)
2026-08-25T17:06:38.236+05:00 DEBUG 13448 --- [HikariPool-1 housekeeper] com.zaxxer.hikari.pool.HikariPool        : HikariPool-1 - Fill pool skipped, pool has sufficient level or currently being filled (queueDepth=0).
2026-08-25T17:07:08.248+05:00 DEBUG 13448 --- [HikariPool-1 housekeeper] com.zaxxer.hikari.pool.HikariPool        : HikariPool-1 - Pool stats (total=10, active=0, idle=10, waiting=0)
2026-08-25T17:07:08.249+05:00 DEBUG 13448 --- [HikariPool-1 housekeeper] com.zaxxer.hikari.pool.HikariPool        : HikariPool-1 - Fill pool skipped, pool has sufficient level or currently being filled (queueDepth=0).
2026-08-25T17:07:38.261+05:00 DEBUG 13448 --- [HikariPool-1 housekeeper] com.zaxxer.hikari.pool.HikariPool        : HikariPool-1 - Pool stats (total=10, active=0, idle=10, waiting=0)
2026-08-25T17:07:38.261+05:00 DEBUG 13448 --- [HikariPool-1 housekeeper] com.zaxxer.hikari.pool.HikariPool        : HikariPool-1 - Fill pool skipped, pool has sufficient level or currently being filled (queueDepth=0).
2026-08-25T17:08:08.270+05:00 DEBUG 13448 --- [HikariPool-1 housekeeper] com.zaxxer.hikari.pool.HikariPool        : HikariPool-1 - Pool stats (total=10, active=0, idle=10, waiting=0)
2026-08-25T17:08:08.270+05:00 DEBUG 13448 --- [HikariPool-1 housekeeper] com.zaxxer.hikari.pool.HikariPool        : HikariPool-1 - Fill pool skipped, pool has sufficient level or currently being filled (queueDepth=0).
2026-08-25T17:08:38.277+05:00 DEBUG 13448 --- [HikariPool-1 housekeeper] com.zaxxer.hikari.pool.HikariPool        : HikariPool-1 - Pool stats (total=10, active=0, idle=10, waiting=0)
2026-08-25T17:08:38.278+05:00 DEBUG 13448 --- [HikariPool-1 housekeeper] com.zaxxer.hikari.pool.HikariPool        : HikariPool-1 - Fill pool skipped, pool has sufficient level or currently being filled (queueDepth=0).
2026-08-25T17:09:08.278+05:00 DEBUG 13448 --- [HikariPool-1 housekeeper] com.zaxxer.hikari.pool.HikariPool        : HikariPool-1 - Pool stats (total=10, active=0, idle=10, waiting=0)
2026-08-25T17:09:08.278+05:00 DEBUG 13448 --- [HikariPool-1 housekeeper] com.zaxxer.hikari.pool.HikariPool        : HikariPool-1 - Fill pool skipped, pool has sufficient level or currently being filled (queueDepth=0).
2026-08-25T17:09:38.283+05:00 DEBUG 13448 --- [HikariPool-1 housekeeper] com.zaxxer.hikari.pool.HikariPool        : HikariPool-1 - Pool stats (total=10, active=0, idle=10, waiting=0)
2026-08-25T17:09:38.283+05:00 DEBUG 13448 --- [HikariPool-1 housekeeper] com.zaxxer.hikari.pool.HikariPool        : HikariPool-1 - Fill pool skipped, pool has sufficient level or currently being filled (queueDepth=0).
2026-08-25T17:10:08.290+05:00 DEBUG 13448 --- [HikariPool-1 housekeeper] com.zaxxer.hikari.pool.HikariPool        : HikariPool-1 - Pool stats (total=10, active=0, idle=10, waiting=0)
2026-08-25T17:10:08.290+05:00 DEBUG 13448 --- [HikariPool-1 housekeeper] com.zaxxer.hikari.pool.HikariPool        : HikariPool-1 - Fill pool skipped, pool has sufficient level or currently being filled (queueDepth=0).
2026-08-25T17:10:38.298+05:00 DEBUG 13448 --- [HikariPool-1 housekeeper] com.zaxxer.hikari.pool.HikariPool        : HikariPool-1 - Pool stats (total=10, active=0, idle=10, waiting=0)
2026-08-25T17:10:38.298+05:00 DEBUG 13448 --- [HikariPool-1 housekeeper] com.zaxxer.hikari.pool.HikariPool        : HikariPool-1 - Fill pool skipped, pool has sufficient level or currently being filled (queueDepth=0).
2026-08-25T17:11:08.301+05:00 DEBUG 13448 --- [HikariPool-1 housekeeper] com.zaxxer.hikari.pool.HikariPool        : HikariPool-1 - Pool stats (total=10, active=0, idle=10, waiting=0)
2026-08-25T17:11:08.301+05:00 DEBUG 13448 --- [HikariPool-1 housekeeper] com.zaxxer.hikari.pool.HikariPool        : HikariPool-1 - Fill pool skipped, pool has sufficient level or currently being filled (queueDepth=0).
2026-08-25T17:11:38.307+05:00 DEBUG 13448 --- [HikariPool-1 housekeeper] com.zaxxer.hikari.pool.HikariPool        : HikariPool-1 - Pool stats (total=10, active=0, idle=10, waiting=0)
2026-08-25T17:11:38.307+05:00 DEBUG 13448 --- [HikariPool-1 housekeeper] com.zaxxer.hikari.pool.HikariPool        : HikariPool-1 - Fill pool skipped, pool has sufficient level or currently being filled (queueDepth=0).
2026-08-25T17:12:08.322+05:00 DEBUG 13448 --- [HikariPool-1 housekeeper] com.zaxxer.hikari.pool.HikariPool        : HikariPool-1 - Pool stats (total=10, active=0, idle=10, waiting=0)
2026-08-25T17:12:08.322+05:00 DEBUG 13448 --- [HikariPool-1 housekeeper] com.zaxxer.hikari.pool.HikariPool        : HikariPool-1 - Fill pool skipped, pool has sufficient level or currently being filled (queueDepth=0).
2026-08-25T17:12:38.324+05:00 DEBUG 13448 --- [HikariPool-1 housekeeper] com.zaxxer.hikari.pool.HikariPool        : HikariPool-1 - Pool stats (total=10, active=0, idle=10, waiting=0)
2026-08-25T17:12:38.324+05:00 DEBUG 13448 --- [HikariPool-1 housekeeper] com.zaxxer.hikari.pool.HikariPool        : HikariPool-1 - Fill pool skipped, pool has sufficient level or currently being filled (queueDepth=0).
2026-08-25T17:13:08.334+05:00 DEBUG 13448 --- [HikariPool-1 housekeeper] com.zaxxer.hikari.pool.HikariPool        : HikariPool-1 - Pool stats (total=10, active=0, idle=10, waiting=0)
2026-08-25T17:13:08.334+05:00 DEBUG 13448 --- [HikariPool-1 housekeeper] com.zaxxer.hikari.pool.HikariPool        : HikariPool-1 - Fill pool skipped, pool has sufficient level or currently being filled (queueDepth=0).
2026-08-25T17:13:38.349+05:00 DEBUG 13448 --- [HikariPool-1 housekeeper] com.zaxxer.hikari.pool.HikariPool        : HikariPool-1 - Pool stats (total=10, active=0, idle=10, waiting=0)
2026-08-25T17:13:38.349+05:00 DEBUG 13448 --- [HikariPool-1 housekeeper] com.zaxxer.hikari.pool.HikariPool        : HikariPool-1 - Fill pool skipped, pool has sufficient level or currently being filled (queueDepth=0).
2026-08-25T17:14:08.351+05:00 DEBUG 13448 --- [HikariPool-1 housekeeper] com.zaxxer.hikari.pool.HikariPool        : HikariPool-1 - Pool stats (total=10, active=0, idle=10, waiting=0)
2026-08-25T17:14:08.352+05:00 DEBUG 13448 --- [HikariPool-1 housekeeper] com.zaxxer.hikari.pool.HikariPool        : HikariPool-1 - Fill pool skipped, pool has sufficient level or currently being filled (queueDepth=0).
2026-08-25T17:14:38.367+05:00 DEBUG 13448 --- [HikariPool-1 housekeeper] com.zaxxer.hikari.pool.HikariPool        : HikariPool-1 - Pool stats (total=10, active=0, idle=10, waiting=0)
2026-08-25T17:14:38.367+05:00 DEBUG 13448 --- [HikariPool-1 housekeeper] com.zaxxer.hikari.pool.HikariPool        : HikariPool-1 - Fill pool skipped, pool has sufficient level or currently being filled (queueDepth=0).
2026-08-25T17:15:08.382+05:00 DEBUG 13448 --- [HikariPool-1 housekeeper] com.zaxxer.hikari.pool.HikariPool        : HikariPool-1 - Pool stats (total=10, active=0, idle=10, waiting=0)
2026-08-25T17:15:08.382+05:00 DEBUG 13448 --- [HikariPool-1 housekeeper] com.zaxxer.hikari.pool.HikariPool        : HikariPool-1 - Fill pool skipped, pool has sufficient level or currently being filled (queueDepth=0).
2026-08-25T17:15:38.394+05:00 DEBUG 13448 --- [HikariPool-1 housekeeper] com.zaxxer.hikari.pool.HikariPool        : HikariPool-1 - Pool stats (total=10, active=0, idle=10, waiting=0)
2026-08-25T17:15:38.395+05:00 DEBUG 13448 --- [HikariPool-1 housekeeper] com.zaxxer.hikari.pool.HikariPool        : HikariPool-1 - Fill pool skipped, pool has sufficient level or currently being filled (queueDepth=0).
2026-08-25T17:16:08.402+05:00 DEBUG 13448 --- [HikariPool-1 housekeeper] com.zaxxer.hikari.pool.HikariPool        : HikariPool-1 - Pool stats (total=10, active=0, idle=10, waiting=0)
2026-08-25T17:16:08.402+05:00 DEBUG 13448 --- [HikariPool-1 housekeeper] com.zaxxer.hikari.pool.HikariPool        : HikariPool-1 - Fill pool skipped, pool has sufficient level or currently being filled (queueDepth=0).
2026-08-25T17:16:38.407+05:00 DEBUG 13448 --- [HikariPool-1 housekeeper] com.zaxxer.hikari.pool.HikariPool        : HikariPool-1 - Pool stats (total=10, active=0, idle=10, waiting=0)
2026-08-25T17:16:38.407+05:00 DEBUG 13448 --- [HikariPool-1 housekeeper] com.zaxxer.hikari.pool.HikariPool        : HikariPool-1 - Fill pool skipped, pool has sufficient level or currently being filled (queueDepth=0).
2026-08-25T17:17:08.416+05:00 DEBUG 13448 --- [HikariPool-1 housekeeper] com.zaxxer.hikari.pool.HikariPool        : HikariPool-1 - Pool stats (total=10, active=0, idle=10, waiting=0)
2026-08-25T17:17:08.416+05:00 DEBUG 13448 --- [HikariPool-1 housekeeper] com.zaxxer.hikari.pool.HikariPool        : HikariPool-1 - Fill pool skipped, pool has sufficient level or currently being filled (queueDepth=0).
2026-08-25T17:17:38.424+05:00 DEBUG 13448 --- [HikariPool-1 housekeeper] com.zaxxer.hikari.pool.HikariPool        : HikariPool-1 - Pool stats (total=10, active=0, idle=10, waiting=0)
2026-08-25T17:17:38.425+05:00 DEBUG 13448 --- [HikariPool-1 housekeeper] com.zaxxer.hikari.pool.HikariPool        : HikariPool-1 - Fill pool skipped, pool has sufficient level or currently being filled (queueDepth=0).
2026-08-25T17:18:08.429+05:00 DEBUG 13448 --- [HikariPool-1 housekeeper] com.zaxxer.hikari.pool.HikariPool        : HikariPool-1 - Pool stats (total=10, active=0, idle=10, waiting=0)
2026-08-25T17:18:08.429+05:00 DEBUG 13448 --- [HikariPool-1 housekeeper] com.zaxxer.hikari.pool.HikariPool        : HikariPool-1 - Fill pool skipped, pool has sufficient level or currently being filled (queueDepth=0).
2026-08-25T17:18:38.439+05:00 DEBUG 13448 --- [HikariPool-1 housekeeper] com.zaxxer.hikari.pool.HikariPool        : HikariPool-1 - Pool stats (total=10, active=0, idle=10, waiting=0)
2026-08-25T17:18:38.439+05:00 DEBUG 13448 --- [HikariPool-1 housekeeper] com.zaxxer.hikari.pool.HikariPool        : HikariPool-1 - Fill pool skipped, pool has sufficient level or currently being filled (queueDepth=0).
2026-08-25T17:19:08.447+05:00 DEBUG 13448 --- [HikariPool-1 housekeeper] com.zaxxer.hikari.pool.HikariPool        : HikariPool-1 - Pool stats (total=10, active=0, idle=10, waiting=0)
2026-08-25T17:19:08.447+05:00 DEBUG 13448 --- [HikariPool-1 housekeeper] com.zaxxer.hikari.pool.HikariPool        : HikariPool-1 - Fill pool skipped, pool has sufficient level or currently being filled (queueDepth=0).
2026-08-25T17:19:38.461+05:00 DEBUG 13448 --- [HikariPool-1 housekeeper] com.zaxxer.hikari.pool.HikariPool        : HikariPool-1 - Pool stats (total=10, active=0, idle=10, waiting=0)
2026-08-25T17:19:38.461+05:00 DEBUG 13448 --- [HikariPool-1 housekeeper] com.zaxxer.hikari.pool.HikariPool        : HikariPool-1 - Fill pool skipped, pool has sufficient level or currently being filled (queueDepth=0).
2026-08-25T17:20:08.472+05:00 DEBUG 13448 --- [HikariPool-1 housekeeper] com.zaxxer.hikari.pool.HikariPool        : HikariPool-1 - Pool stats (total=10, active=0, idle=10, waiting=0)
2026-08-25T17:20:08.472+05:00 DEBUG 13448 --- [HikariPool-1 housekeeper] com.zaxxer.hikari.pool.HikariPool        : HikariPool-1 - Fill pool skipped, pool has sufficient level or currently being filled (queueDepth=0).
2026-08-25T17:20:38.481+05:00 DEBUG 13448 --- [HikariPool-1 housekeeper] com.zaxxer.hikari.pool.HikariPool        : HikariPool-1 - Pool stats (total=10, active=0, idle=10, waiting=0)
2026-08-25T17:20:38.482+05:00 DEBUG 13448 --- [HikariPool-1 housekeeper] com.zaxxer.hikari.pool.HikariPool        : HikariPool-1 - Fill pool skipped, pool has sufficient level or currently being filled (queueDepth=0).
2026-08-25T17:21:04.675+05:00 DEBUG 13448 --- [HikariPool-1 connection closer] com.zaxxer.hikari.pool.PoolBase          : HikariPool-1 - Closing connection com.mysql.cj.jdbc.ConnectionImpl@33d795c: (connection has passed maxLifetime)
2026-08-25T17:21:04.683+05:00 DEBUG 13448 --- [HikariPool-1 connection adder] com.zaxxer.hikari.pool.HikariPool        : HikariPool-1 - Added connection com.mysql.cj.jdbc.ConnectionImpl@5eadba52
2026-08-25T17:21:08.484+05:00 DEBUG 13448 --- [HikariPool-1 housekeeper] com.zaxxer.hikari.pool.HikariPool        : HikariPool-1 - Pool stats (total=10, active=0, idle=10, waiting=0)
2026-08-25T17:21:08.484+05:00 DEBUG 13448 --- [HikariPool-1 housekeeper] com.zaxxer.hikari.pool.HikariPool        : HikariPool-1 - Fill pool skipped, pool has sufficient level or currently being filled (queueDepth=0).
2026-08-25T17:21:09.389+05:00 DEBUG 13448 --- [HikariPool-1 connection closer] com.zaxxer.hikari.pool.PoolBase          : HikariPool-1 - Closing connection com.mysql.cj.jdbc.ConnectionImpl@47087ec4: (connection has passed maxLifetime)
2026-08-25T17:21:09.395+05:00 DEBUG 13448 --- [HikariPool-1 connection adder] com.zaxxer.hikari.pool.HikariPool        : HikariPool-1 - Added connection com.mysql.cj.jdbc.ConnectionImpl@1f90b069
2026-08-25T17:21:38.487+05:00 DEBUG 13448 --- [HikariPool-1 housekeeper] com.zaxxer.hikari.pool.HikariPool        : HikariPool-1 - Pool stats (total=10, active=0, idle=10, waiting=0)
2026-08-25T17:21:38.487+05:00 DEBUG 13448 --- [HikariPool-1 housekeeper] com.zaxxer.hikari.pool.HikariPool        : HikariPool-1 - Fill pool skipped, pool has sufficient level or currently being filled (queueDepth=0).
2026-08-25T17:22:06.838+05:00 DEBUG 13448 --- [HikariPool-1 connection closer] com.zaxxer.hikari.pool.PoolBase          : HikariPool-1 - Closing connection com.mysql.cj.jdbc.ConnectionImpl@5d98287d: (connection has passed maxLifetime)
2026-08-25T17:22:06.847+05:00 DEBUG 13448 --- [HikariPool-1 connection adder] com.zaxxer.hikari.pool.HikariPool        : HikariPool-1 - Added connection com.mysql.cj.jdbc.ConnectionImpl@6b9e7fe6
2026-08-25T17:22:08.497+05:00 DEBUG 13448 --- [HikariPool-1 housekeeper] com.zaxxer.hikari.pool.HikariPool        : HikariPool-1 - Pool stats (total=10, active=0, idle=10, waiting=0)
2026-08-25T17:22:08.497+05:00 DEBUG 13448 --- [HikariPool-1 housekeeper] com.zaxxer.hikari.pool.HikariPool        : HikariPool-1 - Fill pool skipped, pool has sufficient level or currently being filled (queueDepth=0).
2026-08-25T17:22:10.995+05:00 DEBUG 13448 --- [HikariPool-1 connection closer] com.zaxxer.hikari.pool.PoolBase          : HikariPool-1 - Closing connection com.mysql.cj.jdbc.ConnectionImpl@73786207: (connection has passed maxLifetime)
2026-08-25T17:22:10.997+05:00 DEBUG 13448 --- [HikariPool-1 connection adder] com.zaxxer.hikari.pool.HikariPool        : HikariPool-1 - Added connection com.mysql.cj.jdbc.ConnectionImpl@2aa375dd
2026-08-25T17:22:19.061+05:00 DEBUG 13448 --- [HikariPool-1 connection closer] com.zaxxer.hikari.pool.PoolBase          : HikariPool-1 - Closing connection com.mysql.cj.jdbc.ConnectionImpl@1ca52246: (connection has passed maxLifetime)
2026-08-25T17:22:19.065+05:00 DEBUG 13448 --- [HikariPool-1 connection adder] com.zaxxer.hikari.pool.HikariPool        : HikariPool-1 - Added connection com.mysql.cj.jdbc.ConnectionImpl@623a5e69
2026-08-25T17:22:23.931+05:00 DEBUG 13448 --- [HikariPool-1 connection closer] com.zaxxer.hikari.pool.PoolBase          : HikariPool-1 - Closing connection com.mysql.cj.jdbc.ConnectionImpl@43492fcf: (connection has passed maxLifetime)
2026-08-25T17:22:23.933+05:00 DEBUG 13448 --- [HikariPool-1 connection adder] com.zaxxer.hikari.pool.HikariPool        : HikariPool-1 - Added connection com.mysql.cj.jdbc.ConnectionImpl@23075452
2026-08-25T17:22:33.093+05:00 DEBUG 13448 --- [HikariPool-1 connection closer] com.zaxxer.hikari.pool.PoolBase          : HikariPool-1 - Closing connection com.mysql.cj.jdbc.ConnectionImpl@27425f4: (connection has passed maxLifetime)
2026-08-25T17:22:33.096+05:00 DEBUG 13448 --- [HikariPool-1 connection adder] com.zaxxer.hikari.pool.HikariPool        : HikariPool-1 - Added connection com.mysql.cj.jdbc.ConnectionImpl@7053daaa
2026-08-25T17:22:38.503+05:00 DEBUG 13448 --- [HikariPool-1 housekeeper] com.zaxxer.hikari.pool.HikariPool        : HikariPool-1 - Pool stats (total=10, active=0, idle=10, waiting=0)
2026-08-25T17:22:38.503+05:00 DEBUG 13448 --- [HikariPool-1 housekeeper] com.zaxxer.hikari.pool.HikariPool        : HikariPool-1 - Fill pool skipped, pool has sufficient level or currently being filled (queueDepth=0).
2026-08-25T17:22:53.685+05:00 DEBUG 13448 --- [HikariPool-1 connection closer] com.zaxxer.hikari.pool.PoolBase          : HikariPool-1 - Closing connection com.mysql.cj.jdbc.ConnectionImpl@3f4fbe5: (connection has passed maxLifetime)
2026-08-25T17:22:53.690+05:00 DEBUG 13448 --- [HikariPool-1 connection adder] com.zaxxer.hikari.pool.HikariPool        : HikariPool-1 - Added connection com.mysql.cj.jdbc.ConnectionImpl@632667f2
2026-08-25T17:23:08.508+05:00 DEBUG 13448 --- [HikariPool-1 housekeeper] com.zaxxer.hikari.pool.HikariPool        : HikariPool-1 - Pool stats (total=10, active=0, idle=10, waiting=0)
2026-08-25T17:23:08.508+05:00 DEBUG 13448 --- [HikariPool-1 housekeeper] com.zaxxer.hikari.pool.HikariPool        : HikariPool-1 - Fill pool skipped, pool has sufficient level or currently being filled (queueDepth=0).
2026-08-25T17:23:14.055+05:00 DEBUG 13448 --- [HikariPool-1 connection closer] com.zaxxer.hikari.pool.PoolBase          : HikariPool-1 - Closing connection com.mysql.cj.jdbc.ConnectionImpl@3bfcca24: (connection has passed maxLifetime)
2026-08-25T17:23:14.059+05:00 DEBUG 13448 --- [HikariPool-1 connection adder] com.zaxxer.hikari.pool.HikariPool        : HikariPool-1 - Added connection com.mysql.cj.jdbc.ConnectionImpl@19bc4c79
2026-08-25T17:23:18.155+05:00 DEBUG 13448 --- [HikariPool-1 connection closer] com.zaxxer.hikari.pool.PoolBase          : HikariPool-1 - Closing connection com.mysql.cj.jdbc.ConnectionImpl@7ac1c01f: (connection has passed maxLifetime)
2026-08-25T17:23:18.158+05:00 DEBUG 13448 --- [HikariPool-1 connection adder] com.zaxxer.hikari.pool.HikariPool        : HikariPool-1 - Added connection com.mysql.cj.jdbc.ConnectionImpl@58814642
2026-08-25T17:23:38.524+05:00 DEBUG 13448 --- [HikariPool-1 housekeeper] com.zaxxer.hikari.pool.HikariPool        : HikariPool-1 - Pool stats (total=10, active=0, idle=10, waiting=0)
2026-08-25T17:23:38.525+05:00 DEBUG 13448 --- [HikariPool-1 housekeeper] com.zaxxer.hikari.pool.HikariPool        : HikariPool-1 - Fill pool skipped, pool has sufficient level or currently being filled (queueDepth=0).
2026-08-25T17:24:08.534+05:00 DEBUG 13448 --- [HikariPool-1 housekeeper] com.zaxxer.hikari.pool.HikariPool        : HikariPool-1 - Pool stats (total=10, active=0, idle=10, waiting=0)
2026-08-25T17:24:08.535+05:00 DEBUG 13448 --- [HikariPool-1 housekeeper] com.zaxxer.hikari.pool.HikariPool        : HikariPool-1 - Fill pool skipped, pool has sufficient level or currently being filled (queueDepth=0).
2026-08-25T17:24:38.544+05:00 DEBUG 13448 --- [HikariPool-1 housekeeper] com.zaxxer.hikari.pool.HikariPool        : HikariPool-1 - Pool stats (total=10, active=0, idle=10, waiting=0)
2026-08-25T17:24:38.545+05:00 DEBUG 13448 --- [HikariPool-1 housekeeper] com.zaxxer.hikari.pool.HikariPool        : HikariPool-1 - Fill pool skipped, pool has sufficient level or currently being filled (queueDepth=0).
2026-08-25T17:25:08.555+05:00 DEBUG 13448 --- [HikariPool-1 housekeeper] com.zaxxer.hikari.pool.HikariPool        : HikariPool-1 - Pool stats (total=10, active=0, idle=10, waiting=0)
2026-08-25T17:25:08.555+05:00 DEBUG 13448 --- [HikariPool-1 housekeeper] com.zaxxer.hikari.pool.HikariPool        : HikariPool-1 - Fill pool skipped, pool has sufficient level or currently being filled (queueDepth=0).
2026-08-25T17:25:38.558+05:00 DEBUG 13448 --- [HikariPool-1 housekeeper] com.zaxxer.hikari.pool.HikariPool        : HikariPool-1 - Pool stats (total=10, active=0, idle=10, waiting=0)
2026-08-25T17:25:38.558+05:00 DEBUG 13448 --- [HikariPool-1 housekeeper] com.zaxxer.hikari.pool.HikariPool        : HikariPool-1 - Fill pool skipped, pool has sufficient level or currently being filled (queueDepth=0).
2026-08-25T17:26:08.561+05:00 DEBUG 13448 --- [HikariPool-1 housekeeper] com.zaxxer.hikari.pool.HikariPool        : HikariPool-1 - Pool stats (total=10, active=0, idle=10, waiting=0)
2026-08-25T17:26:08.562+05:00 DEBUG 13448 --- [HikariPool-1 housekeeper] com.zaxxer.hikari.pool.HikariPool        : HikariPool-1 - Fill pool skipped, pool has sufficient level or currently being filled (queueDepth=0).
2026-08-25T17:26:38.569+05:00 DEBUG 13448 --- [HikariPool-1 housekeeper] com.zaxxer.hikari.pool.HikariPool        : HikariPool-1 - Pool stats (total=10, active=0, idle=10, waiting=0)
2026-08-25T17:26:38.569+05:00 DEBUG 13448 --- [HikariPool-1 housekeeper] com.zaxxer.hikari.pool.HikariPool        : HikariPool-1 - Fill pool skipped, pool has sufficient level or currently being filled (queueDepth=0).
2026-08-25T17:26:43.265+05:00  INFO 13448 --- [SpringApplicationShutdownHook] j.LocalContainerEntityManagerFactoryBean : Closing JPA EntityManagerFactory for persistence unit 'default'
2026-08-25T17:26:43.317+05:00  INFO 13448 --- [SpringApplicationShutdownHook] com.zaxxer.hikari.HikariDataSource       : HikariPool-1 - Shutdown initiated...
2026-08-25T17:26:43.318+05:00 DEBUG 13448 --- [SpringApplicationShutdownHook] com.zaxxer.hikari.pool.HikariPool        : HikariPool-1 - Before shutdown stats (total=10, active=0, idle=10, waiting=0)
2026-08-25T17:26:43.326+05:00 DEBUG 13448 --- [HikariPool-1 connection closer] com.zaxxer.hikari.pool.PoolBase          : HikariPool-1 - Closing connection com.mysql.cj.jdbc.ConnectionImpl@5eadba52: (connection evicted)
2026-08-25T17:26:43.326+05:00 DEBUG 13448 --- [HikariPool-1 connection closer] com.zaxxer.hikari.pool.PoolBase          : HikariPool-1 - Closing connection com.mysql.cj.jdbc.ConnectionImpl@1f90b069: (connection evicted)
2026-08-25T17:26:43.327+05:00 DEBUG 13448 --- [HikariPool-1 connection closer] com.zaxxer.hikari.pool.PoolBase          : HikariPool-1 - Closing connection com.mysql.cj.jdbc.ConnectionImpl@6b9e7fe6: (connection evicted)
2026-08-25T17:26:43.327+05:00 DEBUG 13448 --- [HikariPool-1 connection closer] com.zaxxer.hikari.pool.PoolBase          : HikariPool-1 - Closing connection com.mysql.cj.jdbc.ConnectionImpl@2aa375dd: (connection evicted)
2026-08-25T17:26:43.327+05:00 DEBUG 13448 --- [HikariPool-1 connection closer] com.zaxxer.hikari.pool.PoolBase          : HikariPool-1 - Closing connection com.mysql.cj.jdbc.ConnectionImpl@623a5e69: (connection evicted)
2026-08-25T17:26:43.327+05:00 DEBUG 13448 --- [HikariPool-1 connection closer] com.zaxxer.hikari.pool.PoolBase          : HikariPool-1 - Closing connection com.mysql.cj.jdbc.ConnectionImpl@23075452: (connection evicted)
2026-08-25T17:26:43.328+05:00 DEBUG 13448 --- [HikariPool-1 connection closer] com.zaxxer.hikari.pool.PoolBase          : HikariPool-1 - Closing connection com.mysql.cj.jdbc.ConnectionImpl@7053daaa: (connection evicted)
2026-08-25T17:26:43.328+05:00 DEBUG 13448 --- [HikariPool-1 connection closer] com.zaxxer.hikari.pool.PoolBase          : HikariPool-1 - Closing connection com.mysql.cj.jdbc.ConnectionImpl@632667f2: (connection evicted)
2026-08-25T17:26:43.328+05:00 DEBUG 13448 --- [HikariPool-1 connection closer] com.zaxxer.hikari.pool.PoolBase          : HikariPool-1 - Closing connection com.mysql.cj.jdbc.ConnectionImpl@19bc4c79: (connection evicted)
2026-08-25T17:26:43.328+05:00 DEBUG 13448 --- [HikariPool-1 connection closer] com.zaxxer.hikari.pool.PoolBase          : HikariPool-1 - Closing connection com.mysql.cj.jdbc.ConnectionImpl@58814642: (connection evicted)
2026-08-25T17:26:43.333+05:00 DEBUG 13448 --- [SpringApplicationShutdownHook] com.zaxxer.hikari.pool.HikariPool        : HikariPool-1 - After shutdown stats (total=0, active=0, idle=0, waiting=0)
2026-08-25T17:26:43.333+05:00  INFO 13448 --- [SpringApplicationShutdownHook] com.zaxxer.hikari.HikariDataSource       : HikariPool-1 - Shutdown completed.
